{
"type": "FeatureCollection",
"name": "mexico_estados_conabio2023",
"crs": { "type": "name", "properties": { "name": "urn:ogc:def:crs:OGC:1.3:CRS84" } },
"features": [
{ "type": "Feature", "properties": { "name": "Aguascalientes" }, "geometry": { "type": "Polygon", "coordinates": [ [ [ -102.065834689608451, 21.793621369288196 ], [ -102.094570510279098, 21.777701649729067 ], [ -102.086180660224244, 21.767263888996162 ], [ -102.142099720436434, 21.705374289273571 ], [ -102.171432779998966, 21.707000979484079 ], [ -102.177885919812368, 21.688155309385703 ], [ -102.214266750160476, 21.694818859123448 ], [ -102.237617510423178, 21.652001369593528 ], [ -102.303990309636959, 21.666684719327645 ], [ -102.295370780055336, 21.653098719802262 ], [ -102.325722059775188, 21.622266479369248 ], [ -102.461066399729717, 21.67925908923258 ], [ -102.456863769700064, 21.698087539496104 ], [ -102.633493830456473, 21.767339459378114 ], [ -102.668926349785906, 21.764051449646939 ], [ -102.690668569947604, 21.752437199413151 ], [ -102.696263289676509, 21.728768019734794 ], [ -102.715605199924056, 21.73409127970757 ], [ -102.737323399670359, 21.715608969251953 ], [ -102.816916259560315, 21.766475368994037 ], [ -102.831262150098183, 21.797248579608084 ], [ -102.853345060011563, 21.799053148969385 ], [ -102.847314750283047, 21.83340921896863 ], [ -102.874176579655327, 21.852770998948309 ], [ -102.755805709546905, 22.073662078942167 ], [ -102.6908652300325, 22.106555029374448 ], [ -102.669310080160045, 22.194023579303309 ], [ -102.651595980395754, 22.19314022917284 ], [ -102.639298939736989, 22.226039179499818 ], [ -102.670017049684589, 22.245702429174539 ], [ -102.668742849645383, 22.291871049050282 ], [ -102.527039339592946, 22.290899029687367 ], [ -102.470201630007665, 22.309210198947977 ], [ -102.468641949622352, 22.351881479056743 ], [ -102.378442819159616, 22.360878579892475 ], [ -102.362877079474544, 22.388747280372115 ], [ -102.321364720163743, 22.388532649485963 ], [ -102.311804800071172, 22.456915819048341 ], [ -102.29830685001501, 22.459589679648889 ], [ -102.290076399527777, 22.419917949080414 ], [ -102.2502993702157, 22.387221709705241 ], [ -102.253200709573463, 22.3744945090491 ], [ -102.149847479719782, 22.347175059429688 ], [ -102.153230479828451, 22.290410218960709 ], [ -102.105249860302067, 22.280792829116162 ], [ -102.075627049820142, 22.30607277923173 ], [ -102.051213579582608, 22.291213029780689 ], [ -102.037269649895038, 22.298975679399863 ], [ -102.022494578578431, 22.241585489964063 ], [ -101.999716080136054, 22.233656028900366 ], [ -102.000993079911936, 22.168110549299485 ], [ -102.045221309642997, 22.153733229768847 ], [ -102.017075489952447, 22.153961278973419 ], [ -102.025915180378547, 22.129770999302412 ], [ -101.854159829757762, 22.044344680215566 ], [ -101.863798709757518, 21.990015660272483 ], [ -101.891252510080008, 21.976592049990447 ], [ -101.894734050057082, 21.989656420093773 ], [ -101.912598490392, 21.99748574015085 ], [ -101.885799879630071, 21.932611629283958 ], [ -101.872671309758474, 21.946514379137991 ], [ -101.835289450322918, 21.941770579528999 ], [ -101.838003369530526, 21.907344369069492 ], [ -101.880212620445675, 21.910149779321515 ], [ -102.019954019615128, 21.862536109080263 ], [ -102.038417510217187, 21.853198046579099 ], [ -102.065834689608451, 21.793621369288196 ] ] ] } },
{ "type": "Feature", "properties": { "name": "Baja California Sur" }, "geometry": { "type": "MultiPolygon", "coordinates": [ [ [ [ -112.163338474570352, 25.099820787193885 ], [ -112.163167345036712, 25.057668233856738 ], [ -112.179250870983154, 25.040096534678607 ], [ -112.153709475280792, 24.971232370027238 ], [ -112.178965323422617, 24.968721141997005 ], [ -112.189704881178329, 24.958653091337133 ], [ -112.185199662286294, 24.931186667663027 ], [ -112.166518034849034, 24.911717248845996 ], [ -112.176601597777989, 24.887194236984932 ], [ -112.193815552366644, 24.908925644251546 ], [ -112.180247346314246, 24.90578385297837 ], [ -112.177594840074818, 24.921394869952216 ], [ -112.196534054807188, 24.917005692109093 ], [ -112.191416259084747, 24.888536410682153 ], [ -112.178224528205604, 24.870183627653216 ], [ -112.206567835808855, 24.869201320331669 ], [ -112.232102029226454, 24.842985088127143 ], [ -112.21490649527091, 24.84417189111387 ], [ -112.218687385417894, 24.820741606599967 ], [ -112.172200794987603, 24.79373538722615 ], [ -112.171537669014469, 24.765845983567186 ], [ -112.134725897785572, 24.735849788690729 ], [ -112.115981485056423, 24.689074888349175 ], [ -112.143779052927755, 24.650194903045858 ], [ -112.139078526520478, 24.634707823035445 ], [ -112.072125297105771, 24.585499216479537 ], [ -112.057339096166402, 24.53958090859366 ], [ -112.101942074225434, 24.558515257345334 ], [ -112.11486041647035, 24.599928267269298 ], [ -112.174574713110786, 24.652615331893671 ], [ -112.136873938134485, 24.687303708895321 ], [ -112.153339808327715, 24.744815280809128 ], [ -112.226187006048832, 24.788680645454377 ], [ -112.262454751001655, 24.786540320288314 ], [ -112.258049475842469, 24.755951556612878 ], [ -112.260033946886523, 24.749964832675833 ], [ -112.304960550386241, 24.793996758682503 ], [ -112.216795570770913, 24.988223237331926 ], [ -112.127441676736851, 25.264737085237325 ], [ -112.122780806156698, 25.214973509972687 ], [ -112.163338474570352, 25.099820787193885 ] ] ], [ [ [ -115.766062867184004, 24.958785821596926 ], [ -115.765611447058305, 24.958515953808355 ], [ -115.765953437430895, 24.95827759811122 ], [ -115.766062867184004, 24.958785821596926 ] ] ], [ [ [ -115.764723216699196, 24.959031573858201 ], [ -115.764304251371271, 24.958978900690685 ], [ -115.764407142859824, 24.958825721982393 ], [ -115.764723216699196, 24.959031573858201 ] ] ], [ [ [ -115.764906920134294, 24.961143255375504 ], [ -115.764835819307407, 24.960920959171435 ], [ -115.765001454397179, 24.960998681834294 ], [ -115.764906920134294, 24.961143255375504 ] ] ], [ [ [ -112.097699728315177, 25.488465680243085 ], [ -112.104109990544117, 25.327786630598634 ], [ -112.120363969610395, 25.285511762175634 ], [ -112.133736541238633, 25.286415957874492 ], [ -112.097699728315177, 25.488465680243085 ] ] ], [ [ [ -112.11962746775896, 25.49482687589876 ], [ -112.120118427256145, 25.495226215484784 ], [ -112.119550663111724, 25.495398203469716 ], [ -112.11962746775896, 25.49482687589876 ] ] ], [ [ [ -112.120401268078524, 25.495639854760171 ], [ -112.120326538134478, 25.496434500958856 ], [ -112.120128540945487, 25.49574119748047 ], [ -112.120401268078524, 25.495639854760171 ] ] ], [ [ [ -112.091862365734045, 25.686543661585468 ], [ -112.094655281862458, 25.683625744062574 ], [ -112.092506411428317, 25.674622332522151 ], [ -112.096211243557562, 25.665816231476381 ], [ -112.090949015050029, 25.658947844947594 ], [ -112.095498204817545, 25.634770381243872 ], [ -112.088904968895321, 25.608470437227588 ], [ -112.095983020949063, 25.49357343469433 ], [ -112.102870249636538, 25.516327599455966 ], [ -112.098129294588446, 25.680465819102217 ], [ -112.091862365734045, 25.686543661585468 ] ] ], [ [ [ -112.087855889622858, 25.671465478996883 ], [ -112.080885079597877, 25.669891709659662 ], [ -112.087978120163996, 25.662263679416867 ], [ -112.083510860365109, 25.648785739492254 ], [ -112.08909266001973, 25.643541819520767 ], [ -112.087855889622858, 25.671465478996883 ] ] ], [ [ [ -113.227820342588743, 26.73201429333368 ], [ -113.195924796177394, 26.718901242365511 ], [ -113.175770761606174, 26.718829858507423 ], [ -113.135075232131143, 26.658771791093823 ], [ -113.26148409813031, 26.708859445064064 ], [ -113.227820342588743, 26.73201429333368 ] ] ], [ [ [ -113.234392829911016, 26.771571579589182 ], [ -113.195547220352665, 26.749729259131843 ], [ -113.192504859753015, 26.738803969554819 ], [ -113.215065599608664, 26.738626289149924 ], [ -113.234392829911016, 26.771571579589182 ] ] ], [ [ [ -113.161901430035826, 26.911789169324653 ], [ -113.149744890128119, 26.894801028802906 ], [ -113.155269689652968, 26.891107719054386 ], [ -113.161901430035826, 26.911789169324653 ] ] ], [ [ [ -113.167831619583737, 26.927852369644786 ], [ -113.162097280194857, 26.925961849327813 ], [ -113.160001000297967, 26.919747969401673 ], [ -113.167831619583737, 26.927852369644786 ] ] ], [ [ [ -114.295315015101522, 27.101498615946831 ], [ -114.289008459684339, 27.101308342129435 ], [ -114.290956302956332, 27.098269119643707 ], [ -114.295315015101522, 27.101498615946831 ] ] ], [ [ [ -114.294180398915302, 27.112897525338383 ], [ -114.293060212680246, 27.112525495126796 ], [ -114.293579712475889, 27.112225801968233 ], [ -114.294180398915302, 27.112897525338383 ] ] ], [ [ [ -114.375556192065147, 27.150733825352013 ], [ -114.372457703007754, 27.145182856845999 ], [ -114.384753144633052, 27.145954343550201 ], [ -114.375556192065147, 27.150733825352013 ] ] ], [ [ [ -112.087711576221878, 27.258394859712112 ], [ -112.046623511494573, 27.224561910254952 ], [ -112.059381460545623, 27.179652540842138 ], [ -112.08483112437608, 27.185746623281307 ], [ -112.108432490465134, 27.238582438121451 ], [ -112.087711576221878, 27.258394859712112 ] ] ], [ [ [ -114.2054404467399, 28.000000024874787 ], [ -112.764778196468043, 28.000000000417337 ], [ -112.756315747251676, 27.967544651911346 ], [ -112.771599620095074, 27.863154724499889 ], [ -112.719693106226984, 27.82547755062139 ], [ -112.701158403182902, 27.751408122915887 ], [ -112.661118049201221, 27.7094404522113 ], [ -112.638067020362797, 27.706115076449663 ], [ -112.642335393651024, 27.702839550013927 ], [ -112.643199139415444, 27.69532283320051 ], [ -112.637159851006075, 27.704848012804128 ], [ -112.595379926185814, 27.650484011369731 ], [ -112.487473484056721, 27.621089298248844 ], [ -112.360277651410527, 27.552593070455941 ], [ -112.330108715483163, 27.517611502290301 ], [ -112.302218058437802, 27.383912997886441 ], [ -112.241317125544867, 27.32579736785474 ], [ -112.19499071156217, 27.249965827817 ], [ -112.193441683219788, 27.24425155188008 ], [ -112.19359515814962, 27.234439845258816 ], [ -112.195693843218137, 27.228183052501805 ], [ -112.199302296404241, 27.224474662030026 ], [ -112.202393929326036, 27.211427840006895 ], [ -112.204452163466641, 27.207056294084907 ], [ -112.193697593765876, 27.24358756412812 ], [ -112.196117505786759, 27.250643855800231 ], [ -112.207183747625393, 27.24930929570213 ], [ -112.198052008463947, 27.241460325892817 ], [ -112.216379175265729, 27.224035255106276 ], [ -112.212922449354053, 27.204343114075414 ], [ -112.097520206447641, 27.133119217487533 ], [ -111.952223547178676, 27.094938608052793 ], [ -111.945953686810853, 27.069861370588871 ], [ -111.973599453658707, 27.068131754550173 ], [ -112.006454535871285, 27.033047236298476 ], [ -112.014877448490111, 26.974695677130835 ], [ -111.955867293300884, 26.914166000202325 ], [ -111.952489440587414, 26.901240467612691 ], [ -111.973696908572933, 26.8975067082376 ], [ -111.982522330208752, 26.888659872287505 ], [ -111.953494492190657, 26.89917788299762 ], [ -111.872485735396452, 26.831740977585639 ], [ -111.861671660036691, 26.784156237984664 ], [ -111.876505814097968, 26.755827851063142 ], [ -111.891331793976477, 26.763285961395699 ], [ -111.909129691786916, 26.719960061958869 ], [ -111.863004639474909, 26.693348781044808 ], [ -111.846139216066419, 26.643980190050655 ], [ -111.806411693451665, 26.626205651423064 ], [ -111.782601615960516, 26.567876734052266 ], [ -111.711196935287418, 26.55240501509763 ], [ -111.677104184216148, 26.588433673361681 ], [ -111.814448309360401, 26.715776676021168 ], [ -111.823997419374791, 26.82021695878575 ], [ -111.851082554483654, 26.879427078999878 ], [ -111.821950641588472, 26.896276120666236 ], [ -111.801682827126299, 26.889152286568699 ], [ -111.721589781236347, 26.807001282050102 ], [ -111.66599091450847, 26.781253092864301 ], [ -111.646992109334292, 26.745047215196262 ], [ -111.561195814874537, 26.697033033143928 ], [ -111.567394230025656, 26.562703899939837 ], [ -111.502994518884151, 26.530569109880211 ], [ -111.46039324415483, 26.537716773353846 ], [ -111.442140040905628, 26.518270914103457 ], [ -111.471957392895717, 26.459496496810026 ], [ -111.468939936652419, 26.412312871216479 ], [ -111.424786482270051, 26.38099014661055 ], [ -111.434024442501155, 26.36246158125833 ], [ -111.387067003243786, 26.323525029940054 ], [ -111.383042935783934, 26.280643686383858 ], [ -111.397875803419254, 26.256324688421351 ], [ -111.379046294723878, 26.188347566406225 ], [ -111.344747057723637, 26.111673323710434 ], [ -111.323828265040703, 26.100279274382839 ], [ -111.3189590031878, 26.069214024517176 ], [ -111.345661603639755, 26.027911536914992 ], [ -111.338204274522198, 25.988107600920962 ], [ -111.358648190325354, 25.95996676663075 ], [ -111.336756060578921, 25.907524770542096 ], [ -111.332950832910001, 25.835810951664794 ], [ -111.315999936249185, 25.837144217230602 ], [ -111.30262151767991, 25.824879411457481 ], [ -111.299726984950695, 25.817815017307858 ], [ -111.292008013699387, 25.812784836342637 ], [ -111.302040891986792, 25.808035145249946 ], [ -111.305709426246906, 25.825960219216615 ], [ -111.317344157307929, 25.829991025843164 ], [ -111.306206613858279, 25.773470936604259 ], [ -111.243089983344049, 25.721415467270194 ], [ -111.223904388637891, 25.725334558108621 ], [ -111.193401817382608, 25.613466453943015 ], [ -111.121851143887298, 25.528601613656829 ], [ -111.016536658743902, 25.514600910234876 ], [ -111.02481396339563, 25.443897256873633 ], [ -110.979669742595803, 25.341469625054568 ], [ -110.933116922115218, 25.291575616406025 ], [ -110.94617325200403, 25.257714513120792 ], [ -110.920688369755879, 25.203024049602693 ], [ -111.038822970054284, 25.218555428868921 ], [ -111.051701419723827, 25.337831228843932 ], [ -111.038822970054312, 25.218555428868921 ], [ -110.920688369755908, 25.203024049602693 ], [ -110.907535759694028, 25.145944150242201 ], [ -110.879350686952804, 25.126260415134848 ], [ -110.862976247892135, 25.08071122688505 ], [ -110.8290472025773, 25.063185382537881 ], [ -110.814086341863515, 25.033162533029603 ], [ -110.790003348788602, 25.035935054608419 ], [ -110.757127644875339, 25.014015460277765 ], [ -110.749679072848366, 24.965929435483311 ], [ -110.685209724351523, 24.883804409866947 ], [ -110.657067123623264, 24.806228429015817 ], [ -110.663490453316854, 24.771659303380066 ], [ -110.690117810538965, 24.707180074070418 ], [ -110.726618742521637, 24.674765271393262 ], [ -110.740538590248164, 24.614909335718348 ], [ -110.729261346333814, 24.514995449240118 ], [ -110.686805426600031, 24.461852032634511 ], [ -110.681029801724023, 24.357126528727051 ], [ -110.611452716129961, 24.255605169393121 ], [ -110.556973585892706, 24.210192380859766 ], [ -110.422367367587697, 24.177182257175584 ], [ -110.324435057974469, 24.17621976527996 ], [ -110.371043941163364, 24.149000516706678 ], [ -110.433410089676229, 24.171610511011195 ], [ -110.41364450968743, 24.107904225966408 ], [ -110.351203558863745, 24.114006353885557 ], [ -110.351986032155864, 24.142506359913771 ], [ -110.304702255562631, 24.175076720624595 ], [ -110.298359526991902, 24.215127403234888 ], [ -110.312472894165779, 24.22024210428318 ], [ -110.313475800934867, 24.25043254230021 ], [ -110.327495822547391, 24.244343740383705 ], [ -110.311102051374831, 24.261253498153678 ], [ -110.324212881357823, 24.25789250942637 ], [ -110.323014941077417, 24.271414035701259 ], [ -110.331777068089679, 24.277129024087898 ], [ -110.336470282719418, 24.258464045172325 ], [ -110.326972342096965, 24.301180575964658 ], [ -110.339906229273993, 24.315949296526906 ], [ -110.315503666681607, 24.3129209161783 ], [ -110.334341582211522, 24.328555799090427 ], [ -110.283513083416508, 24.353416051126786 ], [ -110.233363558216112, 24.343851057649637 ], [ -110.235712453073191, 24.318025585339569 ], [ -110.193321898526477, 24.293931000219089 ], [ -110.174274551869942, 24.252304185334157 ], [ -110.017721775214611, 24.170032743792873 ], [ -109.983770271971906, 24.043430972717424 ], [ -109.929784466023079, 24.029048320520875 ], [ -109.826628028542231, 24.060813654533437 ], [ -109.803987060616763, 24.021865432710225 ], [ -109.83546080607357, 23.98484444842866 ], [ -109.837502569575946, 23.932752689079511 ], [ -109.699256919621561, 23.798952983138232 ], [ -109.713231986140642, 23.737675293872215 ], [ -109.69735893223438, 23.663151367498124 ], [ -109.583218799273624, 23.612340931574444 ], [ -109.587245203919764, 23.600815952122311 ], [ -109.583400470821687, 23.598326655013985 ], [ -109.580469569933541, 23.602526166439638 ], [ -109.584872469003201, 23.607248414041766 ], [ -109.582853655470032, 23.611152515223505 ], [ -109.471048078842813, 23.557809104150955 ], [ -109.479498480031396, 23.519744320866739 ], [ -109.423117039226952, 23.445432546211563 ], [ -109.431911111320218, 23.413795828587975 ], [ -109.413109609361626, 23.387220250463805 ], [ -109.431691685143193, 23.376831087346584 ], [ -109.437925475509402, 23.236263555957713 ], [ -109.532447664209258, 23.111677494910321 ], [ -109.576380214805511, 23.084075392706108 ], [ -109.677121339596781, 23.063675601422528 ], [ -109.714344304955162, 23.029171138172316 ], [ -109.712884567737191, 23.005581332329115 ], [ -109.794768650267699, 22.964038755532282 ], [ -109.842901302371516, 22.902625434606438 ], [ -109.911453380736887, 22.885630997252431 ], [ -109.895626151128525, 22.875282470931349 ], [ -109.989878966905209, 22.884600127025514 ], [ -110.061357974289152, 22.94907400188151 ], [ -110.085630784570156, 22.99127789992168 ], [ -110.166353149850082, 23.312848919714405 ], [ -110.329319339446471, 23.560177774153388 ], [ -110.612530521863007, 23.70744479695103 ], [ -111.032767498484162, 24.100472266453973 ], [ -111.433789705839686, 24.321046399848552 ], [ -111.436549881223868, 24.325733937839345 ], [ -111.364493467957473, 24.291271986278996 ], [ -111.35863183866897, 24.288814097960081 ], [ -111.357037599831528, 24.288778405872822 ], [ -111.356234359324333, 24.289901415986645 ], [ -111.478072902937512, 24.349098659469565 ], [ -111.475525989511198, 24.362034888952348 ], [ -111.527081403867058, 24.410452858914756 ], [ -111.5833318620885, 24.414914348066358 ], [ -111.582225412592976, 24.433176711372788 ], [ -111.610705525530676, 24.440633954458978 ], [ -111.652653966012451, 24.552453570898212 ], [ -111.636880412150092, 24.548457136002035 ], [ -111.658072569076452, 24.570238921728915 ], [ -111.691969295776957, 24.585186892372292 ], [ -111.702644633170877, 24.537868733053823 ], [ -111.732423841142577, 24.541246556184852 ], [ -111.732502110218206, 24.560073863184943 ], [ -111.752908367235023, 24.541999478712587 ], [ -111.793530526096731, 24.545540114863584 ], [ -111.810567466379766, 24.568183066184808 ], [ -111.803800278487017, 24.538696786013343 ], [ -111.75821932444245, 24.515635050400466 ], [ -111.816567276813956, 24.506549792623854 ], [ -111.817043168566755, 24.576267998906673 ], [ -111.840718805664537, 24.636617079442324 ], [ -111.937024567160591, 24.73620621095473 ], [ -111.939924184713291, 24.747294408624242 ], [ -111.911379330547348, 24.724112601442773 ], [ -111.968212757358415, 24.7936761428221 ], [ -111.974294539491524, 24.756177607579016 ], [ -111.946911701974116, 24.752322880657871 ], [ -111.965061278239148, 24.737434117380459 ], [ -111.988676442539884, 24.748972119657129 ], [ -111.996964574241574, 24.739775038413988 ], [ -111.983926284268705, 24.737080656287386 ], [ -112.030059274021824, 24.735548283010985 ], [ -112.0188104055662, 24.744982487951887 ], [ -112.045285637238933, 24.787226209297675 ], [ -112.028172553724815, 24.801182938708994 ], [ -112.054019448680023, 24.829040477362202 ], [ -112.037654705935211, 24.834334778409389 ], [ -112.028041683008112, 24.82957585584931 ], [ -112.033109935310563, 24.821759327148168 ], [ -112.023895472382009, 24.815001658069942 ], [ -112.025632478719416, 24.837374540700136 ], [ -112.038494417153132, 24.846067425693438 ], [ -112.030017588366221, 24.835651334529242 ], [ -112.049433988868188, 24.839999798975992 ], [ -112.05696141418683, 24.829464735025361 ], [ -112.040412263092591, 24.80043531120387 ], [ -112.050332831007012, 24.81235890948652 ], [ -112.054467143702325, 24.80874212827872 ], [ -112.056376662288997, 24.812751520318471 ], [ -112.060356106373533, 24.812085579301591 ], [ -112.04415527398227, 24.798849718624272 ], [ -112.05145516430332, 24.784219728818297 ], [ -112.040595527542322, 24.752775580142597 ], [ -112.078324260544534, 24.729951790480264 ], [ -112.064957416392247, 24.762048506064151 ], [ -112.094600363369651, 24.796464743859033 ], [ -112.109340392945853, 24.800065781013732 ], [ -112.090577666996225, 24.778365659833344 ], [ -112.120138529560109, 24.783948899285541 ], [ -112.117138180555926, 24.804835391620394 ], [ -112.093798383835946, 24.801215387117391 ], [ -112.091080328060357, 24.833155724550011 ], [ -112.099665304302405, 24.850689835219534 ], [ -112.116188935280675, 24.848831017920812 ], [ -112.122546914571871, 24.876245383394263 ], [ -112.098654290042276, 24.901891830334755 ], [ -112.084246653783353, 24.892980749391658 ], [ -112.0792723914372, 24.907462149030042 ], [ -112.083037750245353, 24.903605616546752 ], [ -112.087770498519362, 24.90601065658754 ], [ -112.105007907642971, 24.899824057285485 ], [ -112.094694668896082, 24.919899789379031 ], [ -112.106059630406563, 24.915901480487811 ], [ -112.111441970871411, 24.935768195004883 ], [ -112.081291462654235, 24.923252589522289 ], [ -112.076330285825421, 24.933383144198075 ], [ -112.09845011376818, 24.940400411214064 ], [ -112.079398601216994, 24.938700050655662 ], [ -112.078181269902728, 24.950306702537343 ], [ -112.110436649232781, 24.941676397473806 ], [ -112.094494516873482, 24.961533262719129 ], [ -112.10077365404436, 25.009477042881379 ], [ -112.139273102008048, 24.948589184568174 ], [ -112.127201349146219, 24.922480623660427 ], [ -112.151570057196935, 24.866743291623138 ], [ -112.135405459179083, 24.861975309592129 ], [ -112.143357066775707, 24.803864700907358 ], [ -112.160038585154467, 24.832945098518287 ], [ -112.144021348629622, 24.849671731200651 ], [ -112.149419054555707, 24.86209391812314 ], [ -112.176353939544896, 24.820010881549425 ], [ -112.166663887659965, 24.812173779349404 ], [ -112.17597603043366, 24.8170532495153 ], [ -112.188867777645697, 24.851770226191931 ], [ -112.156756267524543, 24.868277647320074 ], [ -112.173156169073366, 24.867093770575572 ], [ -112.156991571283342, 24.922018871869493 ], [ -112.183573672102426, 24.959699436113574 ], [ -112.144841382629636, 24.965691833012713 ], [ -112.152428119543529, 24.977624043941233 ], [ -112.122259432184222, 25.038081731011967 ], [ -112.120184350291296, 25.072428453687575 ], [ -112.154385402491286, 25.064977792591385 ], [ -112.156972833773054, 25.094442884713224 ], [ -112.146564838382034, 25.111900169998133 ], [ -112.147292138034658, 25.103403211613781 ], [ -112.14407633164889, 25.101666297183687 ], [ -112.140525397488119, 25.107380780164405 ], [ -112.149664775969569, 25.135319842292475 ], [ -112.130330371801094, 25.182949657543794 ], [ -112.107906331291403, 25.18723268697207 ], [ -112.12480891562349, 25.191201744247905 ], [ -112.114450046565324, 25.210596615046288 ], [ -112.116296509381357, 25.225682397900844 ], [ -112.114288244390949, 25.231697674816555 ], [ -112.09381547952826, 25.221390171212786 ], [ -112.114550659434627, 25.240559955367306 ], [ -112.077188568167131, 25.242289030260064 ], [ -112.084183912749765, 25.299600608687214 ], [ -112.072946416278938, 25.300277487549284 ], [ -112.07014417220816, 25.352501794064072 ], [ -112.086950504796462, 25.354918145902708 ], [ -112.072967806782302, 25.367488837470471 ], [ -112.093453421892036, 25.371560661433488 ], [ -112.093781419859781, 25.399615152711348 ], [ -112.078080297844437, 25.406449023888221 ], [ -112.085809641980887, 25.432975721317664 ], [ -112.075306575429153, 25.414834640930007 ], [ -112.067128016381943, 25.431043894356659 ], [ -112.068397677268095, 25.447215127956696 ], [ -112.088597626293222, 25.443007847328065 ], [ -112.087611365871226, 25.462696676000895 ], [ -112.058411779044221, 25.475759943272489 ], [ -112.090520225725697, 25.478850863201544 ], [ -112.086579837583713, 25.485382483362557 ], [ -112.085601880328383, 25.480606904879206 ], [ -112.077884438638264, 25.483601129970026 ], [ -112.080340891372785, 25.508546536224493 ], [ -112.075326544922063, 25.490313000877023 ], [ -112.063801455367823, 25.492943275969274 ], [ -112.080033197906701, 25.513719028690236 ], [ -112.063162690516748, 25.521556664981773 ], [ -112.064469928979833, 25.556350104051806 ], [ -112.08465369213009, 25.557945419397935 ], [ -112.066152702413262, 25.563966255445145 ], [ -112.074324131456081, 25.576868865878769 ], [ -112.061727104680386, 25.587429190358883 ], [ -112.070545891728742, 25.679421139503898 ], [ -112.086028398313971, 25.675877372919768 ], [ -112.081367033933645, 25.695764908421118 ], [ -112.071783015188984, 25.689235596841915 ], [ -112.075339393890644, 25.7278654579858 ], [ -112.093209611197224, 25.69878444451291 ], [ -112.088576679999377, 25.707544611003946 ], [ -112.09518533641095, 25.735812163856295 ], [ -112.098548935158291, 25.73838539751657 ], [ -112.097187576641261, 25.692549087397627 ], [ -112.107205107623969, 25.779470798714982 ], [ -112.191006924090843, 25.983462905940694 ], [ -112.234275043027679, 26.035278049077512 ], [ -112.276381985384049, 26.058691944796735 ], [ -112.270956813650301, 26.070760571579491 ], [ -112.289706966704543, 26.055189378440577 ], [ -112.30862844051282, 26.07173139129624 ], [ -112.327968700185082, 26.145304326342583 ], [ -112.374923178101824, 26.21038592545068 ], [ -112.366154863614781, 26.22161698105182 ], [ -112.377338331390618, 26.214585674516226 ], [ -112.454801684158355, 26.262091613363985 ], [ -112.49783423557416, 26.231575025340959 ], [ -112.614011878851088, 26.302086981581514 ], [ -112.619237176400731, 26.308996936106638 ], [ -112.612898291975299, 26.305027995430589 ], [ -112.610899544304516, 26.312808833449804 ], [ -112.615539493017195, 26.319304761350807 ], [ -112.680041922253096, 26.314664812364416 ], [ -112.761727629439122, 26.396239874394219 ], [ -112.981634222056911, 26.530539757390923 ], [ -113.084851851794923, 26.618604058878642 ], [ -113.134844327551292, 26.636093098199623 ], [ -113.111990793818606, 26.659335673336457 ], [ -113.08208096958964, 26.62284425925117 ], [ -113.081367131277418, 26.635450642794726 ], [ -113.052882090313432, 26.640195385804962 ], [ -113.151925166528827, 26.74883008463047 ], [ -113.140903111750831, 26.758307070849444 ], [ -113.149557603640119, 26.793016675419761 ], [ -113.128966248040427, 26.791740818343225 ], [ -113.125520789025771, 26.796042884368379 ], [ -113.169747330130548, 26.795586492144665 ], [ -113.186132219187613, 26.756020957437691 ], [ -113.245020970998027, 26.787935244845347 ], [ -113.195201005510327, 26.792575193862199 ], [ -113.20929931279295, 26.796293101941473 ], [ -113.138293497061142, 26.857961217900886 ], [ -113.138579032487414, 26.937482805118851 ], [ -113.165636202770941, 26.9927770943269 ], [ -113.201030685635629, 26.927996267908163 ], [ -113.203767066230967, 26.850515069429516 ], [ -113.231249840351069, 26.835227032148993 ], [ -113.252932679248488, 26.845309998126041 ], [ -113.271760163929628, 26.81952259056845 ], [ -113.266733553497247, 26.753224857623202 ], [ -113.368678176253368, 26.797483429838998 ], [ -113.457830435303208, 26.805306465671407 ], [ -113.413558268664772, 26.807034653326387 ], [ -113.448550621898704, 26.810318309513185 ], [ -113.412058019408917, 26.813516900303988 ], [ -113.432830713025538, 26.816449585627332 ], [ -113.421012872361842, 26.825701822117153 ], [ -113.391072957334373, 26.814625431546116 ], [ -113.416997184632336, 26.832554669937391 ], [ -113.453981313757893, 26.831398117379667 ], [ -113.485272535441766, 26.819328412645351 ], [ -113.466457073479717, 26.804008354970062 ], [ -113.510530063475017, 26.789527607987509 ], [ -113.52148303529313, 26.752986769525705 ], [ -113.54904671183246, 26.737510754616515 ], [ -113.546975153083395, 26.718851973237939 ], [ -113.576813594402424, 26.704746528295541 ], [ -113.615275202361062, 26.716567690246556 ], [ -113.640873442809422, 26.730873010320547 ], [ -113.699865040462811, 26.79093536558976 ], [ -113.658813250497388, 26.759733304323976 ], [ -113.644493207547441, 26.756478914995423 ], [ -113.643407976416952, 26.738369928052489 ], [ -113.589510596245077, 26.714093447177294 ], [ -113.637013173737373, 26.739678632308969 ], [ -113.641720144019871, 26.758502646833335 ], [ -113.670941879364634, 26.785560607966641 ], [ -113.733978177581534, 26.799751809571301 ], [ -113.787216238485172, 26.918030850047661 ], [ -113.855287859434, 26.970797777190764 ], [ -113.952248062997029, 26.998984664019794 ], [ -114.003130559102871, 26.969502252341485 ], [ -114.090613691557721, 27.086479784673664 ], [ -114.157478925561563, 27.128731872896616 ], [ -114.260575190119553, 27.151554518492485 ], [ -114.29003291700127, 27.143504802515153 ], [ -114.296343843303362, 27.122739839765085 ], [ -114.382215377840694, 27.179491460921732 ], [ -114.435204246479088, 27.177116661027288 ], [ -114.434430804141329, 27.209244418826628 ], [ -114.487794684950771, 27.228294534492591 ], [ -114.488240343694898, 27.34579437496209 ], [ -114.51408247971716, 27.416866496527838 ], [ -114.601895957086867, 27.478747266837217 ], [ -114.713188038514019, 27.52145084908204 ], [ -114.737948562359207, 27.524231899614943 ], [ -114.793594502012212, 27.614995848575475 ], [ -114.83040476429592, 27.631095280754099 ], [ -114.847017846976328, 27.616946378133392 ], [ -114.874017277137838, 27.643364499012204 ], [ -114.847259726770645, 27.647938315520129 ], [ -114.846431673788231, 27.675697106867919 ], [ -114.865940496952618, 27.69530995867321 ], [ -114.893507851706815, 27.690046839247756 ], [ -114.900605052660211, 27.663505968641811 ], [ -114.933863489425974, 27.678029404861594 ], [ -114.953880278892044, 27.716334014286971 ], [ -114.990211860052582, 27.72877995295541 ], [ -115.006815681597445, 27.716432318841733 ], [ -115.052092159183502, 27.819997764634699 ], [ -115.082446420923986, 27.847947264798893 ], [ -115.054761284777342, 27.86175122600087 ], [ -115.009113705231812, 27.82875286094195 ], [ -114.865964112979285, 27.830482525206691 ], [ -114.834967640725978, 27.809339597303904 ], [ -114.736869194214435, 27.808514469985329 ], [ -114.638698818066302, 27.776925874893713 ], [ -114.533134080394021, 27.786199799739631 ], [ -114.500894986270822, 27.772140510250122 ], [ -114.400412350132726, 27.818534593893983 ], [ -114.386393551908057, 27.803110977525581 ], [ -114.337835695745284, 27.808053000655043 ], [ -114.330750851459626, 27.788963773930718 ], [ -114.324689173917534, 27.787684814355039 ], [ -114.327847908908169, 27.798570848499722 ], [ -114.342999126982875, 27.814513236624446 ], [ -114.329543275217873, 27.802508856481168 ], [ -114.335717975679458, 27.8306400330275 ], [ -114.322684149401553, 27.843835236773799 ], [ -114.332427559583834, 27.859134363441981 ], [ -114.391155375984681, 27.822504116206407 ], [ -114.341809162258684, 27.863526024366486 ], [ -114.307166112681657, 27.872282439930252 ], [ -114.293241507355958, 27.859688428985599 ], [ -114.295640004478358, 27.834911578049628 ], [ -114.309020188675163, 27.841709222500572 ], [ -114.299355770468594, 27.828466094525261 ], [ -114.304786652017597, 27.811874587834254 ], [ -114.304198448952235, 27.818165883429877 ], [ -114.311774652571614, 27.827101235532012 ], [ -114.305393890421882, 27.818392407819896 ], [ -114.322506973588261, 27.821285832526122 ], [ -114.306871059841697, 27.808090293199822 ], [ -114.30579364032937, 27.801798998248522 ], [ -114.32105033877194, 27.775991149420726 ], [ -114.240249315545668, 27.695668873587401 ], [ -114.160956270337849, 27.672195334952768 ], [ -114.128323152479794, 27.587866048529332 ], [ -114.106993664212254, 27.600868017881936 ], [ -114.101614892249017, 27.585905967129726 ], [ -114.072076931116683, 27.592970027087155 ], [ -114.09006798834082, 27.612194381802244 ], [ -114.021041608537757, 27.661343041000801 ], [ -113.959366836778102, 27.651479278128146 ], [ -113.96362012375721, 27.664840547607987 ], [ -113.955965397386791, 27.655817631277223 ], [ -113.926123514364193, 27.678366782479682 ], [ -113.915818907674776, 27.709543339461337 ], [ -113.945151173072276, 27.744943611073264 ], [ -113.976560763611744, 27.742786407331707 ], [ -113.990604342906622, 27.762124286817144 ], [ -114.02883080267587, 27.74129844065774 ], [ -114.045200067253134, 27.789676867184387 ], [ -114.071180807248439, 27.812211255606222 ], [ -114.078188319565626, 27.80306520250662 ], [ -114.082658731577837, 27.80432334220918 ], [ -114.084865681905924, 27.802514952081172 ], [ -114.085543827979677, 27.800658972479162 ], [ -114.07334611610699, 27.80152866548422 ], [ -114.04430772143877, 27.737393544868915 ], [ -114.074424559325237, 27.736713018951942 ], [ -114.070129632188895, 27.731040086996408 ], [ -114.07829472289707, 27.723016390815626 ], [ -114.082155399441319, 27.726555244761297 ], [ -114.074781478999284, 27.732836580040505 ], [ -114.076892031416719, 27.7391140401058 ], [ -114.09830575163538, 27.706858839803356 ], [ -114.146428269478577, 27.726177722044813 ], [ -114.177258520705976, 27.79946828336114 ], [ -114.161774306602638, 27.829441743539814 ], [ -114.177910027372974, 27.819629440287112 ], [ -114.178582224746265, 27.822948788178753 ], [ -114.12725303631251, 27.890016313801421 ], [ -114.203154966861291, 27.915922103269509 ], [ -114.172418278732536, 27.922269314947481 ], [ -114.16950046466647, 27.91262654925842 ], [ -114.16404257725705, 27.909473763037525 ], [ -114.152109579804787, 27.919428833415623 ], [ -114.151568251864148, 27.90331095964493 ], [ -114.144266280646434, 27.901764310409064 ], [ -114.15096869215327, 27.92019126512016 ], [ -114.146343614655351, 27.917826676126314 ], [ -114.147762368847751, 27.916393050477073 ], [ -114.14745006471162, 27.91588146613967 ], [ -114.14655776735863, 27.915732749955168 ], [ -114.135918007424493, 27.918916171181916 ], [ -114.153502224390692, 27.920822715312593 ], [ -114.163939133961762, 27.915067393050148 ], [ -114.157687100802278, 27.926893313975196 ], [ -114.166006290918688, 27.92837750322678 ], [ -114.144162839369002, 27.939693922350298 ], [ -114.163811237782113, 27.938168093524215 ], [ -114.168263804958343, 27.928450969635477 ], [ -114.165836755278548, 27.919254352036937 ], [ -114.172588474811249, 27.92413522259266 ], [ -114.171417371845209, 27.949074720831167 ], [ -114.159070348599755, 27.94786119628569 ], [ -114.186710762715819, 27.953102851667342 ], [ -114.17461655826034, 27.939485494526842 ], [ -114.179424854332183, 27.922319169950583 ], [ -114.213347153395432, 27.932500657291801 ], [ -114.263808461462801, 27.887454855542362 ], [ -114.274420857463426, 27.902082591941415 ], [ -114.273941394953297, 27.929722410955719 ], [ -114.2054404467399, 28.000000024874787 ] ], [ [ -111.773249921445782, 26.554183623028791 ], [ -111.771386607511374, 26.554130567582877 ], [ -111.771386607510863, 26.554130567582888 ], [ -111.773249921445782, 26.554183623028791 ] ], [ [ -111.788736399820124, 26.409170148897129 ], [ -111.775432580038668, 26.546541849376482 ], [ -111.788736399820138, 26.409170148897129 ], [ -111.727228240177496, 26.308327648941134 ], [ -111.788736399820124, 26.409170148897129 ] ], [ [ -111.733006619893857, 26.301332769305205 ], [ -111.729773539563794, 26.306696378872509 ], [ -111.730843119820648, 26.305827949637109 ], [ -111.731629680052947, 26.305106798939889 ], [ -111.732136650238289, 26.30454997902125 ], [ -111.733006619893857, 26.301332769305205 ] ], [ [ -111.733009758758968, 26.301328502368005 ], [ -111.733633109609912, 26.300348019343399 ], [ -111.733778850313769, 26.299802799554719 ], [ -111.733822860124221, 26.299292018888437 ], [ -111.733810599652543, 26.298819579383597 ], [ -111.733878119846509, 26.298321228962624 ], [ -111.734360745149601, 26.297657503664862 ], [ -111.73387811984648, 26.298321228962624 ], [ -111.7338105996525, 26.298819579383597 ], [ -111.73377885031374, 26.299802799554719 ], [ -111.733633109609869, 26.300348019343399 ], [ -111.733009758758968, 26.301328502368005 ] ], [ [ -111.735913853306712, 26.297175338626875 ], [ -111.736651849944224, 26.296835679535292 ], [ -111.737217889812399, 26.296461679446708 ], [ -111.737790450098288, 26.2960038488024 ], [ -111.738648549993144, 26.295244799572075 ], [ -111.741132539881278, 26.29388611953053 ], [ -111.739382679484962, 26.29477439905013 ], [ -111.738648549993115, 26.295244799572075 ], [ -111.737217889812385, 26.296461679446708 ], [ -111.735913853306712, 26.297175338626875 ] ], [ [ -111.745597526185023, 26.293574747658283 ], [ -111.744699249497955, 26.293747539227219 ], [ -111.745419249823826, 26.293633079274947 ], [ -111.745597526185023, 26.293574747658283 ] ], [ [ -111.75312842996199, 26.292149059557776 ], [ -111.753353942726804, 26.292123215609593 ], [ -111.752227419256158, 26.292309440719887 ], [ -111.75312842996199, 26.292149059557776 ] ], [ [ -111.757919663116269, 26.278961029080843 ], [ -111.75685270953754, 26.289905139696035 ], [ -111.757273579943373, 26.287909889013829 ], [ -111.757580250051376, 26.286662249442507 ], [ -111.758098169734708, 26.284427289538808 ], [ -111.758204710449007, 26.283721569351439 ], [ -111.758420219707801, 26.282947479502401 ], [ -111.758681850120723, 26.281271019533804 ], [ -111.757919663116269, 26.278961029080843 ] ], [ [ -111.758906554312219, 26.278156388326728 ], [ -111.761140749764309, 26.275537578999845 ], [ -111.761344681721212, 26.275461386127954 ], [ -111.758906554312219, 26.278156388326728 ] ], [ [ -111.761751770481368, 26.275482939411955 ], [ -111.761792621200527, 26.27545908221304 ], [ -111.761590279618588, 26.275487849507542 ], [ -111.761751770481368, 26.275482939411955 ] ], [ [ -111.763117049842876, 26.274412689566024 ], [ -111.713244880117671, 26.182138199408982 ], [ -111.725270509522289, 26.177770018910255 ], [ -111.710907509259769, 26.121377259002223 ], [ -111.679083488501817, 26.094691919308573 ], [ -111.66417209003842, 26.084764580244084 ], [ -111.666812708837199, 26.06962453900913 ], [ -111.664632679362668, 26.055564879703841 ], [ -111.664363689497762, 26.054707879871572 ], [ -111.664180308715231, 26.054402149956289 ], [ -111.663998339658647, 26.054250260605755 ], [ -111.663714599466545, 26.054213229003839 ], [ -111.663512109010227, 26.054189350496539 ], [ -111.662873799593626, 26.053725829283845 ], [ -111.661580999327413, 26.052919401831417 ], [ -111.664172090038392, 26.084764580244084 ], [ -111.710907509259741, 26.121377259002223 ], [ -111.725270509522261, 26.177770018910255 ], [ -111.713244880117642, 26.182138199408982 ], [ -111.763117049842876, 26.274412689566024 ] ], [ [ -111.662681191774709, 26.05045404305795 ], [ -111.661402508651648, 26.052571060488241 ], [ -111.661629939287053, 26.052122580492192 ], [ -111.661773859634806, 26.051362289457476 ], [ -111.662681191774709, 26.05045404305795 ] ], [ [ -111.663035386987204, 26.049088110591192 ], [ -111.663176119023007, 26.049842770251725 ], [ -111.663219880172818, 26.049622800370422 ], [ -111.663225059933509, 26.049423279167463 ], [ -111.663160288918846, 26.049228028998236 ], [ -111.663035386987204, 26.049088110591192 ] ], [ [ -111.67989637943468, 26.029231889670076 ], [ -111.668761579500369, 26.04603851991298 ], [ -111.679896379434709, 26.029231889670076 ], [ -111.691009138736419, 26.023790488975337 ], [ -111.67989637943468, 26.029231889670076 ] ], [ [ -111.66472514942339, 26.013038579832955 ], [ -111.664725149423361, 26.013038579832951 ], [ -111.676152229776633, 26.024003279569136 ], [ -111.66472514942339, 26.013038579832955 ] ], [ [ -111.682614518882176, 26.01442841980473 ], [ -111.676099719379678, 25.909538060036247 ], [ -111.649264430199864, 25.754256199425534 ], [ -111.636639079901983, 25.721114199129307 ], [ -111.653425719922566, 25.707948199606285 ], [ -111.629231260054453, 25.656909419477053 ], [ -111.624881030469325, 25.649446199326494 ], [ -111.587260289783487, 25.601821769199663 ], [ -111.557697109731706, 25.591635179695135 ], [ -111.545228397511863, 25.590252865873428 ], [ -111.587260289783458, 25.601821769199663 ], [ -111.653425719922524, 25.707948199606285 ], [ -111.636639079901954, 25.721114199129307 ], [ -111.682614518882176, 26.01442841980473 ] ], [ [ -111.523404660060962, 25.574313849285097 ], [ -111.522457920302685, 25.586810919263858 ], [ -111.522780490257148, 25.586268749324429 ], [ -111.523765719584276, 25.585613689565374 ], [ -111.523845919765435, 25.585426518842894 ], [ -111.523404660060962, 25.574313849285097 ] ], [ [ -111.50116592023528, 25.57491645929306 ], [ -111.500904881164587, 25.574909057489872 ], [ -111.504641520481556, 25.575606619099663 ], [ -111.50116592023528, 25.57491645929306 ] ], [ [ -111.48822544961628, 25.574756509210275 ], [ -111.479791564579443, 25.576191633405717 ], [ -111.493992579702677, 25.574998709692736 ], [ -111.48822544961628, 25.574756509210275 ] ], [ [ -111.478600430306429, 25.57639431883571 ], [ -111.450042549765556, 25.543818119599734 ], [ -111.442802779825911, 25.534823629051722 ], [ -111.478600430306429, 25.57639431883571 ] ], [ [ -111.428161860282728, 25.537476889028046 ], [ -111.408523920306521, 25.491554429612915 ], [ -111.408523920306507, 25.491554429612918 ], [ -111.422214419871835, 25.526292079495448 ], [ -111.428161860282728, 25.537476889028046 ] ], [ [ -111.382090800272351, 25.489949368958133 ], [ -111.382090800272323, 25.489949368958147 ], [ -111.386624949596182, 25.497995579150995 ], [ -111.382090800272351, 25.489949368958133 ] ], [ [ -111.367159520465577, 25.484315939009576 ], [ -111.353885356200408, 25.487169309986569 ], [ -111.374369659931958, 25.49343648886774 ], [ -111.367159520465577, 25.484315939009576 ] ], [ [ -111.349562350243943, 25.488098569221506 ], [ -111.307644260070902, 25.440211979496553 ], [ -111.252139080061085, 25.415952228829113 ], [ -111.307644260070873, 25.440211979496553 ], [ -111.349562350243943, 25.488098569221506 ] ], [ [ -111.157499520223155, 25.479756779527385 ], [ -111.098287909914632, 25.474178849536713 ], [ -111.076219540042132, 25.460356169135459 ], [ -111.080534080180044, 25.442463749172603 ], [ -111.058423939684928, 25.439092919437716 ], [ -111.060430720090494, 25.431172319135378 ], [ -111.044981939695205, 25.429360919693366 ], [ -111.021918690404277, 25.370442199287446 ], [ -111.020169169750176, 25.36600259950303 ], [ -111.015683860226503, 25.359441339634099 ], [ -111.028186856083849, 25.344277601444436 ], [ -111.017798879585058, 25.347124829034858 ], [ -111.01568386022646, 25.359441339634099 ], [ -111.044981939695177, 25.429360919693366 ], [ -111.0584239396849, 25.43909291943773 ], [ -111.080534080180016, 25.442463749172639 ], [ -111.076219540042118, 25.460356169135459 ], [ -111.098287909914617, 25.474178849536713 ], [ -111.157499520223155, 25.479756779527385 ] ], [ [ -110.991737417133166, 24.997420614796482 ], [ -111.055506915109092, 24.95951980204886 ], [ -110.991737416347547, 24.99742061526241 ], [ -110.991737417133166, 24.997420614796482 ] ], [ [ -111.071335656782168, 24.950111742489206 ], [ -111.134492541397933, 24.912520887778594 ], [ -111.14361405572086, 24.907085331502746 ], [ -111.071335656782168, 24.950111742489206 ] ], [ [ -111.228882058389132, 24.856251264990199 ], [ -111.275182559105474, 24.828592729149424 ], [ -111.20649788992732, 24.869602765655632 ], [ -111.228882058389132, 24.856251264990199 ] ], [ [ -111.52378964577133, 24.679609087433942 ], [ -111.683159458960731, 24.583939972446824 ], [ -111.683740688066464, 24.583589969481501 ], [ -111.683840732738616, 24.583529724611211 ], [ -111.52378964577133, 24.679609087433942 ] ], [ [ -112.746254791912591, 26.535769250723089 ], [ -112.606747488428567, 26.538775597371053 ], [ -112.413877108242659, 26.542726348609563 ], [ -112.606747488428539, 26.538775597371082 ], [ -112.746254791912591, 26.535769250723089 ] ] ], [ [ [ -114.71078646020608, 27.514003327268004 ], [ -114.71074145190228, 27.513615986252752 ], [ -114.711142608219632, 27.513879947894054 ], [ -114.71078646020608, 27.514003327268004 ] ] ], [ [ [ -114.709972548388365, 27.514933418078314 ], [ -114.709529406572301, 27.514643396136108 ], [ -114.70998151137492, 27.514629830362544 ], [ -114.709972548388365, 27.514933418078314 ] ] ], [ [ [ -114.711157763386112, 27.515868738024476 ], [ -114.710737709881485, 27.515442291476688 ], [ -114.711233833288787, 27.515528015351741 ], [ -114.711157763386112, 27.515868738024476 ] ] ], [ [ [ -114.226696370485627, 27.767902979558784 ], [ -114.220232020319727, 27.754540629226231 ], [ -114.18521394992824, 27.721336779634779 ], [ -114.249880320444845, 27.74827411931949 ], [ -114.225904420107469, 27.751215519051215 ], [ -114.226696370485627, 27.767902979558784 ] ] ], [ [ [ -114.183410320093074, 27.752800109320241 ], [ -114.165967479742093, 27.763382319204958 ], [ -114.146002120344974, 27.721436288940854 ], [ -114.183410320093074, 27.752800109320241 ] ] ], [ [ [ -112.740212165735159, 27.843288893972822 ], [ -112.737114431303979, 27.841156356247478 ], [ -112.741410142457127, 27.842393936878842 ], [ -112.740212165735159, 27.843288893972822 ] ] ], [ [ [ -115.214400578442195, 27.896318550414655 ], [ -115.162113941609874, 27.870381820862004 ], [ -115.166312360418885, 27.852784998354675 ], [ -115.178300096408847, 27.849656831240534 ], [ -115.214400578442195, 27.896318550414655 ] ] ], [ [ [ -115.223698014608871, 27.894018879975199 ], [ -115.222981939314224, 27.892641815015015 ], [ -115.224299923851405, 27.893564587007845 ], [ -115.223698014608871, 27.894018879975199 ] ] ], [ [ [ -112.759743809594156, 27.901707400194965 ], [ -112.760404460883308, 27.902723524148506 ], [ -112.759704230435744, 27.903427956549606 ], [ -112.759743809594156, 27.901707400194965 ] ] ], [ [ [ -111.613601581215889, 24.377158846661043 ], [ -111.531938479488701, 24.366415579546842 ], [ -111.437937105922629, 24.325491233435091 ], [ -111.578590398370537, 24.3676024220294 ], [ -111.670102935672986, 24.359406042532679 ], [ -111.654944715787749, 24.375409942172961 ], [ -111.644685534231328, 24.365685440093468 ], [ -111.613601581215889, 24.377158846661043 ] ] ], [ [ [ -111.989874726858275, 24.524958541579419 ], [ -111.84193674847063, 24.513458696144379 ], [ -111.819081751444088, 24.467196857314264 ], [ -111.749980098326759, 24.442003482032145 ], [ -111.702998751306978, 24.356418235111228 ], [ -111.693747405699114, 24.378423491334342 ], [ -111.6844389551582, 24.379717918331593 ], [ -111.710329674579114, 24.304818869722766 ], [ -111.745799820420942, 24.348255058859053 ], [ -111.867147411614212, 24.434083002427407 ], [ -112.004845081933297, 24.511231163335712 ], [ -111.989874726858275, 24.524958541579419 ] ] ], [ [ [ -110.954177190636855, 25.329536347364094 ], [ -110.952894300702653, 25.328586301270768 ], [ -110.954615957355742, 25.328572207260724 ], [ -110.954177190636855, 25.329536347364094 ] ] ], [ [ [ -111.15190466170155, 25.588437936675451 ], [ -111.148547633176676, 25.583176691231152 ], [ -111.153017359709068, 25.58287055125734 ], [ -111.15190466170155, 25.588437936675451 ] ] ], [ [ [ -111.132382900022066, 25.588147229563411 ], [ -111.129342696482212, 25.586631554357844 ], [ -111.130085048954896, 25.584313744755626 ], [ -111.132382900022066, 25.588147229563411 ] ] ], [ [ [ -111.034128705788291, 25.712796537558418 ], [ -111.013309877833009, 25.678753689231247 ], [ -111.02979645717933, 25.649778013692494 ], [ -111.059635517700471, 25.707269279766553 ], [ -111.034128705788291, 25.712796537558418 ] ] ], [ [ [ -111.225677470600658, 25.730343890471023 ], [ -111.223959564757266, 25.731497328752674 ], [ -111.224264295418592, 25.729286556137048 ], [ -111.225677470600658, 25.730343890471023 ] ] ], [ [ [ -111.042625242981913, 25.739984170355694 ], [ -111.044788041595922, 25.742060780880269 ], [ -111.043851474620226, 25.743180978840655 ], [ -111.042625242981913, 25.739984170355694 ] ] ], [ [ [ -111.048822373975554, 25.740644039636351 ], [ -111.049948459392866, 25.742975005066931 ], [ -111.048197981603778, 25.741749680642339 ], [ -111.048822373975554, 25.740644039636351 ] ] ], [ [ [ -111.22692968840785, 25.74496967985986 ], [ -111.227103646470155, 25.743216211420524 ], [ -111.228176713219227, 25.744397965178599 ], [ -111.22692968840785, 25.74496967985986 ] ] ], [ [ [ -111.275383852501349, 25.757887797894238 ], [ -111.2740456758862, 25.756916976044923 ], [ -111.276002850732127, 25.755437505334804 ], [ -111.275383852501349, 25.757887797894238 ] ] ], [ [ [ -111.281223490863212, 25.768416125789894 ], [ -111.28142197232475, 25.767185588409731 ], [ -111.281645869252671, 25.768125839822638 ], [ -111.281223490863212, 25.768416125789894 ] ] ], [ [ [ -111.245252354036495, 25.76468657863564 ], [ -111.25509525710676, 25.811980079967277 ], [ -111.247268983965398, 25.7988019567095 ], [ -111.248368148269492, 25.788594044951441 ], [ -111.243330636695205, 25.789124660019379 ], [ -111.245252354036495, 25.76468657863564 ] ] ], [ [ [ -111.316022464184655, 25.841712917893808 ], [ -111.317794385406941, 25.84051346210018 ], [ -111.316368657278588, 25.842362098171705 ], [ -111.316022464184655, 25.841712917893808 ] ] ], [ [ [ -111.061052330197313, 26.069612459426278 ], [ -111.084171024005713, 26.016242190309374 ], [ -111.066789595254349, 25.965935121600026 ], [ -111.101147339735562, 25.997659979116996 ], [ -111.119960822672098, 25.993894182200407 ], [ -111.179669130289469, 25.905234341802114 ], [ -111.204527368664259, 25.806196802975094 ], [ -111.228933123672448, 25.822500598262614 ], [ -111.233286348126242, 25.8481488081148 ], [ -111.214554089899167, 25.869798349396202 ], [ -111.197774082199444, 25.95575755347107 ], [ -111.167902289889284, 25.989345419307053 ], [ -111.175438580138476, 26.041727338945535 ], [ -111.135004490675243, 26.051903149084719 ], [ -111.128478819119223, 26.067511224052886 ], [ -111.103815704934618, 26.051545040631787 ], [ -111.061052330197313, 26.069612459426278 ] ] ], [ [ [ -111.180423687226309, 26.045978418564115 ], [ -111.177854899059241, 26.04390346274711 ], [ -111.180924941762314, 26.045095985006391 ], [ -111.180423687226309, 26.045978418564115 ] ] ], [ [ [ -111.30470603727683, 26.106287368118569 ], [ -111.306304002287661, 26.104649956747931 ], [ -111.306314396212542, 26.105779632333849 ], [ -111.30470603727683, 26.106287368118569 ] ] ], [ [ [ -111.265662524805563, 26.136351766769454 ], [ -111.263256107986876, 26.106142438711974 ], [ -111.297119049644095, 26.098575570831276 ], [ -111.279716563736727, 26.11127009231442 ], [ -111.279128014175413, 26.135352184269692 ], [ -111.265662524805563, 26.136351766769454 ] ] ], [ [ [ -111.430439339099252, 26.624138209222217 ], [ -111.42823847330385, 26.636923898752546 ], [ -111.425094229985007, 26.624511007769549 ], [ -111.430439339099252, 26.624138209222217 ] ] ], [ [ [ -111.914121538026137, 26.879449189302527 ], [ -111.913926495620714, 26.878075263889492 ], [ -111.915396089540991, 26.87758497924089 ], [ -111.914121538026137, 26.879449189302527 ] ] ], [ [ [ -111.909902666474181, 27.037345644059123 ], [ -111.916164519271703, 27.037264369105081 ], [ -111.908841962354799, 27.042852498738132 ], [ -111.909902666474181, 27.037345644059123 ] ] ], [ [ [ -111.909737158664853, 27.058060948674893 ], [ -111.909760022226564, 27.059744425446556 ], [ -111.909237803053983, 27.059926101943542 ], [ -111.909737158664853, 27.058060948674893 ] ] ], [ [ [ -112.069145273593847, 27.165508303324039 ], [ -112.067787863115257, 27.164855299145646 ], [ -112.067710669660784, 27.164078301237307 ], [ -112.069145273593847, 27.165508303324039 ] ] ], [ [ [ -111.875448139725364, 27.456284565499558 ], [ -111.857460873893146, 27.433321335077618 ], [ -111.895349505171154, 27.43064499217985 ], [ -111.900216566427545, 27.450934086025349 ], [ -111.875448139725364, 27.456284565499558 ] ] ], [ [ [ -109.894693752119267, 22.874817277269077 ], [ -109.894192130174702, 22.875463558540012 ], [ -109.894505643679707, 22.874758374478848 ], [ -109.894693752119267, 22.874817277269077 ] ] ], [ [ [ -109.89331310388431, 22.876384626650019 ], [ -109.893054879571423, 22.87575625875726 ], [ -109.893306923986103, 22.875727425619178 ], [ -109.89331310388431, 22.876384626650019 ] ] ], [ [ [ -110.149130283649811, 24.252548154692434 ], [ -110.148552744663732, 24.251913540948905 ], [ -110.149605330744777, 24.25195189976662 ], [ -110.149130283649811, 24.252548154692434 ] ] ], [ [ [ -109.802213532857166, 24.140198764156452 ], [ -109.863662350630804, 24.147451823898557 ], [ -109.893177942042342, 24.186832545629578 ], [ -109.939471095158183, 24.324976416309042 ], [ -109.934250285819402, 24.375929975333467 ], [ -109.819737838304746, 24.204805712288422 ], [ -109.802213532857166, 24.140198764156452 ] ] ], [ [ [ -110.339610270860078, 24.28907966930371 ], [ -110.338650744530312, 24.287161652972156 ], [ -110.341511747774263, 24.285902769602011 ], [ -110.339610270860078, 24.28907966930371 ] ] ], [ [ [ -110.383603199055017, 24.456911716048534 ], [ -110.384505768438615, 24.457336352151749 ], [ -110.382949047381501, 24.457610625441948 ], [ -110.383603199055017, 24.456911716048534 ] ] ], [ [ [ -110.386638876024335, 24.466463956136725 ], [ -110.384119397249947, 24.465821294008197 ], [ -110.388512038725167, 24.465469008168075 ], [ -110.386638876024335, 24.466463956136725 ] ] ], [ [ [ -110.351183753760182, 24.531356108100045 ], [ -110.305500070784603, 24.503551514716552 ], [ -110.289112305511168, 24.472853310261861 ], [ -110.327637966706817, 24.402443825084841 ], [ -110.351583431550608, 24.405399881517138 ], [ -110.349630032569991, 24.433355989627255 ], [ -110.370483725496669, 24.428940840980847 ], [ -110.37859694274762, 24.448973346178278 ], [ -110.354508156492244, 24.456508296150755 ], [ -110.371185635527254, 24.457422008564532 ], [ -110.356396882004489, 24.469022325357916 ], [ -110.376516979217882, 24.46750580720931 ], [ -110.363478572603057, 24.481510846329762 ], [ -110.386494601372007, 24.474690111433915 ], [ -110.393254693660992, 24.497330750302897 ], [ -110.380401945865643, 24.507139089195366 ], [ -110.399444727685747, 24.51853859848859 ], [ -110.351183753760182, 24.531356108100045 ] ] ], [ [ [ -110.40479011585721, 24.484938627251708 ], [ -110.401791491773665, 24.48167150648225 ], [ -110.408471868060971, 24.479887088527381 ], [ -110.40479011585721, 24.484938627251708 ] ] ], [ [ [ -110.389446898244245, 24.589942714784414 ], [ -110.361305191208615, 24.554016258160569 ], [ -110.367936323641246, 24.530741226337316 ], [ -110.399064954620059, 24.53634844755404 ], [ -110.383122924021663, 24.55701232765189 ], [ -110.409866847430081, 24.547590630664132 ], [ -110.392361457063487, 24.563296167877095 ], [ -110.414489444236452, 24.568328016999168 ], [ -110.389446898244245, 24.589942714784414 ] ] ], [ [ [ -110.403761390199961, 24.598996183731387 ], [ -110.399529832484859, 24.598809026399781 ], [ -110.404398067619894, 24.597799021875574 ], [ -110.403761390199961, 24.598996183731387 ] ] ], [ [ [ -110.566686491406884, 24.836831634519232 ], [ -110.560290753707505, 24.82248000155257 ], [ -110.565230471395623, 24.814216182334125 ], [ -110.586931461548957, 24.828204468229536 ], [ -110.566686491406884, 24.836831634519232 ] ] ], [ [ [ -110.605348744832341, 24.843188639404374 ], [ -110.605195110331906, 24.843482827412458 ], [ -110.605222465460471, 24.843142361873657 ], [ -110.605348744832341, 24.843188639404374 ] ] ], [ [ [ -110.581209664956305, 24.853122118867223 ], [ -110.580002491732429, 24.852986891696339 ], [ -110.580669940621434, 24.852197521017615 ], [ -110.581209664956305, 24.853122118867223 ] ] ], [ [ [ -110.603349948324393, 24.873672036643335 ], [ -110.603906403242121, 24.876119049530864 ], [ -110.603617867564139, 24.877179177668491 ], [ -110.603349948324393, 24.873672036643335 ] ] ], [ [ [ -110.704945013840586, 25.104758519452922 ], [ -110.669135791908275, 25.052494928150821 ], [ -110.603234001861537, 25.039598834227593 ], [ -110.575227746101092, 25.016098087132558 ], [ -110.570340110638881, 24.954138003524651 ], [ -110.530692579859874, 24.877332571591584 ], [ -110.589824862935629, 24.864991674928788 ], [ -110.574496871336649, 24.888340335641914 ], [ -110.641641691351325, 24.914335945816472 ], [ -110.635208817510545, 24.928834001967559 ], [ -110.67823214989717, 25.01714977952059 ], [ -110.71366708273024, 25.031597866077238 ], [ -110.704945013840586, 25.104758519452922 ] ] ], [ [ [ -110.509432423394202, 25.11473992331554 ], [ -110.511432582458824, 25.111512948639078 ], [ -110.510960147752115, 25.114985337798796 ], [ -110.509432423394202, 25.11473992331554 ] ] ], [ [ [ -110.861234852602664, 25.130085791281427 ], [ -110.861376228195041, 25.128068622920626 ], [ -110.861907534358053, 25.129510709154456 ], [ -110.861234852602664, 25.130085791281427 ] ] ], [ [ [ -110.697465871321583, 25.205559904951514 ], [ -110.697088090719987, 25.197908041079149 ], [ -110.704680822853632, 25.194080986592308 ], [ -110.697465871321583, 25.205559904951514 ] ] ], [ [ [ -110.91621727355583, 25.209281591813792 ], [ -110.917005846958801, 25.210098625596096 ], [ -110.915460285060703, 25.210259510592639 ], [ -110.91621727355583, 25.209281591813792 ] ] ], [ [ [ -110.922440643582007, 25.247648245671176 ], [ -110.920873930702825, 25.246615152713954 ], [ -110.922901643386254, 25.246753275822115 ], [ -110.922440643582007, 25.247648245671176 ] ] ], [ [ [ -110.688964288911407, 25.311410241973544 ], [ -110.710841115255263, 25.2674143486608 ], [ -110.730184258465982, 25.261808907877278 ], [ -110.731546648735716, 25.291958574209087 ], [ -110.688964288911407, 25.311410241973544 ] ] ], [ [ [ -110.771701662821698, 25.710302293690567 ], [ -110.763060311484935, 25.690560317671078 ], [ -110.758729737368725, 25.593655547051689 ], [ -110.786283882058541, 25.60605970484897 ], [ -110.804950416004189, 25.647252536151953 ], [ -110.793258711409251, 25.695662228826368 ], [ -110.771701662821698, 25.710302293690567 ] ] ] ] } },
{ "type": "Feature", "properties": { "name": "Baja California" }, "geometry": { "type": "MultiPolygon", "coordinates": [ [ [ [ -115.216700120940217, 28.377938451333044 ], [ -115.194165316177887, 28.361692681011625 ], [ -115.19528271052539, 28.332265411575936 ], [ -115.174141676400438, 28.306159868537264 ], [ -115.163774839792097, 28.260417110076041 ], [ -115.173589641200408, 28.214937043912947 ], [ -115.156647396457657, 28.166046313960049 ], [ -115.159202467931465, 28.137836796042329 ], [ -115.18625789048815, 28.105375238125678 ], [ -115.185342274638515, 28.03136067532698 ], [ -115.229835934633456, 28.029532773549331 ], [ -115.255368503682192, 28.037498792038328 ], [ -115.265455904593608, 28.072879037280739 ], [ -115.289512806408553, 28.092758563354224 ], [ -115.345378519689831, 28.074297070392664 ], [ -115.359680270262473, 28.080990909796057 ], [ -115.352964241455226, 28.117236703872216 ], [ -115.316245469884961, 28.137841469554864 ], [ -115.242954610624651, 28.220903824261057 ], [ -115.264410009030954, 28.294041410388388 ], [ -115.245760044127479, 28.354269435991363 ], [ -115.216700120940217, 28.377938451333044 ] ] ], [ [ [ -115.549855311523885, 28.304465930409219 ], [ -115.536825733042519, 28.300223764021979 ], [ -115.543665099516019, 28.291374948816287 ], [ -115.549855311523885, 28.304465930409219 ] ] ], [ [ [ -115.591673732387278, 28.316848880507099 ], [ -115.575289310132007, 28.310932143116268 ], [ -115.58074052006711, 28.295746619015105 ], [ -115.60644858004899, 28.300203892804554 ], [ -115.591673732387278, 28.316848880507099 ] ] ], [ [ [ -115.573445642523481, 28.313542551694145 ], [ -115.5676572772973, 28.313924832087352 ], [ -115.560928195878773, 28.308084562517376 ], [ -115.570572886849746, 28.308278838279843 ], [ -115.573445642523481, 28.313542551694145 ] ] ], [ [ [ -114.615973060594115, 28.965196530590312 ], [ -114.615906984867749, 28.965754542928064 ], [ -114.615732304266174, 28.965533191132337 ], [ -114.615973060594115, 28.965196530590312 ] ] ], [ [ [ -118.2617992000973, 29.183664092639628 ], [ -118.287450491439628, 29.133062975445839 ], [ -118.282387714385806, 29.108607002644977 ], [ -118.228065249008253, 29.061989983813124 ], [ -118.22096953961902, 28.962565076150188 ], [ -118.248233495558438, 28.890998022544153 ], [ -118.295746032011436, 28.879482244965242 ], [ -118.282507415593898, 28.896248964786221 ], [ -118.298414128028355, 28.935748155996876 ], [ -118.290924527691715, 28.967684243534244 ], [ -118.313553870765816, 28.980041007590692 ], [ -118.304995477185031, 29.004463775036577 ], [ -118.317110878337516, 29.037836448165642 ], [ -118.364654450529102, 29.077546868603473 ], [ -118.351189873947476, 29.114610060651994 ], [ -118.365263217770732, 29.14636757948993 ], [ -118.318488727504175, 29.175131232327637 ], [ -118.2617992000973, 29.183664092639628 ] ] ], [ [ [ -113.83510947172708, 29.454459531529519 ], [ -113.825763187143096, 29.429416298252523 ], [ -113.772202142516633, 29.40970218609203 ], [ -113.637515900732069, 29.283589050276227 ], [ -113.625278452258357, 29.253285424489874 ], [ -113.656296114303402, 29.209324089290874 ], [ -113.571399036477374, 29.116585933896282 ], [ -113.538709893844398, 29.058032147867145 ], [ -113.534471716887964, 29.03234987263513 ], [ -113.549103023122726, 29.039964663561761 ], [ -113.563052766473675, 29.007342891237109 ], [ -113.541791092310334, 28.955776402616067 ], [ -113.557367186076618, 28.946745158085321 ], [ -113.526081178282027, 28.893074570207961 ], [ -113.479496113210914, 28.894336875097455 ], [ -113.47995640442312, 28.947803640860631 ], [ -113.44683711912208, 28.951195406213436 ], [ -113.455519177017976, 28.944202765142222 ], [ -113.447244602167572, 28.939666917158796 ], [ -113.438300803467044, 28.959792756334156 ], [ -113.414371674266874, 28.923695268865981 ], [ -113.38552784661438, 28.939583822860911 ], [ -113.393913306077479, 28.915046583209271 ], [ -113.367810659789697, 28.903874785892292 ], [ -113.380513055856127, 28.893803004561459 ], [ -113.35715067482478, 28.873893578634132 ], [ -113.370715624903241, 28.837157734420348 ], [ -113.353866711446429, 28.805509637720938 ], [ -113.311996525507965, 28.803441292363782 ], [ -113.251552306714629, 28.840718269563116 ], [ -113.196443348278081, 28.792548349773991 ], [ -113.189323690730049, 28.730172081474144 ], [ -113.158825073509519, 28.66007338230121 ], [ -113.128794393801954, 28.632309748040484 ], [ -113.103808018670733, 28.505371572350334 ], [ -113.015352878360517, 28.457454720763693 ], [ -112.903047196456157, 28.475065469098233 ], [ -112.866724635010328, 28.425287086391688 ], [ -112.846184008575889, 28.440383651622309 ], [ -112.873187640550171, 28.282548136881985 ], [ -112.786621216380595, 28.196743111744048 ], [ -112.811811380436822, 28.137585784910893 ], [ -112.788842918949882, 28.067832996413404 ], [ -112.804626122318439, 28.02755252780646 ], [ -112.764778196468129, 28.000000000417337 ], [ -114.205440446739971, 28.000000024874815 ], [ -114.136257894500844, 28.085101013197775 ], [ -114.116030096324906, 28.071669848192677 ], [ -114.115087235614467, 28.048305330199728 ], [ -114.135417719249602, 28.029520514897229 ], [ -114.127462217684439, 28.012826006108323 ], [ -114.113734804669477, 28.025929629242111 ], [ -114.119814089488926, 28.036523346042202 ], [ -114.118508956498985, 28.037271686428351 ], [ -114.115042080583549, 28.029076525038658 ], [ -114.112731028923804, 28.025328873968014 ], [ -114.111734629934361, 28.024799443784516 ], [ -114.111609708242298, 28.024210528256731 ], [ -114.110705513425088, 28.023606739187546 ], [ -114.10774166716007, 28.033499526953982 ], [ -114.093370316959565, 28.036022647896363 ], [ -114.107031398007408, 28.022644128415749 ], [ -114.10139505044279, 28.017534236612249 ], [ -114.061197675861422, 28.046245924669048 ], [ -114.099196022987812, 28.059149072450033 ], [ -114.109885279397801, 28.119443483460575 ], [ -114.059289799840727, 28.20872890934616 ], [ -114.07614458134374, 28.115002315785009 ], [ -114.060877229659283, 28.082200479662497 ], [ -114.040407230184144, 28.09072856957135 ], [ -114.054025799811626, 28.123316458939385 ], [ -114.038971030340207, 28.170740058852196 ], [ -114.056339380213174, 28.172755629619605 ], [ -114.050103369837004, 28.19047761959478 ], [ -114.035402970485151, 28.185392459062527 ], [ -114.064773080219609, 28.260440969000435 ], [ -114.079171086471803, 28.271072303853813 ], [ -114.079932512799331, 28.256905588168447 ], [ -114.07643768006443, 28.250921242927127 ], [ -114.074873183968478, 28.24998730524592 ], [ -114.073979240973301, 28.249074489970329 ], [ -114.073962508168293, 28.248408384610944 ], [ -114.082579366482406, 28.257116467052235 ], [ -114.10310923730249, 28.23880196029404 ], [ -114.124955218833108, 28.256836150100774 ], [ -114.047353367950919, 28.442626498650448 ], [ -114.069372900304188, 28.514427924041517 ], [ -114.111019793473346, 28.556058818117759 ], [ -114.16126024923615, 28.5691229721543 ], [ -114.156302939233015, 28.619475772768993 ], [ -114.17629425370923, 28.652494909507588 ], [ -114.22494057365077, 28.666657079223867 ], [ -114.245412862502874, 28.652906768110018 ], [ -114.269226726300502, 28.660033666243411 ], [ -114.270613286570949, 28.690476175111712 ], [ -114.282825870746734, 28.703937976457269 ], [ -114.347186790671401, 28.730893482964532 ], [ -114.348620420138417, 28.772312078996478 ], [ -114.373117946991854, 28.811365626918246 ], [ -114.396867943499771, 28.816198907371735 ], [ -114.41744730561453, 28.879516364229225 ], [ -114.437809543529809, 28.87583414825302 ], [ -114.44972954661759, 28.906548425416368 ], [ -114.488791723273039, 28.932044173817857 ], [ -114.525876701016017, 28.931879852849764 ], [ -114.531008434414503, 28.917754561286134 ], [ -114.562516959066926, 28.970361469615096 ], [ -114.592105870984923, 28.969761474920972 ], [ -114.62728181722953, 29.090225444939399 ], [ -114.675841059895063, 29.113202958186083 ], [ -114.716066248538823, 29.110061730551109 ], [ -114.744408602501849, 29.182397345273323 ], [ -114.812644409525305, 29.213550338983612 ], [ -114.967343280267826, 29.375140553900842 ], [ -115.073203749432793, 29.416450749875526 ], [ -115.189494074184395, 29.428080877271022 ], [ -115.253266859585224, 29.516234137343677 ], [ -115.378555204673106, 29.558124356908461 ], [ -115.457948838508727, 29.625122785979215 ], [ -115.506086506530281, 29.617065640151367 ], [ -115.586146716593916, 29.692990552420792 ], [ -115.619266512250093, 29.695003893895329 ], [ -115.699330627893673, 29.754831033082443 ], [ -115.684765488627022, 29.833776850612423 ], [ -115.701890877840185, 29.899990495075194 ], [ -115.742880068481909, 29.947903916211647 ], [ -115.788347232426332, 29.9594238588057 ], [ -115.813492358197337, 29.949931514378864 ], [ -115.781312268841262, 30.090854797612312 ], [ -115.802292357128223, 30.133991176374618 ], [ -115.79527043469335, 30.238689714071047 ], [ -115.811742920816883, 30.30035401462667 ], [ -115.848883207519037, 30.356477638478498 ], [ -115.906453553367768, 30.395924164242686 ], [ -115.943597372631302, 30.403736178015446 ], [ -115.987331097665646, 30.388157563201357 ], [ -115.971608049458013, 30.410586338790882 ], [ -115.937181760588132, 30.411016745546871 ], [ -115.933665621629359, 30.458092295291813 ], [ -115.992806623166032, 30.498932029143873 ], [ -115.989163667536218, 30.511428957893507 ], [ -115.999582732978382, 30.497478611013904 ], [ -115.957323185554515, 30.438136843560716 ], [ -115.978243913739789, 30.427250345491053 ], [ -115.995308219082006, 30.451309075090101 ], [ -116.014948289519111, 30.450118155536174 ], [ -116.021506503939335, 30.455924332604109 ], [ -116.027284316608984, 30.454185177982438 ], [ -115.994717661726796, 30.40664166096494 ], [ -115.984524849785572, 30.356914425276234 ], [ -116.007531798746228, 30.365465641402331 ], [ -116.011960694966888, 30.41693155186114 ], [ -116.048059497109648, 30.470381384891304 ], [ -116.028117417299526, 30.665421852575268 ], [ -116.056777429723297, 30.793501098922345 ], [ -116.074737601286515, 30.816836472895186 ], [ -116.200644399156459, 30.882373770506256 ], [ -116.269648529812045, 30.966830113933746 ], [ -116.321259039864998, 30.955656165396363 ], [ -116.336655115402834, 30.968378393712847 ], [ -116.309503074467685, 31.152382067857406 ], [ -116.363511366560175, 31.247044067999973 ], [ -116.455495402519347, 31.328739958956223 ], [ -116.521741141933688, 31.434486071166166 ], [ -116.57098068146982, 31.46487403489078 ], [ -116.602459538848805, 31.463284711623935 ], [ -116.608665533205851, 31.497226645968535 ], [ -116.648459378726002, 31.516063799397074 ], [ -116.669166315736845, 31.552631885100816 ], [ -116.691107408336322, 31.553264679090894 ], [ -116.692080400310786, 31.571367799679123 ], [ -116.651569737196326, 31.582409008242074 ], [ -116.667618850222127, 31.617854679780219 ], [ -116.649931020276213, 31.66453940047084 ], [ -116.744002450920348, 31.743896322790018 ], [ -116.66191937016562, 31.719131750270748 ], [ -116.61898235467423, 31.775502802788122 ], [ -116.65280888004088, 31.720270279392363 ], [ -116.647467820371332, 31.709330748927147 ], [ -116.641283465462294, 31.709410350093382 ], [ -116.60997174003748, 31.770919514703291 ], [ -116.617838521181511, 31.852887871389338 ], [ -116.631616223835607, 31.859208343260505 ], [ -116.633520120039009, 31.855044851924788 ], [ -116.628804981319263, 31.851506118063497 ], [ -116.625266246145856, 31.843985117448817 ], [ -116.626088588287573, 31.840347396861013 ], [ -116.699369085590135, 31.894775723882191 ], [ -116.746251611523135, 31.90203311532149 ], [ -116.768904079652231, 31.971018448075839 ], [ -116.851531307951049, 31.985582331129475 ], [ -116.880951491249107, 32.01868485503276 ], [ -116.887571161353904, 32.129154229480918 ], [ -116.921735677746497, 32.224793072777992 ], [ -117.038361289781363, 32.28412950631332 ], [ -117.120979777814441, 32.469025610128092 ], [ -117.124498077772159, 32.534255841310134 ], [ -116.594842519816126, 32.579096279161782 ], [ -115.879295020373647, 32.636081229394449 ], [ -114.719718059859531, 32.718653569531668 ], [ -114.76464378038888, 32.643168019341097 ], [ -114.807917060499335, 32.620353599424753 ], [ -114.812252079628976, 32.562233459398911 ], [ -114.791813449557182, 32.557846289196171 ], [ -114.815930060485897, 32.482977258980377 ], [ -114.934996580384961, 32.48187467940032 ], [ -114.931940479824718, 32.439700739171521 ], [ -114.968453310155283, 32.390653029062911 ], [ -114.966592479516791, 32.338793519062406 ], [ -115.053022319504691, 32.245174019101633 ], [ -114.975318249897938, 32.177995479562988 ], [ -114.989736339771596, 32.146377649450073 ], [ -114.957005000217819, 32.038636179148831 ], [ -114.965484569495089, 31.918423878830421 ], [ -114.909687119637951, 31.86726041908738 ], [ -114.843185739785341, 31.863553818825817 ], [ -114.806877650315698, 31.816680139475014 ], [ -114.821694587901902, 31.732889750910356 ], [ -114.783630546019197, 31.631229288479947 ], [ -114.81414129322998, 31.606495656160149 ], [ -114.835892124943626, 31.617352208791523 ], [ -114.868667931167764, 31.527982763099526 ], [ -114.853910855622658, 31.427236888328014 ], [ -114.870323115642535, 31.421963764823989 ], [ -114.873770006144952, 31.400379115767937 ], [ -114.852775933367596, 31.382692540230263 ], [ -114.878538261534132, 31.340481920794858 ], [ -114.894687786565285, 31.264842439628499 ], [ -114.881426811853061, 31.262754700426601 ], [ -114.890937115928466, 31.152820767465144 ], [ -114.870312573622797, 31.093991746444139 ], [ -114.814173046056823, 31.052173123773684 ], [ -114.832644723059801, 31.022339481430691 ], [ -114.829549123181181, 30.994144467728571 ], [ -114.720209468856225, 30.937004276286025 ], [ -114.709955648467357, 30.906238106864475 ], [ -114.693171473949874, 30.744327663895955 ], [ -114.705363502026586, 30.712293971401696 ], [ -114.698513334742756, 30.632142680516505 ], [ -114.6303152120893, 30.489422450263955 ], [ -114.634845727144764, 30.349492056261109 ], [ -114.656161980047088, 30.284230116836 ], [ -114.639741356201725, 30.258467743751481 ], [ -114.66772253938278, 30.191418568839335 ], [ -114.633241139154649, 30.1264119190093 ], [ -114.601826433684195, 30.104924469988685 ], [ -114.536171088860783, 29.970262988519327 ], [ -114.487471179084039, 29.948769309887194 ], [ -114.470885938530046, 29.913531574502876 ], [ -114.412984058922063, 29.890687378904921 ], [ -114.413273762150951, 29.84811589136849 ], [ -114.394056640423898, 29.827978511738223 ], [ -114.409658163401659, 29.815965910466286 ], [ -114.392860366222791, 29.810119169883976 ], [ -114.387720581736573, 29.778646733148037 ], [ -114.329863987500488, 29.742693078125626 ], [ -114.295320014061716, 29.742564488256082 ], [ -114.280258858010058, 29.772506257560035 ], [ -114.207518599313019, 29.743824129175092 ], [ -114.181374309944459, 29.708080510368532 ], [ -114.063973885454644, 29.629498990858895 ], [ -114.046626568143864, 29.596850882290649 ], [ -113.995098243197461, 29.577865588500796 ], [ -113.89688964119982, 29.484874935829879 ], [ -113.83510947172708, 29.454459531529519 ] ], [ [ -116.733246839399314, 32.558202738900086 ], [ -116.751454438698502, 32.556877056277827 ], [ -116.755251262775815, 32.556600360671965 ], [ -116.750974588581613, 32.541453663761459 ], [ -116.755251262775786, 32.556600360671901 ], [ -116.733246839399314, 32.558202738900086 ] ], [ [ -116.745553293716938, 32.540591400923411 ], [ -116.74701259368301, 32.540912270725556 ], [ -116.747459208187308, 32.540973299068227 ], [ -116.745553293716938, 32.540591400923411 ] ], [ [ -116.73746661746145, 32.528406476129398 ], [ -116.741982457354027, 32.537784134802102 ], [ -116.742651095906311, 32.538732958607028 ], [ -116.743257394791584, 32.539298744759137 ], [ -116.73746661746145, 32.528406476129398 ] ], [ [ -116.733841681452191, 32.526552630728872 ], [ -116.733841681452219, 32.526552630728872 ], [ -116.733423932778095, 32.526524740829316 ], [ -116.733841681452191, 32.526552630728872 ] ], [ [ -116.730713058590226, 32.52634375639181 ], [ -116.731199681317079, 32.521472994144993 ], [ -116.730713058590197, 32.52634375639181 ], [ -116.730713058590226, 32.52634375639181 ] ], [ [ -116.720091297714447, 32.524133181072891 ], [ -116.72013498426189, 32.524137397519752 ], [ -116.720134984261904, 32.524137397519752 ], [ -116.720091297714447, 32.524133181072891 ] ], [ [ -116.71825751449677, 32.52371805067024 ], [ -116.718257514496798, 32.52371805067024 ], [ -116.711732088780735, 32.520602924113554 ], [ -116.71825751449677, 32.52371805067024 ] ], [ [ -116.711113774610496, 32.520307751510892 ], [ -116.714229395693494, 32.507507880978032 ], [ -116.714494412016819, 32.506982484014337 ], [ -116.717590347613154, 32.494418933942477 ], [ -116.719390183009367, 32.490697296917858 ], [ -116.724486778254771, 32.480033476748133 ], [ -116.711113774610496, 32.520307751510892 ] ], [ [ -116.721062430038771, 32.480404116954368 ], [ -116.720971936838168, 32.479498379869476 ], [ -116.720971938416767, 32.479498410339289 ], [ -116.721062430038771, 32.480404116954368 ] ], [ [ -116.71812632798013, 32.474051450046431 ], [ -116.718126327980087, 32.474051450046417 ], [ -116.718682466362736, 32.476631660995793 ], [ -116.718971232565323, 32.476993243429533 ], [ -116.71812632798013, 32.474051450046431 ] ], [ [ -116.68536419113272, 32.470609326098426 ], [ -116.685364191132692, 32.470609326098398 ], [ -116.691089365951342, 32.483472566370828 ], [ -116.68536419113272, 32.470609326098426 ] ], [ [ -116.68239534209232, 32.46344780626351 ], [ -116.682395342092263, 32.463447806263488 ], [ -116.683830230007487, 32.465548496988731 ], [ -116.68239534209232, 32.46344780626351 ] ], [ [ -116.681525554899224, 32.458977623414157 ], [ -116.680511164910385, 32.457997910676703 ], [ -116.681525554899181, 32.458977623414135 ], [ -116.681335935864681, 32.459898658516572 ], [ -116.681458616057697, 32.461544578518648 ], [ -116.682076018717154, 32.463309528565155 ], [ -116.681525554899224, 32.458977623414157 ] ], [ [ -116.68046153537135, 32.457949977739595 ], [ -116.680172789613323, 32.45750539775436 ], [ -116.680172789613266, 32.457505397754318 ], [ -116.68046153537135, 32.457949977739595 ] ], [ [ -116.679073198722605, 32.456694769697307 ], [ -116.680147926319094, 32.457487068315594 ], [ -116.678599186252541, 32.456209615506026 ], [ -116.679073198722605, 32.456694769697307 ] ], [ [ -116.677615329708644, 32.455877865558918 ], [ -116.677615329708672, 32.455877865558918 ], [ -116.677594081960095, 32.455877616711263 ], [ -116.677615329708644, 32.455877865558918 ] ], [ [ -116.675862679602432, 32.455626018471577 ], [ -116.676275905132727, 32.45586217859514 ], [ -116.676275905132741, 32.45586217859514 ], [ -116.675862679602432, 32.455626018471577 ] ], [ [ -116.67550097490907, 32.455138964863437 ], [ -116.675675001612689, 32.455518759713335 ], [ -116.675523774836762, 32.450069125852785 ], [ -116.67550097490907, 32.455138964863437 ] ], [ [ -116.673167891367981, 32.447249729012803 ], [ -116.670748354355212, 32.425724602896047 ], [ -116.668374667379098, 32.419331812651819 ], [ -116.668508087092974, 32.411336812526088 ], [ -116.66842625653338, 32.411199739128314 ], [ -116.668374667379041, 32.419331812651777 ], [ -116.670748354355183, 32.425724602896047 ], [ -116.670061229091544, 32.432693022530458 ], [ -116.673167891367981, 32.447249729012803 ] ], [ [ -116.66576458460267, 32.38754442800473 ], [ -116.656592601109466, 32.394671935247459 ], [ -116.652970648745864, 32.398290503532365 ], [ -116.656592601109523, 32.394671935247523 ], [ -116.66576458460267, 32.38754442800473 ] ], [ [ -116.656503758897301, 32.379876704931696 ], [ -116.656503758897287, 32.379876704931696 ], [ -116.659530757273856, 32.382382980941237 ], [ -116.656503758897301, 32.379876704931696 ] ], [ [ -116.65426580455582, 32.378219885683734 ], [ -116.645879956438506, 32.371002474654766 ], [ -116.647275319834392, 32.372397347684675 ], [ -116.65426580455582, 32.378219885683734 ] ], [ [ -116.653877618974903, 32.351025260224461 ], [ -116.639394103266397, 32.363777155252038 ], [ -116.641693361230935, 32.366943921642587 ], [ -116.644065342595496, 32.370001802453622 ], [ -116.653877618974903, 32.351025260224461 ] ], [ [ -116.656687999928721, 32.354049570794402 ], [ -116.689616958917014, 32.327635719425793 ], [ -116.69111512302139, 32.326342479475208 ], [ -116.689247287988863, 32.286099542457777 ], [ -116.691115123021362, 32.326342479475208 ], [ -116.656687999928721, 32.354049570794402 ] ], [ [ -116.686354184191515, 32.285467163020336 ], [ -116.635280611267802, 32.274303416547411 ], [ -116.628408020330568, 32.270014725383305 ], [ -116.635280611267788, 32.27430341654744 ], [ -116.686354184191515, 32.285467163020336 ] ], [ [ -116.614299759012752, 32.243017630667978 ], [ -116.614807630032431, 32.244740022388342 ], [ -116.6206798694855, 32.264650726633114 ], [ -116.614299759012752, 32.243017630667978 ] ], [ [ -116.610915722642986, 32.244206648148889 ], [ -116.609835929118901, 32.215103680108072 ], [ -116.609303827568468, 32.214410200943973 ], [ -116.609835929118859, 32.215103680108022 ], [ -116.610915722642986, 32.244206648148889 ] ], [ [ -117.056917435569332, 32.42366206850663 ], [ -117.054092050367842, 32.422395154186546 ], [ -117.052977637178088, 32.421895424189351 ], [ -117.056917435569332, 32.42366206850663 ] ], [ [ -117.052827629950883, 32.421828156747942 ], [ -117.051833661351935, 32.421382426765327 ], [ -117.050611467962511, 32.420834339098299 ], [ -117.052827629950883, 32.421828156747942 ] ], [ [ -117.050709571446902, 32.415612308690427 ], [ -117.047508388311797, 32.413227152378312 ], [ -117.046854667727686, 32.412829056673033 ], [ -117.050709571446902, 32.415612308690427 ] ], [ [ -117.045992229009499, 32.412353220619451 ], [ -117.045902818461187, 32.412337411780726 ], [ -117.046092989464981, 32.412371036848917 ], [ -117.045992229009499, 32.412353220619451 ] ], [ [ -117.045880000371184, 32.412333377213194 ], [ -117.044550329061565, 32.412098262026667 ], [ -117.045368450026885, 32.412242926187616 ], [ -117.045443064552273, 32.412256118819606 ], [ -117.045814022165757, 32.412321711122992 ], [ -117.045880000371184, 32.412333377213194 ] ], [ [ -117.042527536442364, 32.412005419016019 ], [ -117.041549339302122, 32.411960511518373 ], [ -117.043891536020652, 32.412068027862425 ], [ -117.042527536442364, 32.412005419016019 ] ], [ [ -117.041230319147417, 32.411737124684684 ], [ -117.041218683807045, 32.411730857639164 ], [ -117.041287106163622, 32.411767709300499 ], [ -117.041230319147417, 32.411737124684684 ] ], [ [ -117.040924893641531, 32.41157262485212 ], [ -117.041083233371182, 32.411657905113962 ], [ -117.040924893641545, 32.411572624852106 ], [ -117.040924893641531, 32.41157262485212 ] ], [ [ -117.040988649332419, 32.411360314486672 ], [ -117.041036637005618, 32.411367842660269 ], [ -117.041036637005632, 32.411367842660255 ], [ -117.040988649332419, 32.411360314486672 ] ], [ [ -117.037859368443094, 32.414339309630449 ], [ -117.038229773290738, 32.411752660874313 ], [ -117.038226545940134, 32.41177519510056 ], [ -117.037859368443037, 32.414339309630392 ], [ -117.033533576396508, 32.414660541910038 ], [ -117.037859368443094, 32.414339309630449 ] ], [ [ -117.030523939663894, 32.414883971250667 ], [ -117.026525391655071, 32.41518072830204 ], [ -117.031107873763744, 32.414840623138694 ], [ -117.030523939663894, 32.414883971250667 ] ], [ [ -117.024525584459155, 32.414748286885228 ], [ -117.020052513764696, 32.416406790236756 ], [ -117.026347874954524, 32.415193901144512 ], [ -117.024525584459155, 32.414748286885228 ] ], [ [ -117.012207411878876, 32.411259127885629 ], [ -117.019767836288224, 32.413429400860657 ], [ -117.012184198923038, 32.411252462577174 ], [ -117.012207411878876, 32.411259127885629 ] ], [ [ -116.985832750059529, 32.401935353728895 ], [ -117.003958662965687, 32.408890773577056 ], [ -117.011029932632496, 32.410921084654198 ], [ -117.012034742176454, 32.411209554889005 ], [ -116.985832750059529, 32.401935353728895 ] ], [ [ -116.974222172952366, 32.374832200099284 ], [ -116.962435284749105, 32.378751752449119 ], [ -116.962435284749091, 32.378751752449141 ], [ -116.974222172952366, 32.374832200099284 ] ], [ [ -116.949290561893648, 32.34334020319465 ], [ -116.906849299333487, 32.335094555898856 ], [ -116.906849299333459, 32.33509455589887 ], [ -116.949290561893648, 32.34334020319465 ] ], [ [ -116.822549334132191, 32.298282004431861 ], [ -116.87488440726986, 32.298337240725203 ], [ -116.875019774750172, 32.298337362860117 ], [ -116.949318899432825, 32.298387861412586 ], [ -116.822549334132191, 32.298282004431861 ] ], [ [ -116.763246731100764, 32.252580415854055 ], [ -116.789173069845646, 32.272560565224893 ], [ -116.746946122840441, 32.240007587467815 ], [ -116.763246731100764, 32.252580415854055 ] ], [ [ -117.081243058932159, 32.410307181941292 ], [ -117.068810850036542, 32.41173583486836 ], [ -117.092144140417375, 32.408719621804849 ], [ -117.081243058932159, 32.410307181941292 ] ], [ [ -117.068227520268067, 32.411229997540318 ], [ -117.06799403876235, 32.411027530599533 ], [ -117.068247712277952, 32.411247508195167 ], [ -117.068227520268067, 32.411229997540318 ] ], [ [ -117.066739062578577, 32.415954011742436 ], [ -117.066452390129896, 32.414869166318127 ], [ -117.066589659721757, 32.415766314167328 ], [ -117.066739062578577, 32.415954011742436 ] ], [ [ -117.066698087464047, 32.416533041751798 ], [ -117.066698087464104, 32.416533041751833 ], [ -117.066958834508739, 32.416230115287256 ], [ -117.066698087464047, 32.416533041751798 ] ], [ [ -117.06305759483034, 32.422764504732378 ], [ -117.056985320499479, 32.423692507371769 ], [ -117.066952443400211, 32.416721383596105 ], [ -117.06305759483034, 32.422764504732378 ] ] ], [ [ [ -115.499647026798272, 29.614090785004009 ], [ -115.500290453676627, 29.614525029488664 ], [ -115.499657397395069, 29.615015739967017 ], [ -115.499647026798272, 29.614090785004009 ] ] ], [ [ [ -115.794858514084908, 29.792611517551808 ], [ -115.788193261771426, 29.793379325735529 ], [ -115.795096576444564, 29.7865623821985 ], [ -115.794858514084908, 29.792611517551808 ] ] ], [ [ [ -114.553936591143369, 30.089799365748526 ], [ -114.540131915351608, 30.09225187385676 ], [ -114.535182008529432, 30.083257833792779 ], [ -114.553936591143369, 30.089799365748526 ] ] ], [ [ [ -114.627169160106831, 30.12907594746866 ], [ -114.625543500009101, 30.131177370381661 ], [ -114.625958023969844, 30.129077936653115 ], [ -114.627169160106831, 30.12907594746866 ] ] ], [ [ [ -116.121951640854476, 30.492981145143414 ], [ -116.100103430278082, 30.484581648257706 ], [ -116.122977189030834, 30.484641134008509 ], [ -116.121951640854476, 30.492981145143414 ] ] ], [ [ [ -114.749831994759504, 31.805304531889 ], [ -114.747571868557671, 31.800281200969224 ], [ -114.726095986306134, 31.760249850241596 ], [ -114.666942877303526, 31.716909838327069 ], [ -114.650643581785658, 31.679869364382427 ], [ -114.668174489041903, 31.676289165309765 ], [ -114.711638109350147, 31.710322844822819 ], [ -114.689700409837442, 31.681723874962795 ], [ -114.717504145777326, 31.681179487119479 ], [ -114.791099773744762, 31.729997137850049 ], [ -114.799936258223184, 31.812644951900388 ], [ -114.765967824236839, 31.815875381062352 ], [ -114.749831994759504, 31.805304531889 ] ] ], [ [ [ -116.798518211270206, 31.806825557322721 ], [ -116.787949339460795, 31.804848177785871 ], [ -116.786938699510145, 31.790970860319838 ], [ -116.798518211270206, 31.806825557322721 ] ] ], [ [ [ -116.809284263158773, 31.809894614246883 ], [ -116.800787532569501, 31.81118087230405 ], [ -116.801413046185743, 31.805903899347179 ], [ -116.809284263158773, 31.809894614246883 ] ] ], [ [ [ -117.250630391577815, 32.41980104387131 ], [ -117.242200754852448, 32.411436255514133 ], [ -117.239971161522689, 32.391094130209531 ], [ -117.250630391577815, 32.41980104387131 ] ] ], [ [ [ -117.261558721219401, 32.417114048002404 ], [ -117.257281182375209, 32.418499931663391 ], [ -117.259607256079818, 32.414713076461403 ], [ -117.261558721219401, 32.417114048002404 ] ] ], [ [ [ -117.300040708586494, 32.440336481445797 ], [ -117.295618135917678, 32.440708310799835 ], [ -117.294080552192085, 32.433719389419885 ], [ -117.300040708586494, 32.440336481445797 ] ] ], [ [ [ -114.116173709601668, 28.096703938868387 ], [ -114.116806030265536, 28.096254149107768 ], [ -114.119400120160364, 28.087860139106162 ], [ -114.121375029942513, 28.095555549102269 ], [ -114.116173709601668, 28.096703938868387 ] ] ], [ [ [ -114.278640641409325, 28.670432979131341 ], [ -114.277664932008548, 28.668690726313013 ], [ -114.279379490324729, 28.669345599314987 ], [ -114.278640641409325, 28.670432979131341 ] ] ], [ [ [ -114.280288873404629, 28.694025140128023 ], [ -114.279292757214264, 28.692639856470979 ], [ -114.280855935024434, 28.693300244486608 ], [ -114.280288873404629, 28.694025140128023 ] ] ], [ [ [ -114.3522794404428, 28.767838196832461 ], [ -114.351128559188069, 28.76714675961091 ], [ -114.352408303244076, 28.767269630471443 ], [ -114.3522794404428, 28.767838196832461 ] ] ], [ [ [ -113.516962661974631, 28.993835287079431 ], [ -113.501981951658252, 28.993975595482247 ], [ -113.511443915897587, 28.988719668097456 ], [ -113.516962661974631, 28.993835287079431 ] ] ], [ [ [ -113.520707587290147, 28.997038779862365 ], [ -113.518793044993458, 28.996533081995516 ], [ -113.518082393477172, 28.995122527162284 ], [ -113.520707587290147, 28.997038779862365 ] ] ], [ [ [ -113.521103848388194, 28.999427059138789 ], [ -113.519984296581995, 28.997904712043603 ], [ -113.521243374262383, 28.998403436906237 ], [ -113.521103848388194, 28.999427059138789 ] ] ], [ [ [ -113.523332871680111, 29.006786214685299 ], [ -113.521287380983097, 29.004845592875316 ], [ -113.524313681764809, 29.001603191686272 ], [ -113.523332871680111, 29.006786214685299 ] ] ], [ [ [ -113.515047225512788, 29.011660795755496 ], [ -113.514066119390392, 29.009731386652298 ], [ -113.515930558450336, 29.009857590360696 ], [ -113.515047225512788, 29.011660795755496 ] ] ], [ [ [ -113.525046947030589, 29.013286718247127 ], [ -113.524153720609945, 29.011767786504798 ], [ -113.524997437253901, 29.010720087910816 ], [ -113.525046947030589, 29.013286718247127 ] ] ], [ [ [ -113.516354014928325, 29.013410496045317 ], [ -113.51079216675457, 29.014066113389251 ], [ -113.511090836358392, 29.013363485797957 ], [ -113.516354014928325, 29.013410496045317 ] ] ], [ [ [ -113.512765727324592, 29.062015294988147 ], [ -113.512436682323639, 29.06114726734042 ], [ -113.512674263540219, 29.061108314601771 ], [ -113.512765727324592, 29.062015294988147 ] ] ], [ [ [ -113.527668911533581, 29.093160552252137 ], [ -113.502336916174414, 29.090415986122405 ], [ -113.502725192738922, 29.049829122152904 ], [ -113.489182585473046, 29.037686173009067 ], [ -113.513788504703143, 29.052102600782675 ], [ -113.509389900205704, 29.06021764329148 ], [ -113.514575474119056, 29.076436133104906 ], [ -113.527668911533581, 29.093160552252137 ] ] ], [ [ [ -113.521851833056601, 29.069636054891223 ], [ -113.515866971357426, 29.067218664186885 ], [ -113.514890074816549, 29.064819548511167 ], [ -113.521851833056601, 29.069636054891223 ] ] ], [ [ [ -113.530042403751239, 29.098462094394844 ], [ -113.52899691047341, 29.09635350022592 ], [ -113.530845820034656, 29.096166159015393 ], [ -113.530042403751239, 29.098462094394844 ] ] ], [ [ [ -113.608213943530913, 29.168130977629129 ], [ -113.607121618272544, 29.166481572071113 ], [ -113.608061098321457, 29.166038686483894 ], [ -113.608213943530913, 29.168130977629129 ] ] ], [ [ [ -113.556698361362237, 29.552437871092909 ], [ -113.560536122762855, 29.549846464971289 ], [ -113.557911102619968, 29.554474311504237 ], [ -113.556698361362237, 29.552437871092909 ] ] ], [ [ [ -113.579342712460289, 29.560990825947332 ], [ -113.559658856130937, 29.560872491321948 ], [ -113.560773578438727, 29.554951071434427 ], [ -113.576280260685124, 29.546407050130291 ], [ -113.579342712460289, 29.560990825947332 ] ] ], [ [ [ -113.539782703656272, 29.566404767955763 ], [ -113.534540405701364, 29.561871504831455 ], [ -113.545301669402932, 29.565413133180584 ], [ -113.539782703656272, 29.566404767955763 ] ] ], [ [ [ -114.396267950031287, 29.819161489144697 ], [ -114.369906999158019, 29.809017200394081 ], [ -114.369569748847042, 29.806335420276163 ], [ -114.396267950031287, 29.819161489144697 ] ] ], [ [ [ -114.417081825667836, 29.987705447199215 ], [ -114.391686236823475, 29.961844785083258 ], [ -114.415318798949826, 29.94865781235637 ], [ -114.423718514570055, 29.966960607681422 ], [ -114.417081825667836, 29.987705447199215 ] ] ], [ [ [ -114.390879103414377, 29.993438630610623 ], [ -114.387006871164999, 29.991965297088882 ], [ -114.389573459458731, 29.988682929283911 ], [ -114.390879103414377, 29.993438630610623 ] ] ], [ [ [ -114.479957697419465, 30.020241891928713 ], [ -114.4732950037194, 30.014212480958268 ], [ -114.474984260827938, 30.012954590038341 ], [ -114.479957697419465, 30.020241891928713 ] ] ], [ [ [ -114.486794480342709, 30.050519548419093 ], [ -114.491259161907863, 30.053339629955051 ], [ -114.488513054899897, 30.054486369125009 ], [ -114.486794480342709, 30.050519548419093 ] ] ], [ [ [ -112.306985705287659, 28.390941511893786 ], [ -112.302308168082575, 28.371820368052138 ], [ -112.32056197042813, 28.382209449126638 ], [ -112.306985705287659, 28.390941511893786 ] ] ], [ [ [ -112.890177101369716, 28.678044497122062 ], [ -112.838665428656086, 28.661163455694282 ], [ -112.752560227438082, 28.591528838481519 ], [ -112.782611258811329, 28.580362073246057 ], [ -112.798907316589066, 28.610578015513163 ], [ -112.867845505992946, 28.643968696117028 ], [ -112.890177101369716, 28.678044497122062 ] ] ], [ [ [ -112.931046109714984, 28.709486530390869 ], [ -112.920777564614269, 28.699692173929236 ], [ -112.897610476004587, 28.697231747502379 ], [ -112.895071853459939, 28.679904976095781 ], [ -112.931369529632946, 28.696425839164469 ], [ -112.931046109714984, 28.709486530390869 ] ] ], [ [ [ -112.903679599456126, 28.698479769881317 ], [ -112.904285355634229, 28.699298098308667 ], [ -112.903877186080081, 28.699229197233244 ], [ -112.903679599456126, 28.698479769881317 ] ] ], [ [ [ -112.963260078725128, 28.72493348488695 ], [ -112.962152833460706, 28.723269571166604 ], [ -112.964498496817157, 28.723814423339004 ], [ -112.963260078725128, 28.72493348488695 ] ] ], [ [ [ -112.965668860956924, 28.731131321131599 ], [ -112.950835200607543, 28.727420261257073 ], [ -112.946289901201339, 28.717161663221248 ], [ -112.965668860956924, 28.731131321131599 ] ] ], [ [ [ -112.96667302931607, 28.734365694328261 ], [ -112.966028724987396, 28.733326002390527 ], [ -112.967100037475007, 28.733843245129997 ], [ -112.96667302931607, 28.734365694328261 ] ] ], [ [ [ -112.98160403217662, 28.821009200328465 ], [ -112.975743954763871, 28.825492228723355 ], [ -112.975248358595877, 28.822880519844158 ], [ -112.98160403217662, 28.821009200328465 ] ] ], [ [ [ -113.357590576164199, 28.826405263000801 ], [ -113.358281754121307, 28.827413471960053 ], [ -113.357355462172634, 28.82794186458937 ], [ -113.357590576164199, 28.826405263000801 ] ] ], [ [ [ -112.998504031604526, 28.837047039966013 ], [ -112.999561196529996, 28.836394904273753 ], [ -112.999621003444148, 28.836643078852454 ], [ -112.998504031604526, 28.837047039966013 ] ] ], [ [ [ -113.359107354699944, 28.883433139305517 ], [ -113.358834919212015, 28.882869585507422 ], [ -113.359936876367584, 28.882717733001105 ], [ -113.359107354699944, 28.883433139305517 ] ] ], [ [ [ -113.031331044189585, 28.887403567965595 ], [ -113.027748352680703, 28.887577741382128 ], [ -113.026708578547968, 28.885985451809642 ], [ -113.031331044189585, 28.887403567965595 ] ] ], [ [ [ -113.048032130398425, 28.894403549032027 ], [ -113.032745959126103, 28.895695104382575 ], [ -113.045345883773805, 28.884158315116096 ], [ -113.048032130398425, 28.894403549032027 ] ] ], [ [ [ -113.043559063263359, 28.912147778384245 ], [ -113.043260800506317, 28.91069441024792 ], [ -113.044313019726545, 28.91122728419441 ], [ -113.043559063263359, 28.912147778384245 ] ] ], [ [ [ -113.383646815201061, 28.92409339182236 ], [ -113.385279782938383, 28.92471003389641 ], [ -113.384552788974105, 28.926553988830616 ], [ -113.383646815201061, 28.92409339182236 ] ] ], [ [ [ -113.481090825235583, 28.955252103693038 ], [ -113.482447042430366, 28.956473083962543 ], [ -113.48062901715906, 28.955423442959145 ], [ -113.481090825235583, 28.955252103693038 ] ] ], [ [ [ -113.474617717886559, 28.957187273230915 ], [ -113.476442379611584, 28.955371302271733 ], [ -113.477409204485113, 28.955894681683574 ], [ -113.474617717886559, 28.957187273230915 ] ] ], [ [ [ -113.476294461666157, 28.973496621115828 ], [ -113.481419242714452, 28.967357415491147 ], [ -113.485109896974279, 28.978897033460282 ], [ -113.476294461666157, 28.973496621115828 ] ] ], [ [ [ -113.505204213529723, 29.014103845533711 ], [ -113.505316137396022, 29.014926679158084 ], [ -113.504999374596622, 29.014819776950258 ], [ -113.505204213529723, 29.014103845533711 ] ] ], [ [ [ -113.466782109626024, 29.014564146569313 ], [ -113.464236346198575, 29.021587337947356 ], [ -113.46031133728286, 29.013195022101321 ], [ -113.466782109626024, 29.014564146569313 ] ] ], [ [ [ -113.499108988987331, 29.02755875961007 ], [ -113.498269313355721, 29.027417622459783 ], [ -113.498374854862092, 29.027091738317111 ], [ -113.499108988987331, 29.02755875961007 ] ] ], [ [ [ -113.093156661635732, 29.067613329624429 ], [ -113.087028020801171, 29.06213596213415 ], [ -113.098046389254776, 29.063236918314399 ], [ -113.093156661635732, 29.067613329624429 ] ] ], [ [ [ -113.511111674741173, 29.547118906148988 ], [ -113.393364591423563, 29.459249710221428 ], [ -113.352042032611948, 29.387346628136154 ], [ -113.37614184481285, 29.349513546966307 ], [ -113.366788174488434, 29.307853769414592 ], [ -113.294440221742221, 29.281254865680829 ], [ -113.18353968643018, 29.289550416349574 ], [ -113.167590613373619, 29.278893326252728 ], [ -113.174561049382049, 29.127781036413197 ], [ -113.148368892653934, 29.066186413563166 ], [ -113.100199143660546, 29.056226325122076 ], [ -113.116149430588081, 28.98698557595436 ], [ -113.243950140330355, 29.067131433079332 ], [ -113.300690710658188, 29.145102148098932 ], [ -113.404411129971095, 29.209465714026809 ], [ -113.442824108192454, 29.275677409683855 ], [ -113.496920855556681, 29.28379366152177 ], [ -113.507290030847116, 29.323194572423862 ], [ -113.5882173601847, 29.408923934651003 ], [ -113.592256158708253, 29.451030154383972 ], [ -113.563619586879156, 29.505195121162636 ], [ -113.572123274501223, 29.538355394759606 ], [ -113.511111674741173, 29.547118906148988 ] ] ] ] } },
{ "type": "Feature", "properties": { "name": "Campeche" }, "geometry": { "type": "MultiPolygon", "coordinates": [ [ [ [ -89.151713849571124, 17.815614249692931 ], [ -90.987639503886484, 17.815473449782743 ], [ -90.987951717174866, 17.962545049553906 ], [ -91.120200304198889, 17.963375258941586 ], [ -91.113580647264399, 17.975850480473408 ], [ -91.13066914479603, 17.982250198156766 ], [ -91.133182256861204, 17.958009720040277 ], [ -91.151122964642497, 17.962673449407514 ], [ -91.144726736635761, 17.975159860406222 ], [ -91.217459546078871, 17.974986851137629 ], [ -91.327024315832276, 18.062665349265963 ], [ -91.384425350151588, 18.064065049490129 ], [ -91.50403590981324, 18.116459139569162 ], [ -91.516532180243814, 18.130485249904638 ], [ -91.515212850316843, 18.154952479471199 ], [ -91.501863539999277, 18.155568719592551 ], [ -91.50933734019948, 18.171054749515626 ], [ -91.534505140278313, 18.14617436952787 ], [ -91.579966019942461, 18.15817979918921 ], [ -91.572199120077485, 18.142015139865606 ], [ -91.60950468032074, 18.098438399319374 ], [ -91.624740379606962, 17.949071849203147 ], [ -91.612713599743259, 17.912919029380276 ], [ -91.633089220256792, 17.905016029744239 ], [ -91.638805939547723, 17.87395377921144 ], [ -91.760487309888759, 17.957625679198493 ], [ -91.762266540152538, 17.939014279766724 ], [ -91.804644219698986, 17.9725505096722 ], [ -91.86720785976361, 17.983266349629094 ], [ -91.900354769989022, 18.012146999437128 ], [ -91.966747709935049, 18.015988449878829 ], [ -91.978778580003663, 18.042829719228639 ], [ -92.042095429579305, 18.078318819724711 ], [ -92.039938820148734, 18.097950339067232 ], [ -92.082973800377331, 18.085688309900032 ], [ -92.121661977243946, 18.101754629986793 ], [ -92.160903000233148, 18.155424169777721 ], [ -92.164423970144554, 18.197865619196993 ], [ -92.14893752024993, 18.210406079790324 ], [ -92.183243850342976, 18.274063229679697 ], [ -92.172951370205865, 18.27533768984614 ], [ -92.176147740178806, 18.458233219384919 ], [ -92.31028748032135, 18.455579369627653 ], [ -92.322528939785386, 18.473080889292369 ], [ -92.358317940190787, 18.444350029547628 ], [ -92.364324509691954, 18.463729179804833 ], [ -92.414051720377699, 18.487291749367774 ], [ -92.426229649986482, 18.557041449797744 ], [ -92.465745049628708, 18.616563419286358 ], [ -92.468790020074124, 18.650964949769286 ], [ -91.975963389760679, 18.699363642170731 ], [ -91.950945179804236, 18.692907388498792 ], [ -91.900876268018891, 18.630159843177815 ], [ -91.856686166147043, 18.612631581380747 ], [ -91.825873913516091, 18.630197689787526 ], [ -91.854044841361869, 18.647280395080234 ], [ -91.841340542924357, 18.664257652472838 ], [ -91.743560920124523, 18.679067717519739 ], [ -91.534359825276425, 18.779765004926425 ], [ -91.522398592545755, 18.765615877159117 ], [ -91.396490224705857, 18.890070835041413 ], [ -91.120517326752733, 19.030434382343518 ], [ -90.899202559877068, 19.183728284616286 ], [ -90.763448355747627, 19.302085240092929 ], [ -90.722662766001875, 19.35891378990652 ], [ -90.702956408299684, 19.48657481417689 ], [ -90.711916222955153, 19.562286183493857 ], [ -90.685556107967997, 19.625363711041384 ], [ -90.706272529670755, 19.654393205033863 ], [ -90.74368082812525, 19.655088860664399 ], [ -90.706360379385714, 19.654667338977099 ], [ -90.712362107034551, 19.671705623363319 ], [ -90.669297754502665, 19.719915501690004 ], [ -90.661306096237936, 19.758897583550315 ], [ -90.522111095582659, 19.858361259421883 ], [ -90.529126820712605, 19.865952193588189 ], [ -90.508878079992911, 19.866247745666772 ], [ -90.447304970288712, 19.959472819339865 ], [ -90.470666286975927, 19.985769914444351 ], [ -90.462564214879592, 20.014030773206589 ], [ -90.491200175090498, 20.060992601517938 ], [ -90.478659185289985, 20.1046613278235 ], [ -90.495141079757275, 20.159736691402543 ], [ -90.477443249188028, 20.184257270246754 ], [ -90.486837979359706, 20.211694053404429 ], [ -90.480636274244347, 20.208560239774481 ], [ -90.353752200315554, 20.252808339424806 ], [ -90.35304200012277, 20.257500879186992 ], [ -90.280302980172706, 20.249334569681732 ], [ -90.254221249829371, 20.251317149563221 ], [ -90.353042000122798, 20.257500879187006 ], [ -90.489099606563258, 20.215627075929206 ], [ -90.496683959316513, 20.340921772297939 ], [ -90.482864064151471, 20.374512099097885 ], [ -90.502616478697121, 20.464120297431464 ], [ -90.474983981426078, 20.470582238453026 ], [ -90.502377525533205, 20.472045611061244 ], [ -90.502198722725069, 20.498413371165629 ], [ -90.448173543630332, 20.633775795331836 ], [ -90.443320617312011, 20.71918831013091 ], [ -90.452546720075972, 20.685732632745161 ], [ -90.454013127989768, 20.703311604645688 ], [ -90.431171702856659, 20.74658068405919 ], [ -90.407478339272615, 20.768274352528508 ], [ -90.415398475618844, 20.816896877052056 ], [ -90.404524348856839, 20.846763580460212 ], [ -90.379356999588566, 20.848327289026393 ], [ -90.386648780203117, 20.555585799565275 ], [ -90.341138110092572, 20.553701119012924 ], [ -90.335236110451746, 20.576347709137195 ], [ -90.335236109883496, 20.541312309351021 ], [ -90.229240970303636, 20.543562889300691 ], [ -90.234207990094006, 20.470466618750535 ], [ -90.18478790015412, 20.461046138489415 ], [ -90.186297570053696, 20.436932318407699 ], [ -90.13157125026342, 20.443077578688648 ], [ -90.067210651853642, 20.425225888641105 ], [ -90.04168845008877, 20.466451489404452 ], [ -90.004173680051423, 20.487021879443883 ], [ -89.837963880093781, 20.287175879608331 ], [ -89.872382309929421, 20.287628089765171 ], [ -89.875660689983633, 20.253101950184845 ], [ -89.840678168757833, 20.251027509510184 ], [ -89.846164908516755, 20.209686980249828 ], [ -89.802505279482034, 20.201605080339938 ], [ -89.793974780132558, 20.136171940952238 ], [ -89.748474169710349, 20.179269720177977 ], [ -89.598703889618804, 19.99819737898228 ], [ -89.604670078716339, 19.938284968858436 ], [ -89.586810339795448, 19.920460029176176 ], [ -89.587499749731109, 19.874420049400381 ], [ -89.525672369875537, 19.775554649278561 ], [ -89.475909460316558, 19.771220200698952 ], [ -89.47914943037388, 19.740645549644729 ], [ -89.491661820350174, 19.74222844957561 ], [ -89.477220080169204, 19.711054949631865 ], [ -89.146666850265689, 19.423861649568025 ], [ -89.146951430212056, 19.133156659477443 ], [ -89.135819780114588, 19.132372659287881 ], [ -89.14438185048671, 18.755918739282734 ], [ -89.155742249561385, 18.753114749391678 ], [ -89.150237819659679, 18.451059399772653 ], [ -89.125490180335376, 18.450625419037419 ], [ -89.121229199889939, 18.385849629215837 ], [ -89.138214059980669, 18.385543889476651 ], [ -89.132359539731539, 18.293402649282758 ], [ -89.151673660454875, 18.293562629458236 ], [ -89.158058679998419, 18.221326979167021 ], [ -89.142872629877871, 18.224163829137726 ], [ -89.143065970414355, 18.145819599717729 ], [ -89.200236650208637, 18.144629339907457 ], [ -89.202457779954585, 18.083276219257165 ], [ -89.14438285996755, 18.082442939387189 ], [ -89.144753540115246, 18.057699079416125 ], [ -89.163360690481014, 18.057885119158048 ], [ -89.16300383009883, 18.018517309756831 ], [ -89.20673894034968, 18.021079949153798 ], [ -89.207310859757229, 18.007445369711611 ], [ -89.205872050232784, 17.954099719137702 ], [ -89.152170090332973, 17.95360997941394 ], [ -89.151713849571124, 17.815614249692931 ] ], [ [ -90.668955761873889, 19.719761160004108 ], [ -90.667266863708065, 19.718979255931117 ], [ -90.656650641569811, 19.714785495778969 ], [ -90.668955761873889, 19.719761160004108 ] ], [ [ -90.648470114520862, 19.711553916061675 ], [ -90.631596321203432, 19.704245972292416 ], [ -90.614660215799631, 19.716719046820327 ], [ -90.63159632120346, 19.704245972292444 ], [ -90.648470114520862, 19.711553916061675 ] ], [ [ -90.621545661272705, 19.680379132445907 ], [ -90.621545661272691, 19.680379132445879 ], [ -90.578567980484834, 19.674959589394557 ], [ -90.621545661272705, 19.680379132445907 ] ], [ [ -90.578540840767275, 19.657372307983316 ], [ -90.578540840767246, 19.657372307983266 ], [ -90.561232248991431, 19.659454149404979 ], [ -90.578540840767275, 19.657372307983316 ] ], [ [ -90.55713884180166, 19.648855876920717 ], [ -90.557138841801645, 19.64885587692077 ], [ -90.566035509706609, 19.650733080503962 ], [ -90.55713884180166, 19.648855876920717 ] ], [ [ -90.561974972053733, 19.636019607370539 ], [ -90.555702317164346, 19.629146741803787 ], [ -90.555702317164346, 19.629146741803794 ], [ -90.561974972053733, 19.636019607370539 ] ], [ [ -90.550951554576656, 19.608946010957954 ], [ -90.516723865910123, 19.61622955995135 ], [ -90.51096344128257, 19.617454528795644 ], [ -90.516723865910151, 19.616229559951375 ], [ -90.550951554576656, 19.608946010957954 ] ], [ [ -90.510723539967714, 19.583563739786392 ], [ -90.506533029901746, 19.582151149650134 ], [ -90.50653302990176, 19.58215114965018 ], [ -90.510723539967714, 19.583563739786392 ] ], [ [ -90.501033110262327, 19.577578249303084 ], [ -90.501033110262298, 19.577578249303059 ], [ -90.477297379565172, 19.575370889578057 ], [ -90.501033110262327, 19.577578249303084 ] ], [ [ -90.477025169646424, 19.572837028983113 ], [ -90.450797310137546, 19.572790019835985 ], [ -90.450009289689987, 19.582959429764479 ], [ -90.440949570434256, 19.583019379178232 ], [ -90.438074119634052, 19.587827709783369 ], [ -90.477025169646424, 19.572837028983113 ] ], [ [ -90.429883050173956, 19.579235148977009 ], [ -90.429883050173956, 19.579235148977027 ], [ -90.436283648976456, 19.580669131173639 ], [ -90.429883050173956, 19.579235148977009 ] ], [ [ -90.388215819664183, 19.546188649602534 ], [ -90.448776430288177, 19.530576369396453 ], [ -90.446504169809273, 19.530573219213267 ], [ -90.444782450357565, 19.530577489611279 ], [ -90.442389549965128, 19.530560139544495 ], [ -90.437668289991265, 19.530556909665382 ], [ -90.43736858005829, 19.530570709090266 ], [ -90.427291340194273, 19.53082527918135 ], [ -90.424961569980454, 19.530889539086289 ], [ -90.419186259549178, 19.533143429572885 ], [ -90.407172689556461, 19.538990539120881 ], [ -90.388215819664183, 19.546188649602534 ] ], [ [ -90.404640672440905, 19.502125372890564 ], [ -90.404640672440891, 19.502125372890525 ], [ -90.400978486408547, 19.502025430385832 ], [ -90.404640672440905, 19.502125372890564 ] ], [ [ -90.391274570250232, 19.502552849012144 ], [ -90.370217820042939, 19.504695489789921 ], [ -90.398665871407161, 19.502047815395212 ], [ -90.391274570250232, 19.502552849012144 ] ], [ [ -90.362915349874214, 19.498746139588349 ], [ -90.362915349874186, 19.498746139588309 ], [ -90.362452350077135, 19.498464149541427 ], [ -90.362915349874214, 19.498746139588349 ] ], [ [ -90.402920849519717, 19.438174459749298 ], [ -90.378606859599515, 19.436478309143862 ], [ -90.378606859599515, 19.436478309143936 ], [ -90.402920849519717, 19.438174459749298 ] ], [ [ -90.35982977989606, 19.435094288948065 ], [ -90.371072999750893, 19.415654419176938 ], [ -90.370230290084749, 19.41610297975172 ], [ -90.369178490318987, 19.416991619163994 ], [ -90.368463139618953, 19.417992109009791 ], [ -90.359829779896046, 19.435094288948026 ], [ -90.340395489521683, 19.425306379674932 ], [ -90.332819549870308, 19.430002549235812 ], [ -90.327850950090223, 19.436777199696639 ], [ -90.327894459804625, 19.437806259785908 ], [ -90.328100740281926, 19.442684799549042 ], [ -90.328257510246146, 19.446392369394847 ], [ -90.332819549870322, 19.430002549235837 ], [ -90.35982977989606, 19.435094288948065 ] ], [ [ -90.333314820301055, 19.445996399444166 ], [ -90.333329250290092, 19.458763169058411 ], [ -90.333314820301084, 19.445996399444162 ], [ -90.333314820301055, 19.445996399444166 ] ], [ [ -90.356920429504427, 19.455265349690848 ], [ -90.355417219835402, 19.468051149764687 ], [ -90.343811750059487, 19.470372249669104 ], [ -90.358545059768289, 19.467811828948928 ], [ -90.356920429504427, 19.455265349690848 ] ], [ [ -90.337992320334365, 19.48015053936324 ], [ -90.337992320334337, 19.480150539363205 ], [ -90.331844420225636, 19.474534310545696 ], [ -90.337992320334365, 19.48015053936324 ] ], [ [ -90.329797460026228, 19.472664219248532 ], [ -90.317839279809576, 19.461613979211517 ], [ -90.317267596025204, 19.461096262054038 ], [ -90.317839279809604, 19.46161397921157 ], [ -90.329139540025665, 19.472063149204772 ], [ -90.329797460026228, 19.472664219248532 ] ], [ [ -90.309854679689934, 19.307755829189865 ], [ -90.291054720074101, 19.307567429679395 ], [ -90.309854679689934, 19.307755829189905 ], [ -90.309854679689934, 19.307755829189865 ] ], [ [ -90.302090380261376, 19.262937829492007 ], [ -90.291090749639935, 19.263005768994656 ], [ -90.291090749639935, 19.263005768994709 ], [ -90.302090380261376, 19.262937829492007 ] ], [ [ -90.291063379934528, 19.254795109494982 ], [ -90.24530841991232, 19.255114719240709 ], [ -90.233026310474742, 19.263391619285454 ], [ -90.245308419912348, 19.255114719240733 ], [ -90.291063379934528, 19.254795109494982 ] ], [ [ -90.227659379841967, 19.262338939735344 ], [ -90.214463459992956, 19.259750019062935 ], [ -90.21431531956226, 19.259722829561941 ], [ -90.213547649974856, 19.259569479004238 ], [ -90.212977970365756, 19.2594556797089 ], [ -90.212962109766593, 19.259452509369201 ], [ -90.21204545956482, 19.259269379301806 ], [ -90.211509540467631, 19.259162319227983 ], [ -90.211069429586757, 19.259074399103845 ], [ -90.210554979935878, 19.258971629336202 ], [ -90.210172820406882, 19.258895289413452 ], [ -90.210123219650853, 19.258885369554804 ], [ -90.209629349669768, 19.258786709054913 ], [ -90.209240000413757, 19.258708939739847 ], [ -90.208686379635353, 19.258598319151037 ], [ -90.208324599771927, 19.258526049665843 ], [ -90.208300471187982, 19.258521233115736 ], [ -90.227659379841967, 19.262338939735344 ] ], [ [ -90.207707349647762, 19.258402719199818 ], [ -90.207356089901324, 19.25833254949816 ], [ -90.206759779907955, 19.258213399786644 ], [ -90.205662656105247, 19.257994203937947 ], [ -90.207356089901353, 19.258332549498196 ], [ -90.207707349647805, 19.258402719199857 ], [ -90.208040357378991, 19.258469260149148 ], [ -90.207707349647762, 19.258402719199818 ] ], [ [ -90.19485948970005, 19.223631019360738 ], [ -90.194859489700022, 19.223631019360663 ], [ -90.189651117173824, 19.222684621768593 ], [ -90.19485948970005, 19.223631019360738 ] ], [ [ -90.18765842957535, 19.254012938968231 ], [ -90.183100830212453, 19.221512419350759 ], [ -90.179785709710245, 19.220955029494171 ], [ -90.17964985972705, 19.220935659784146 ], [ -90.187658429575322, 19.254012938968206 ], [ -90.146867600333408, 19.241342419043399 ], [ -90.133719459650663, 19.302582569248351 ], [ -90.12933942031033, 19.325182029449721 ], [ -90.121358520221165, 19.37617371920118 ], [ -90.03344169039984, 19.370244399884449 ], [ -90.025807979692928, 19.370043219213699 ], [ -90.02379637961505, 19.369992169811248 ], [ -90.021719079829595, 19.369936279209188 ], [ -90.014140119986905, 19.369765319017151 ], [ -90.006789000220337, 19.369667089198877 ], [ -90.001979909822126, 19.369628619288296 ], [ -89.998732715997804, 19.36962960459012 ], [ -90.121358520221193, 19.376173719201216 ], [ -90.146867600333422, 19.241342419043427 ], [ -90.18765842957535, 19.254012938968231 ] ], [ [ -89.998702169816156, 19.369629504033863 ], [ -89.987564310049308, 19.369591799042908 ], [ -89.97996608654293, 19.369565679874185 ], [ -89.998702169816156, 19.369629504033863 ] ], [ [ -89.976038296509472, 19.369552048366998 ], [ -89.959742830441485, 19.36947791951367 ], [ -89.943302815953288, 19.368931987430624 ], [ -89.976038296509472, 19.369552048366998 ] ], [ [ -89.908584829694007, 19.370093889372271 ], [ -89.941809750059917, 19.368946619829217 ], [ -89.938793739575772, 19.369077779024352 ], [ -89.935767139826524, 19.369222549512841 ], [ -89.93175502976311, 19.369381999629969 ], [ -89.908584829694007, 19.370093889372271 ] ], [ [ -89.905296450088585, 19.295571109337615 ], [ -89.905296450088571, 19.295571109337601 ], [ -89.900329626052908, 19.295411603818799 ], [ -89.905296450088585, 19.295571109337615 ] ], [ [ -90.241273819968342, 20.263824049019938 ], [ -90.245605490403321, 20.245991429226684 ], [ -90.242646889147238, 20.245643110480653 ], [ -90.241273819968342, 20.263824049019938 ] ], [ [ -90.241245850288422, 20.263820600029245 ], [ -90.205345450104204, 20.270751219552945 ], [ -90.241264622659841, 20.263822914883566 ], [ -90.241245850288422, 20.263820600029245 ] ], [ [ -90.210874260183786, 20.227341749669872 ], [ -90.157831919515587, 20.221888649548756 ], [ -90.157828425716261, 20.221908281788231 ], [ -90.155166519932891, 20.236866049152887 ], [ -90.156521880083474, 20.242589799157187 ], [ -90.157144887314573, 20.243314194349232 ], [ -90.157831919515615, 20.221888649548781 ], [ -90.176570619799932, 20.223816969474665 ], [ -90.210874260183786, 20.227341749669872 ] ], [ [ -90.158581430346487, 20.251605219733577 ], [ -90.157819019852042, 20.253608349333099 ], [ -90.160310939959587, 20.246995489203201 ], [ -90.158581430346487, 20.251605219733577 ] ], [ [ -90.157805256630752, 20.253599445963513 ], [ -90.134560879588506, 20.254050599342815 ], [ -90.134561159089372, 20.254057578942703 ], [ -90.135005830286559, 20.265161428992357 ], [ -90.126669449599476, 20.264144739384548 ], [ -90.122455086164976, 20.267422873640932 ], [ -90.121412923660287, 20.278586626299273 ], [ -90.109565417895297, 20.276871872997891 ], [ -90.091028823828424, 20.31626048596312 ], [ -90.109565417895325, 20.276871872997916 ], [ -90.121412923660316, 20.278586626299322 ], [ -90.135005830286588, 20.265161428992382 ], [ -90.134560879588534, 20.254050599342865 ], [ -90.157805256630752, 20.253599445963513 ] ], [ [ -89.899886320930975, 19.295396375305941 ], [ -89.865258770211256, 19.293935249724182 ], [ -89.864780250426136, 19.302941109272624 ], [ -89.861138660177858, 19.372910579151458 ], [ -89.864408750110826, 19.411208489542194 ], [ -89.865258770211284, 19.293935249724225 ], [ -89.875254709803386, 19.294375459260198 ], [ -89.884982950421858, 19.294782949022398 ], [ -89.895184339576417, 19.295204349602528 ], [ -89.899886320930975, 19.295396375305941 ] ], [ [ -89.952897750300806, 19.419464659300345 ], [ -89.951641468462384, 19.418845666629828 ], [ -89.955361198480958, 19.420696984326767 ], [ -89.952897750300806, 19.419464659300345 ] ], [ [ -89.965870050017728, 19.425907879236675 ], [ -89.965870050017756, 19.42590787923665 ], [ -89.960535704492401, 19.423275450677853 ], [ -89.965870050017728, 19.425907879236675 ] ], [ [ -89.965172570361105, 19.430431679751567 ], [ -89.964985454278121, 19.430287056096738 ], [ -89.965577748208048, 19.430743110766674 ], [ -89.965172570361105, 19.430431679751567 ] ], [ [ -89.968794309915623, 19.439814879440256 ], [ -89.968794309915651, 19.43981487944027 ], [ -89.970718030221875, 19.434698919288813 ], [ -89.968794309915623, 19.439814879440256 ] ], [ [ -89.973788340392403, 19.443136509010504 ], [ -89.971733512318053, 19.441765849762625 ], [ -89.973882723872947, 19.443200003842644 ], [ -89.973788340392403, 19.443136509010504 ] ], [ [ -89.979478800160777, 19.446769739161692 ], [ -89.981172549560085, 19.457139689126183 ], [ -89.981976850286017, 19.461868659674792 ], [ -89.979478800160777, 19.446769739161692 ] ], [ [ -89.99042478035021, 19.46340748928138 ], [ -89.990424780350182, 19.463407489281373 ], [ -89.988846750444381, 19.474358119241579 ], [ -89.99042478035021, 19.46340748928138 ] ], [ [ -89.98052420036187, 19.471148319777665 ], [ -89.982285812352345, 19.483298911201 ], [ -89.982285818354342, 19.483298951686184 ], [ -89.982390284941317, 19.484019437331039 ], [ -89.982507475505443, 19.484827674180909 ], [ -89.98250795593718, 19.484830985760006 ], [ -89.982507963516028, 19.484831040918852 ], [ -89.982615144657672, 19.485570236064088 ], [ -89.982768235251115, 19.486626039259054 ], [ -89.983041565067239, 19.488511046404298 ], [ -89.98307709017395, 19.488756040029227 ], [ -89.983227052910252, 19.489790223760622 ], [ -89.983227068388828, 19.489790330467319 ], [ -89.983227090262133, 19.489790484055543 ], [ -89.983229459583129, 19.489806819360442 ], [ -89.983293673726351, 19.490237114550784 ], [ -89.983372460106438, 19.490765053727596 ], [ -89.983532526595582, 19.491837628036983 ], [ -89.98525678035007, 19.503390489367295 ], [ -89.975133019957042, 19.504696199754552 ], [ -89.957095310288409, 19.507225549003174 ], [ -89.956823540289591, 19.508248219396044 ], [ -89.949961629543168, 19.536175979447446 ], [ -89.957095310288437, 19.507225549003188 ], [ -89.985256780350099, 19.503390489367334 ], [ -89.98052420036187, 19.471148319777665 ] ], [ [ -89.992534970284979, 19.547675219211015 ], [ -89.996207279864905, 19.581271079048452 ], [ -89.996799049853252, 19.586682519032159 ], [ -89.997811229646089, 19.595937199577605 ], [ -89.998423290390548, 19.601532679511276 ], [ -89.992534970284979, 19.547675219211015 ] ], [ [ -90.002970310226971, 19.634632139337363 ], [ -89.98700330960223, 19.640150029707765 ], [ -89.983446309710303, 19.669414259068557 ], [ -89.987003309602258, 19.64015002970779 ], [ -90.002970310226999, 19.634632139337413 ], [ -90.010122430171677, 19.6321598296582 ], [ -90.001924860165843, 19.60204427969396 ], [ -90.002970310226971, 19.634632139337363 ] ], [ [ -89.990517080310596, 19.675219519148904 ], [ -89.992643890241126, 19.670388449580926 ], [ -89.990517080310553, 19.675219519148897 ], [ -89.990517080310596, 19.675219519148904 ] ], [ [ -90.003639320314932, 19.676795169514229 ], [ -90.004027180211068, 19.684120779356196 ], [ -90.004027180211111, 19.68412077935621 ], [ -90.003639320314932, 19.676795169514229 ] ], [ [ -90.00588636988266, 19.693860879329126 ], [ -90.012087720155392, 19.686807969100656 ], [ -90.005886369882603, 19.693860879329126 ], [ -90.00588636988266, 19.693860879329126 ] ], [ [ -90.072344250152653, 19.704361149137757 ], [ -90.057656660213453, 19.724399169809494 ], [ -90.054764139910674, 19.72978411917925 ], [ -90.042348000406818, 19.752649659364938 ], [ -90.042050289715633, 19.753209249086908 ], [ -90.03756846031844, 19.761839169285373 ], [ -90.031293850318448, 19.774357259177869 ], [ -90.061184320174419, 19.72678168911207 ], [ -90.063504459595563, 19.722161909750486 ], [ -90.072344250152668, 19.704361149137792 ], [ -90.085669570466592, 19.677723659315998 ], [ -90.072344250152653, 19.704361149137757 ] ], [ [ -90.04657384576916, 19.785482112717016 ], [ -90.051806059710586, 19.789125919296371 ], [ -90.0518060597106, 19.789125919296374 ], [ -90.04657384576916, 19.785482112717016 ] ], [ [ -90.350442279749259, 19.959915369574816 ], [ -90.34928121695161, 19.957137342654555 ], [ -90.349412351857282, 19.957451110030458 ], [ -90.349623862498078, 19.957957188304906 ], [ -90.350442279749259, 19.959915369574816 ] ], [ [ -90.3474359503101, 19.952234019656142 ], [ -90.347435950310114, 19.952234019656167 ], [ -90.346627642312058, 19.950038386460211 ], [ -90.3474359503101, 19.952234019656142 ] ], [ [ -90.346267749666637, 19.949060849298121 ], [ -90.346597745267957, 19.949957176417136 ], [ -90.345850679645523, 19.94792788913006 ], [ -90.346267749666637, 19.949060849298121 ] ], [ [ -90.330094749837457, 19.944826019491504 ], [ -90.330094749837485, 19.944826019491504 ], [ -90.329950501686554, 19.944797612840027 ], [ -90.330094749837457, 19.944826019491504 ] ], [ [ -90.301812659667036, 19.909652859577228 ], [ -90.299279690379777, 19.901258689877249 ], [ -90.298151770122104, 19.896992579574878 ], [ -90.297488600069812, 19.894513509223462 ], [ -90.299279690379748, 19.901258689877224 ], [ -90.299393320047301, 19.901635289336085 ], [ -90.301812659667007, 19.909652859577179 ], [ -90.301743599657797, 19.90999864917789 ], [ -90.309655880373839, 19.938608519443399 ], [ -90.301812659667036, 19.909652859577228 ] ], [ [ -90.238203919748756, 19.910072489507598 ], [ -90.241046770267801, 19.8734734591179 ], [ -90.253964150078502, 19.854039289664442 ], [ -90.241046770267772, 19.8734734591179 ], [ -90.238085660042827, 19.87756285956371 ], [ -90.235871080102058, 19.881004309471777 ], [ -90.238203919748756, 19.910072489507598 ] ], [ [ -90.245982939748131, 19.848089139240003 ], [ -90.24598293974816, 19.848089139240003 ], [ -90.244591642677079, 19.847227236582118 ], [ -90.245982939748131, 19.848089139240003 ] ], [ [ -90.186703877563659, 19.827992900444762 ], [ -90.188006140017777, 19.829432629634468 ], [ -90.188006140017805, 19.829432629634493 ], [ -90.186703877563659, 19.827992900444762 ] ], [ [ -90.201819549916365, 19.804244749374064 ], [ -90.201819549916337, 19.804244749374025 ], [ -90.182357879953372, 19.823188139623969 ], [ -90.201819549916365, 19.804244749374064 ] ], [ [ -90.207289480005286, 19.79829768953164 ], [ -90.207319800193929, 19.79850062969814 ], [ -90.205523939880507, 19.79710782901217 ], [ -90.207289480005286, 19.79829768953164 ] ], [ [ -90.146964120460197, 19.811186109500028 ], [ -90.147672779987687, 19.806860719144783 ], [ -90.146964120460154, 19.811186109500042 ], [ -90.146964120460197, 19.811186109500028 ] ], [ [ -90.097430939660157, 19.803142198946819 ], [ -90.080972250001196, 19.795450179130842 ], [ -90.080972250001182, 19.795450179130839 ], [ -90.097430939660157, 19.803142198946819 ] ], [ [ -90.389091909860255, 19.95269042973316 ], [ -90.389091909860255, 19.952690429733163 ], [ -90.390318170413892, 19.952792368495473 ], [ -90.389091909860255, 19.95269042973316 ] ], [ [ -90.080317746218043, 20.346930286990034 ], [ -90.057894095117447, 20.344605623335081 ], [ -90.057893886645545, 20.344605602374887 ], [ -90.056944052556489, 20.344510349359059 ], [ -90.05694354658776, 20.344510299517722 ], [ -90.056469078925915, 20.344462711584939 ], [ -90.055994011173979, 20.344415071262478 ], [ -90.055523669183131, 20.344345302350529 ], [ -90.055048650239854, 20.344274911640795 ], [ -90.054922563298433, 20.344261679855315 ], [ -90.054748333313896, 20.34424339604659 ], [ -90.05474686489832, 20.344255604234331 ], [ -90.05472549324989, 20.344433304189209 ], [ -90.054168307717887, 20.34435529628227 ], [ -90.049143473443706, 20.343726635712255 ], [ -90.03128337557591, 20.34185953815085 ], [ -90.018289806288919, 20.340674257719005 ], [ -90.031283375575939, 20.341859538150864 ], [ -90.054725493249919, 20.344433304189248 ], [ -90.054748333313938, 20.344243396046629 ], [ -90.055994011174008, 20.344415071262492 ], [ -90.074987136098528, 20.346498729156316 ], [ -90.080317746218086, 20.346930286990098 ], [ -90.090120266818985, 20.316191114841065 ], [ -90.080317746218043, 20.346930286990034 ] ], [ [ -89.993025775833473, 20.337975622842166 ], [ -89.993025775833516, 20.337975622842219 ], [ -90.016044859751403, 20.340433155135365 ], [ -89.993025775833473, 20.337975622842166 ] ], [ [ -89.978917654329848, 20.307513854479524 ], [ -89.98969137012736, 20.307700059683071 ], [ -89.976751302446999, 20.307476320256768 ], [ -89.978917654329848, 20.307513854479524 ] ], [ [ -89.976730354956629, 20.314470432971458 ], [ -89.932624989462354, 20.285217583712189 ], [ -89.937018844993077, 20.289399118693389 ], [ -89.946844001653773, 20.295742348263328 ], [ -89.96655764448731, 20.308466087833583 ], [ -89.976730354956629, 20.314470432971458 ] ], [ [ -89.926988499232891, 20.281171623003459 ], [ -89.916586504744103, 20.277386252551089 ], [ -89.928789354591132, 20.28191948512292 ], [ -89.926988499232891, 20.281171623003459 ] ], [ [ -89.879773476191033, 20.26527280555289 ], [ -89.897458839382253, 20.270653749997216 ], [ -89.909863909452085, 20.274286813282476 ], [ -89.91082031618545, 20.275106407471494 ], [ -89.912974307817308, 20.276041170754947 ], [ -89.879773476191033, 20.26527280555289 ] ] ], [ [ [ -91.956919260459458, 20.1970705096773 ], [ -91.955464480418996, 20.196114089748594 ], [ -91.957743520086822, 20.196741659671506 ], [ -91.956919260459458, 20.1970705096773 ] ] ], [ [ [ -91.978962489888445, 20.204030019173562 ], [ -91.976561140122286, 20.203187999085532 ], [ -91.976554970430485, 20.202769689088143 ], [ -91.978962489888445, 20.204030019173562 ] ] ], [ [ [ -91.961086649781365, 20.202943889403116 ], [ -91.962713420087738, 20.20502356939118 ], [ -91.962319779805668, 20.208619979739179 ], [ -91.961086649781365, 20.202943889403116 ] ] ], [ [ [ -90.497158750212193, 20.342300179644461 ], [ -90.498691140301375, 20.344187489278347 ], [ -90.496309710375797, 20.343711229715616 ], [ -90.497158750212193, 20.342300179644461 ] ] ], [ [ [ -90.469653709574771, 20.653066029786899 ], [ -90.470908169893448, 20.598392419087975 ], [ -90.478251169739266, 20.6182605391765 ], [ -90.469653709574771, 20.653066029786899 ] ] ], [ [ [ -90.462372219727726, 20.641538259808843 ], [ -90.470408540153585, 20.656105739444204 ], [ -90.46944539970643, 20.658428659657279 ], [ -90.461584979790217, 20.655516259082948 ], [ -90.462372219727726, 20.641538259808843 ] ] ], [ [ [ -90.458603119516354, 20.693744319696865 ], [ -90.456862480320638, 20.674530849457284 ], [ -90.454098940179406, 20.655891629183564 ], [ -90.466770780193301, 20.67280616896733 ], [ -90.458603119516354, 20.693744319696865 ] ] ] ] } },
{ "type": "Feature", "properties": { "name": "Chiapas" }, "geometry": { "type": "Polygon", "coordinates": [ [ [ -92.853977709650607, 15.158786599587957 ], [ -93.437366075727354, 15.674929460317173 ], [ -93.697663799921997, 15.864029919210081 ], [ -93.87517502959119, 15.96568581949111 ], [ -94.036008109714416, 16.022094719726553 ], [ -94.109567599615673, 16.179101249188697 ], [ -94.048469920188481, 16.216171479390059 ], [ -94.032960999901618, 16.275944969476818 ], [ -94.050664849719993, 16.329713919179941 ], [ -94.139156000009294, 16.461786429955577 ], [ -93.860915770332753, 17.163741139553263 ], [ -93.827137689853132, 17.17250348022931 ], [ -93.798305842673642, 17.241922640749888 ], [ -93.788609504555168, 17.232327341119859 ], [ -93.772450197735694, 17.245823558209157 ], [ -93.662694364997762, 17.256276901409549 ], [ -93.664411458491344, 17.286193384669435 ], [ -93.607939816028747, 17.314930020141638 ], [ -93.513804720209535, 17.442805260144187 ], [ -93.514878598641133, 17.490322819751263 ], [ -93.484145820099272, 17.549876549398054 ], [ -93.451707049425565, 17.546484229303026 ], [ -93.445945620244032, 17.585985689656237 ], [ -93.42048990868166, 17.590047940641316 ], [ -93.384788719983064, 17.644377939251036 ], [ -93.356277769967576, 17.648037449748188 ], [ -93.354302350316033, 17.712882179018447 ], [ -93.390547830367879, 17.773399709940101 ], [ -93.349135090105023, 17.767085279442725 ], [ -93.343111879756464, 17.787516679250906 ], [ -93.380948488990981, 17.783164950718046 ], [ -93.366610950188033, 17.802923319700415 ], [ -93.340585980023846, 17.798120549169969 ], [ -93.34089685011719, 17.930330659591228 ], [ -93.298009690060127, 17.938581779749729 ], [ -93.278322689637235, 17.98528780023624 ], [ -93.240920979597561, 17.950094689199176 ], [ -93.192001579532217, 17.956135719767364 ], [ -93.129128889840473, 17.907852379565526 ], [ -93.091375939906939, 17.897561249882479 ], [ -93.131800320066034, 17.852316419246559 ], [ -93.115640749621676, 17.822212629482785 ], [ -93.101645459757052, 17.845828339406889 ], [ -93.043126309052369, 17.842577309880703 ], [ -93.025436279606538, 17.825418449347112 ], [ -93.012013399899971, 17.793669029541856 ], [ -93.042638279706836, 17.768411509125389 ], [ -93.05772471024612, 17.72048874912074 ], [ -93.037116080365962, 17.70338190970471 ], [ -93.040525339946996, 17.609828149762109 ], [ -92.980489680359995, 17.537562829717054 ], [ -92.99264832043886, 17.530015719456696 ], [ -92.98487341976319, 17.511307859037395 ], [ -92.968042119792727, 17.517972719428844 ], [ -92.948119830210103, 17.482743019164214 ], [ -92.939199430138345, 17.502447309626035 ], [ -92.887356170400523, 17.51046353987952 ], [ -92.859808750264818, 17.500281549832771 ], [ -92.84987592032121, 17.468978139419583 ], [ -92.831552480339425, 17.480857169219021 ], [ -92.819630849806785, 17.432745949575487 ], [ -92.854264460462318, 17.411197629474586 ], [ -92.82921631978661, 17.396300489440964 ], [ -92.829399600455289, 17.408599339496973 ], [ -92.785794709851444, 17.417527289478336 ], [ -92.754180200190959, 17.343298659759363 ], [ -92.678765030025289, 17.378493569885173 ], [ -92.668185150438433, 17.456694569510077 ], [ -92.659408279552281, 17.444284739250914 ], [ -92.605825139854318, 17.477375739715651 ], [ -92.596989689862838, 17.520359649239783 ], [ -92.571410919798922, 17.549608619609764 ], [ -92.530073420161244, 17.549998419884258 ], [ -92.519984889553839, 17.573049769403344 ], [ -92.402078599981976, 17.578040109621568 ], [ -92.350673709638372, 17.617934059734377 ], [ -92.349897030102767, 17.702784719305544 ], [ -92.337347260153507, 17.712089629598943 ], [ -92.27462289028928, 17.692258049554013 ], [ -92.19449939974217, 17.776641179041931 ], [ -92.188487150389264, 17.768134629789657 ], [ -92.171950180206878, 17.786567849840438 ], [ -92.151708170478372, 17.764568879147777 ], [ -92.130825419760328, 17.766080349676198 ], [ -92.146582769549454, 17.814675999590058 ], [ -92.120481630125042, 17.795972689772046 ], [ -92.102033350384048, 17.850880169303139 ], [ -92.049407080053285, 17.854772029708354 ], [ -92.071797050177835, 17.877673649204755 ], [ -92.003355060087898, 17.890518179811806 ], [ -91.991289740136793, 17.919612309157085 ], [ -91.999887890044732, 17.943344649887404 ], [ -91.978452570276971, 17.913688649685859 ], [ -91.940304119950184, 17.907412949359568 ], [ -91.956832769721515, 17.879929909777484 ], [ -91.948409169635539, 17.863308348999471 ], [ -91.928061340040969, 17.870822509169809 ], [ -91.918127689976288, 17.899519649867845 ], [ -91.849686290168663, 17.882864599780255 ], [ -91.812521260109918, 17.900372029130136 ], [ -91.804368740006822, 17.868866449294202 ], [ -91.779690460194416, 17.851298579530539 ], [ -91.792371579767931, 17.824516939629945 ], [ -91.78225311995584, 17.782484628997768 ], [ -91.790161739968752, 17.746018109639852 ], [ -91.830661690382129, 17.73767722942992 ], [ -91.767852620325769, 17.703115450180714 ], [ -91.738806229898046, 17.710808649565454 ], [ -91.681377259647178, 17.670133719172615 ], [ -91.672992490371385, 17.683472429434449 ], [ -91.654743510089162, 17.676157119366223 ], [ -91.659898580003713, 17.630447460651553 ], [ -91.644567490422091, 17.621924550110261 ], [ -91.663563200057538, 17.612167139173319 ], [ -91.638827400216982, 17.581469429520965 ], [ -91.634287739625378, 17.534624260720584 ], [ -91.662816769722198, 17.479816739511328 ], [ -91.699979479732576, 17.46729784942309 ], [ -91.665205599805532, 17.461660229304528 ], [ -91.672043139561097, 17.444058819249342 ], [ -91.579688320352176, 17.407343819332915 ], [ -91.558793540232344, 17.400529579100848 ], [ -91.557856690253871, 17.422244149528005 ], [ -91.537244219787979, 17.419736169170179 ], [ -91.509935539814052, 17.392202709847172 ], [ -91.419832619841102, 17.374070679899539 ], [ -91.416775349710946, 17.3456271197369 ], [ -91.383514229697084, 17.312830549002221 ], [ -91.389549180340779, 17.299516449465742 ], [ -91.425529350276889, 17.30184411977061 ], [ -91.439758860431894, 17.250000049362161 ], [ -91.427424350043097, 17.216594829031219 ], [ -91.354747660085522, 17.19077113985696 ], [ -91.346489770433365, 17.15902711937186 ], [ -91.324450280169543, 17.182747309469868 ], [ -91.266447060189961, 17.17013302975969 ], [ -91.266943229710591, 17.107878109632608 ], [ -91.226958020247906, 17.095058969117098 ], [ -91.175253290081301, 17.015703999088981 ], [ -91.122759029568627, 17.003383939331073 ], [ -91.120049690105319, 16.977528339560951 ], [ -91.064480060335484, 16.925129749365443 ], [ -91.065627320042239, 16.902858249859364 ], [ -91.00711226014181, 16.886183509279331 ], [ -90.987831490164041, 16.863084949175313 ], [ -90.985063089690016, 16.897954079028366 ], [ -90.965009340182291, 16.901500019319428 ], [ -90.95450922001578, 16.884474169747055 ], [ -90.974054780116333, 16.863626459143873 ], [ -90.93363880038045, 16.859326489875517 ], [ -90.921765119760778, 16.821935379530149 ], [ -90.87771254020312, 16.82378621981303 ], [ -90.848784479754769, 16.796534879104321 ], [ -90.804091920430395, 16.798715799646125 ], [ -90.802809380407027, 16.776234509231671 ], [ -90.715258029669187, 16.727890659476191 ], [ -90.657595620097595, 16.639457649185299 ], [ -90.653357889868673, 16.594503049701071 ], [ -90.666841437824687, 16.581806450621617 ], [ -90.644634917658962, 16.579077220710982 ], [ -90.640492527113253, 16.595814260692158 ], [ -90.625600727602858, 16.577704340835659 ], [ -90.647077577336248, 16.560517780914942 ], [ -90.645410087183706, 16.518643480997355 ], [ -90.616583697801275, 16.521789620823274 ], [ -90.60562545757648, 16.50363734056145 ], [ -90.632493653176823, 16.480079850792251 ], [ -90.595196650384054, 16.490775379199345 ], [ -90.588445679982144, 16.46968581977486 ], [ -90.547011910071291, 16.482351089337651 ], [ -90.527801710071486, 16.457716219860021 ], [ -90.514215770107313, 16.469896339114356 ], [ -90.495804140348085, 16.453488549856456 ], [ -90.480352999972965, 16.461262939848918 ], [ -90.486087450264975, 16.423911999850798 ], [ -90.420724219937895, 16.424896539598247 ], [ -90.407719880084173, 16.404033249870892 ], [ -90.394268939596756, 16.415935519549755 ], [ -90.401126000108746, 16.391431889653614 ], [ -90.370799860270822, 16.371086429737399 ], [ -90.374555770157244, 16.359620349773188 ], [ -90.394627259612463, 16.374534969539841 ], [ -90.409765879929651, 16.363015889776058 ], [ -90.409314199945115, 16.345899139372666 ], [ -90.403034370151431, 16.361056569238716 ], [ -90.381642310258826, 16.338449579177919 ], [ -90.410010909936815, 16.329182939560518 ], [ -90.411643719833293, 16.307236289358727 ], [ -90.438570150452975, 16.302095339457956 ], [ -90.422429879699905, 16.259178909086049 ], [ -90.454716579734196, 16.248647909877491 ], [ -90.427826860125208, 16.233195539258819 ], [ -90.456673310332064, 16.20950567944519 ], [ -90.451978219941608, 16.185040369112208 ], [ -90.424504999601837, 16.163184449043918 ], [ -90.450250119767929, 16.14995079940946 ], [ -90.427881139511058, 16.13712137982321 ], [ -90.429765800141368, 16.117768859320069 ], [ -90.451445909691103, 16.124504019549104 ], [ -90.456611570217774, 16.112148719749413 ], [ -90.453669570105703, 16.09225913994177 ], [ -90.425038399598037, 16.103667019350603 ], [ -90.440840889633776, 16.074194889800914 ], [ -91.731384150078682, 16.074020369208259 ], [ -92.210075939871814, 15.261215379372558 ], [ -92.059197220347997, 15.070333649883867 ], [ -92.085665819943799, 15.020728859571349 ], [ -92.126982919615855, 15.015236619438607 ], [ -92.15076762939124, 14.98691757026204 ], [ -92.136216308953763, 14.891649570196881 ], [ -92.184834089783664, 14.828264249906184 ], [ -92.160725849649282, 14.773496539137609 ], [ -92.169930600433858, 14.743749659921221 ], [ -92.147494710086946, 14.719034539550439 ], [ -92.145738139978619, 14.663442579215562 ], [ -92.177054380225897, 14.626225629289262 ], [ -92.182476349738636, 14.578329479242193 ], [ -92.226751940439186, 14.532098369307546 ], [ -92.415535640322176, 14.692790561737091 ], [ -92.408701489629536, 14.702455679094397 ], [ -92.432573219836044, 14.728423459414856 ], [ -92.853977709650607, 15.158786599587957 ] ] ] } },
{ "type": "Feature", "properties": { "name": "Chihuahua" }, "geometry": { "type": "Polygon", "coordinates": [ [ [ -107.856264569981533, 26.226035119220676 ], [ -108.012797020164953, 26.439048059673173 ], [ -107.969639109534896, 26.470167859137529 ], [ -107.985622599632109, 26.472099769176406 ], [ -107.957265309943466, 26.493743948953934 ], [ -107.961016750162003, 26.526955398796009 ], [ -108.031809539508515, 26.615924349198501 ], [ -108.081603449544076, 26.641993829543946 ], [ -108.011746630303861, 26.689482428942267 ], [ -108.019230969790016, 26.730666748919777 ], [ -108.005700739627443, 26.761048798953251 ], [ -108.037649050033437, 26.769780799268684 ], [ -108.026820849946631, 26.798466369553097 ], [ -108.094107249955243, 26.870463679201578 ], [ -108.144247350156007, 26.867649319401508 ], [ -108.143101549705577, 26.907884138962434 ], [ -108.174548629818759, 26.881464829570273 ], [ -108.183915570245418, 26.899737999129474 ], [ -108.207390179602697, 26.906000079123764 ], [ -108.209717490027032, 26.88543764913296 ], [ -108.23023691012186, 26.905724579308643 ], [ -108.235015709869316, 26.958619849395394 ], [ -108.1815240195304, 26.994109919108816 ], [ -108.194274399602378, 27.031953349290252 ], [ -108.250447599478349, 27.041031488861226 ], [ -108.28601013994647, 27.01247064887238 ], [ -108.31655805043188, 27.034488349236138 ], [ -108.333326220469388, 27.00459630912745 ], [ -108.350109940024055, 27.022554428792642 ], [ -108.409640450057182, 27.013404949580444 ], [ -108.479974019804203, 27.039587708870275 ], [ -108.502486120069804, 26.987357029123292 ], [ -108.572247419913595, 27.012655829670365 ], [ -108.562535280066342, 27.046018939519811 ], [ -108.602276049567891, 27.036943279194052 ], [ -108.611426709526711, 27.154144749056073 ], [ -108.653220550046143, 27.176054599427644 ], [ -108.662578079805598, 27.219542919614454 ], [ -108.664375490161348, 27.239395829372786 ], [ -108.591045120035915, 27.318080479444447 ], [ -108.661648399923038, 27.464744349291106 ], [ -108.652405349778519, 27.537032909363464 ], [ -108.712807710167269, 27.566246479346233 ], [ -108.739852379738437, 27.599954578914943 ], [ -108.749313780279508, 27.664730819617137 ], [ -108.784494630057054, 27.730465248895243 ], [ -108.895515650285049, 27.744807089500405 ], [ -108.920294220209797, 27.783973059285593 ], [ -108.869140220448955, 27.83928633906346 ], [ -108.914867979945441, 27.854005229351785 ], [ -108.926511029752561, 27.940594229108072 ], [ -109.031899619906511, 28.018288029237596 ], [ -109.072894200334986, 28.148572348867976 ], [ -109.061990110329958, 28.199201939175666 ], [ -109.074886169632322, 28.272609418938615 ], [ -109.058436179881426, 28.267268859248315 ], [ -109.068696400139615, 28.286138849280537 ], [ -109.040681950045695, 28.266990019128066 ], [ -109.02277700013579, 28.27753193939413 ], [ -108.997443769714778, 28.255054538919129 ], [ -108.993974380098152, 28.297959659123279 ], [ -108.967261109763328, 28.264999749126517 ], [ -108.922014450318059, 28.251491779178487 ], [ -108.880663340362062, 28.264726429547125 ], [ -108.856088569511954, 28.251538288863653 ], [ -108.830422949944463, 28.265049279231931 ], [ -108.791663180318011, 28.253617059049098 ], [ -108.796684509649879, 28.267163449474573 ], [ -108.750983879873345, 28.271569348785064 ], [ -108.6872251099918, 28.303462489652095 ], [ -108.641293139668932, 28.291608649155663 ], [ -108.636180940150666, 28.335228019462917 ], [ -108.603507429866653, 28.34756190888929 ], [ -108.55092785051373, 28.318055449449151 ], [ -108.519637720336419, 28.334762179597668 ], [ -108.521650999803441, 28.365060628905816 ], [ -108.501365400122623, 28.355729259572854 ], [ -108.479701019674749, 28.369551059137294 ], [ -108.515541399783842, 28.426284319018652 ], [ -108.507671710219043, 28.508215909181956 ], [ -108.523286649587774, 28.505910349337192 ], [ -108.531286849972773, 28.556668579066599 ], [ -108.580151200371631, 28.632446339434871 ], [ -108.583785200369221, 28.740139379321974 ], [ -108.643294420072735, 28.765067549392032 ], [ -108.645556750026984, 28.794727089415829 ], [ -108.623817379506178, 28.806122999030084 ], [ -108.657849549950555, 28.809224488764304 ], [ -108.678176230006571, 28.863275878970626 ], [ -108.709797720458468, 28.88951545907452 ], [ -108.698145369723193, 28.936265659080661 ], [ -108.724353119542428, 29.069896999387609 ], [ -108.709438180429572, 29.083003318865075 ], [ -108.729589520322349, 29.096532689514877 ], [ -108.69852819950394, 29.127739569280049 ], [ -108.72885354023559, 29.171801139114212 ], [ -108.745296910393378, 29.16234273898684 ], [ -108.753869489554262, 29.20009805937574 ], [ -108.735408340152645, 29.217712689507838 ], [ -108.761887629849028, 29.253883578999915 ], [ -108.682208569706987, 29.26742981942747 ], [ -108.669732920459055, 29.307416919402929 ], [ -108.717753859935002, 29.465953829023405 ], [ -108.625155379962649, 29.501031289143523 ], [ -108.6487126599026, 29.509101029615337 ], [ -108.662309139572201, 29.544481658876848 ], [ -108.638324199674514, 29.558318829343985 ], [ -108.65950508024406, 29.584040679474047 ], [ -108.641137119956738, 29.588885659381702 ], [ -108.654987920247677, 29.649432889282473 ], [ -108.618280029938646, 29.660525449479607 ], [ -108.659098950023647, 29.716127399223758 ], [ -108.5925343803533, 29.717645718874696 ], [ -108.592751310039802, 29.728391489058481 ], [ -108.54077557006255, 29.736227969047874 ], [ -108.534964280063122, 29.751364509390253 ], [ -108.541258769673831, 29.796137848877045 ], [ -108.618559600213672, 29.800465999608882 ], [ -108.63571773979875, 29.829684479234622 ], [ -108.607199259646436, 29.84714005922574 ], [ -108.628708970416355, 29.953034398959364 ], [ -108.606922090024426, 30.028617919221183 ], [ -108.620217629544328, 30.298229719232516 ], [ -108.550546660468342, 30.266642179188352 ], [ -108.542199020507283, 30.283512169551763 ], [ -108.580005970251392, 30.337482108916486 ], [ -108.622056489965715, 30.340318168870176 ], [ -108.619839890412877, 30.374796379237228 ], [ -108.648652250441529, 30.416864718929116 ], [ -108.613558679946678, 30.435716378802756 ], [ -108.603843229717796, 30.465112999459052 ], [ -108.664771880142041, 30.468151649344325 ], [ -108.661972909800028, 30.521941889002296 ], [ -108.677792200162983, 30.557072719120928 ], [ -108.727439489671852, 30.580476909332699 ], [ -108.726665659710676, 30.594548079425575 ], [ -108.76201974997764, 30.587271969278756 ], [ -108.876465279836395, 30.624574319198075 ], [ -108.866925250244023, 30.689386629019019 ], [ -108.918968369633319, 30.739353658942822 ], [ -108.94830245003088, 30.736911279303655 ], [ -108.929849250173461, 30.861020919041874 ], [ -108.939242739816549, 30.907565168928368 ], [ -108.802392570487171, 30.904100998952636 ], [ -108.803255460267621, 31.004829258987407 ], [ -108.683807449596046, 31.005973318785554 ], [ -108.684386679889272, 31.033739539331787 ], [ -108.752466019971308, 31.033847509265797 ], [ -108.729899140436316, 31.052154178922436 ], [ -108.766156520283772, 31.073628178908621 ], [ -108.76999685949805, 31.102471829365609 ], [ -108.845640059664007, 31.135576219413196 ], [ -108.835012349600959, 31.169334709111379 ], [ -108.805024660397294, 31.192955538950439 ], [ -108.848331969498432, 31.195107579365466 ], [ -108.86068718013118, 31.218927199382133 ], [ -108.900332309781376, 31.202452119456556 ], [ -108.906290799855611, 31.213343089028946 ], [ -108.879812479949692, 31.238785938926981 ], [ -108.817231430099781, 31.239005659226876 ], [ -108.755916139569578, 31.332419019237548 ], [ -108.208473170307656, 31.33336333871123 ], [ -108.208373460326925, 31.783754019434184 ], [ -106.528523280159902, 31.783817449583413 ], [ -106.487545509029857, 31.747716859491074 ], [ -106.450928419707608, 31.764368319008888 ], [ -106.381268460200857, 31.732335048893631 ], [ -106.350212399244967, 31.697494769865642 ], [ -106.280406430109153, 31.56229199936384 ], [ -106.247188830166863, 31.542805829566916 ], [ -106.208130860355652, 31.467581909375166 ], [ -106.080196569735605, 31.398602778891384 ], [ -106.004782060259487, 31.392655018973194 ], [ -105.953510879798372, 31.364094339046314 ], [ -105.937827740364355, 31.318239909241758 ], [ -105.870331310224145, 31.289715829453687 ], [ -105.783274939898078, 31.198151028945233 ], [ -105.772577490071214, 31.166208179306011 ], [ -105.741898890139908, 31.16470773894336 ], [ -105.604142250041377, 31.083268058741986 ], [ -105.557586050516448, 30.990049629476097 ], [ -105.502848800370458, 30.968009819519406 ], [ -105.491525229927433, 30.94230294932424 ], [ -105.400095260002701, 30.889383429505159 ], [ -105.401186459541321, 30.853187999032851 ], [ -105.339103910504249, 30.840256419438862 ], [ -105.31650764957871, 30.810878829027025 ], [ -105.291161600293435, 30.825827849275601 ], [ -105.256364949965516, 30.794423289062902 ], [ -105.215552479943838, 30.805899479590927 ], [ -105.216820370523564, 30.783543449586578 ], [ -105.19555954954896, 30.792254199521786 ], [ -105.175549889614246, 30.767579629051568 ], [ -105.165914939859704, 30.779538878957677 ], [ -105.161688739756841, 30.75241707942023 ], [ -105.118587769757212, 30.749594799139679 ], [ -105.061936709967483, 30.685822119229261 ], [ -105.006902860096872, 30.685779688931934 ], [ -104.971676650000489, 30.610004059358349 ], [ -104.922360580394439, 30.603532019108787 ], [ -104.866487449765302, 30.494033429154321 ], [ -104.86824252001901, 30.442027459345969 ], [ -104.847835829720864, 30.42068024934283 ], [ -104.859162169625009, 30.390401059533236 ], [ -104.816567120029617, 30.375116599043125 ], [ -104.811282450083553, 30.332653059178689 ], [ -104.765330289529899, 30.306116619605316 ], [ -104.763186879954233, 30.274582999454221 ], [ -104.706194829954455, 30.234131428923341 ], [ -104.686257199990351, 30.172919749446226 ], [ -104.696450230471697, 30.134675458733579 ], [ -104.685086080113081, 30.085396739477137 ], [ -104.70659307998902, 30.050576088961865 ], [ -104.689843320406737, 30.014955998958847 ], [ -104.693487030288395, 29.975833379027851 ], [ -104.681029659635044, 29.977593819563761 ], [ -104.685005580390595, 29.956601049598142 ], [ -104.673475550216921, 29.956010999046644 ], [ -104.682949909687011, 29.929174548766994 ], [ -104.565346539939569, 29.770134919212886 ], [ -104.569709889733218, 29.752467379249921 ], [ -104.549714979503335, 29.741400139453177 ], [ -104.560438029505121, 29.736078799591048 ], [ -104.530843200207045, 29.690498309388758 ], [ -104.544159950059424, 29.680704219243403 ], [ -104.508334399737919, 29.632651279306721 ], [ -104.476350750155035, 29.628329719569006 ], [ -104.398981770421571, 29.573004489253609 ], [ -104.38492331967376, 29.542991459341643 ], [ -104.356153649895944, 29.541194749604433 ], [ -104.335383260073712, 29.519795689508449 ], [ -104.31340838014853, 29.531758549479676 ], [ -104.236821219638415, 29.497145568761137 ], [ -104.230750429583054, 29.479118149519444 ], [ -104.21288221989154, 29.485088829035021 ], [ -104.217506850081435, 29.456118549550688 ], [ -104.167929350392271, 29.395514849467169 ], [ -104.107813229599117, 29.373574689562354 ], [ -104.037893890000205, 29.319905169455176 ], [ -103.783324659518868, 29.265518879359597 ], [ -103.777302739750496, 29.221933779589307 ], [ -103.760380220373065, 29.233457169071258 ], [ -103.742647120001578, 29.22229664899946 ], [ -103.718278480456121, 29.181147508935009 ], [ -103.659226569989812, 29.170590419369724 ], [ -103.650145970386092, 29.156693949140518 ], [ -103.55407248002345, 29.15851602953175 ], [ -103.432817139709883, 29.043631648938188 ], [ -103.35960405022179, 29.018786089496995 ], [ -103.345081519612179, 29.046802219490569 ], [ -103.327484749781306, 29.039895319412356 ], [ -103.336475030379134, 29.018173309354257 ], [ -103.306887779560796, 29.023778629293091 ], [ -103.357700659645957, 28.920250629397547 ], [ -103.403650249746491, 28.869254169622614 ], [ -103.396346720206026, 28.833528568767584 ], [ -103.410015379736478, 28.840922379401327 ], [ -103.431663049787417, 28.81318034911941 ], [ -103.514512139708629, 28.664997849572693 ], [ -103.557295310183648, 28.611280679449418 ], [ -103.57265895028543, 28.64063916945846 ], [ -103.582001489908023, 28.628793508990622 ], [ -103.596373709683817, 28.639474549131975 ], [ -103.616046030371109, 28.598194719320201 ], [ -103.591915879735026, 28.590834259639369 ], [ -103.601008400503304, 28.574907399236867 ], [ -103.624567599919203, 28.581146508858318 ], [ -103.647944459611708, 28.532983479230353 ], [ -103.643010799893929, 28.512461878946592 ], [ -103.867499859541127, 28.112135679169395 ], [ -103.926691890399198, 27.971356748933271 ], [ -103.877715939903325, 27.957490339190787 ], [ -103.892885850038013, 27.914022969499484 ], [ -103.941867579701395, 27.927796489564567 ], [ -103.93564309005022, 27.945342369543596 ], [ -103.954973490042292, 27.950820999087643 ], [ -103.943331279601267, 27.888843219194641 ], [ -103.960001920139078, 27.835309019358878 ], [ -103.900843919504553, 27.826857258781725 ], [ -103.93564954957327, 27.79755273884383 ], [ -103.881145340212825, 27.739185739656289 ], [ -103.896692289949513, 27.740557249074232 ], [ -103.883244580138282, 27.657591819522082 ], [ -103.897262860222568, 27.656548769103793 ], [ -103.85460094980013, 27.549432739042434 ], [ -103.876876019906319, 27.311592139136501 ], [ -103.832122550024138, 27.298293479640687 ], [ -103.798427339783856, 27.213475689542754 ], [ -103.799398479811472, 27.124729538891341 ], [ -103.783470320494985, 27.09120559922869 ], [ -103.75246120045766, 27.077919598823225 ], [ -103.740834369686638, 27.022521749320266 ], [ -103.779947689798746, 27.008886288944588 ], [ -103.784628750448817, 26.980698519093721 ], [ -103.852089030269823, 26.934619419418503 ], [ -103.8359191800605, 26.935813349020631 ], [ -103.851700709703735, 26.896133829442277 ], [ -103.753967919504376, 26.829573449287441 ], [ -103.699094109623132, 26.725256378962925 ], [ -103.861298490036873, 26.754094569390872 ], [ -103.99383283012385, 26.753610419617285 ], [ -103.99499548978288, 26.777540258976313 ], [ -104.033190620139891, 26.774391489330846 ], [ -104.045737820094217, 26.74297653914218 ], [ -104.227808850411279, 26.777153629252698 ], [ -104.273042420283915, 26.842279519288475 ], [ -104.315306570409362, 26.799069518798451 ], [ -104.301761939770273, 26.771948569462879 ], [ -104.31727960032795, 26.760736749422112 ], [ -104.286543480472503, 26.72540299940971 ], [ -104.330387429999675, 26.656532919658495 ], [ -104.434775250432338, 26.604520539604742 ], [ -104.50282863040745, 26.465845919157207 ], [ -104.500974380041612, 26.414757429017556 ], [ -104.57445148003184, 26.340468278854065 ], [ -104.593856490163063, 26.380439648888423 ], [ -104.620088580411547, 26.368842649462731 ], [ -104.654075380444311, 26.391053019611135 ], [ -104.727036339656919, 26.47796491957105 ], [ -104.809274140041751, 26.508497419641241 ], [ -104.898900319597715, 26.510018308999623 ], [ -104.944376679744764, 26.468344689276627 ], [ -104.963215179965118, 26.473390919628113 ], [ -104.96310359958575, 26.449184349282795 ], [ -105.000389370397201, 26.454950828821904 ], [ -105.056634029585169, 26.419300539293101 ], [ -105.101549549691541, 26.521405519642549 ], [ -105.264682580205672, 26.462072749043053 ], [ -105.279081880029452, 26.487475369681128 ], [ -105.316752430195919, 26.462286779397061 ], [ -105.352765369563386, 26.47887647883385 ], [ -105.342706109745066, 26.50451550963869 ], [ -105.368624679683847, 26.534269449655714 ], [ -105.403427569761732, 26.517524659195306 ], [ -105.470142420449719, 26.527898049223758 ], [ -105.471513980121401, 26.508701679323192 ], [ -105.496085319778601, 26.542851878932428 ], [ -105.549003029673386, 26.546578579441711 ], [ -105.619487260261266, 26.683509449279054 ], [ -105.601010060118043, 26.614848889517006 ], [ -105.674883059553792, 26.617670309215001 ], [ -105.670947999793498, 26.63522645959754 ], [ -105.689880050086117, 26.657188849649909 ], [ -105.704798769499433, 26.652907689062918 ], [ -105.746341850311708, 26.713868578884497 ], [ -105.794261289987773, 26.698767259522924 ], [ -105.77580867969894, 26.660933139539779 ], [ -105.865437460096302, 26.747375859572308 ], [ -105.894101739949278, 26.741009489580417 ], [ -105.898336969809762, 26.763853878843104 ], [ -105.908606090302769, 26.752837819450338 ], [ -105.93919351047488, 26.76321551918738 ], [ -106.047339090378372, 26.844875909297784 ], [ -106.100642660303734, 26.759333178862452 ], [ -106.125262400093291, 26.77941036968506 ], [ -106.177626450383173, 26.77233657955415 ], [ -106.176580830026722, 26.727722049418727 ], [ -106.141444000278369, 26.720786649005944 ], [ -106.130674479780922, 26.702203379354543 ], [ -106.172662080076364, 26.70516679942499 ], [ -106.189675000464803, 26.695139319313636 ], [ -106.187989479646475, 26.674475768808598 ], [ -106.20792268010166, 26.678064749495444 ], [ -106.236540059584058, 26.612167489547318 ], [ -106.232961079733059, 26.559560369384599 ], [ -106.280135449532196, 26.532067229078176 ], [ -106.269571430119314, 26.527169429127145 ], [ -106.28066600018802, 26.511753549444894 ], [ -106.253881020153628, 26.507355549588958 ], [ -106.24203045997676, 26.466823849512448 ], [ -106.264374049719535, 26.406115919223325 ], [ -106.297598019672179, 26.396454799265204 ], [ -106.302176549627191, 26.363876319357338 ], [ -106.27545791999583, 26.367415458832532 ], [ -106.287040949760836, 26.335081568972424 ], [ -106.312257570399169, 26.348754399556782 ], [ -106.432775520352138, 26.204013419203378 ], [ -106.415614950053296, 26.139400289072782 ], [ -106.458643579649817, 26.112160689640781 ], [ -106.471229309488209, 26.060522918868223 ], [ -106.453396630495646, 26.027840689379744 ], [ -106.470406690096624, 26.005425749682821 ], [ -106.444712620104397, 26.005088219647948 ], [ -106.455815460263352, 25.972579199669763 ], [ -106.547306109622397, 25.952421749257958 ], [ -106.56012977991054, 25.912706769270343 ], [ -106.555967749505655, 25.691706629107394 ], [ -106.464041580066706, 25.74170965935728 ], [ -106.463617510053552, 25.729043679004839 ], [ -106.59182379995741, 25.64739171963349 ], [ -106.630847649699021, 25.585800118860337 ], [ -106.655595460187143, 25.575165829164021 ], [ -106.652826309607917, 25.558843619596651 ], [ -106.707969850190281, 25.602451259525054 ], [ -106.681968520226249, 25.579168449382596 ], [ -106.705758139812417, 25.59734973936942 ], [ -106.702548690102589, 25.581205749592584 ], [ -106.873755980254415, 25.57186482938641 ], [ -106.893783689559996, 25.644291349023998 ], [ -106.994324520072553, 25.662232599388851 ], [ -106.96693982042629, 25.668330819576351 ], [ -106.965322690174958, 25.697878579053054 ], [ -106.990298750109645, 25.714924059225968 ], [ -107.010680030051248, 25.691459379046307 ], [ -107.046144200097672, 25.699875259401765 ], [ -107.064223709896851, 25.719074088992429 ], [ -107.057904770049092, 25.757367969613725 ], [ -107.296128219803506, 25.9247933989598 ], [ -107.276346260259245, 26.001976539207028 ], [ -107.306691719950436, 26.048784148918447 ], [ -107.304889800399735, 26.076402429566194 ], [ -107.346527799804676, 26.109523119367527 ], [ -107.431042689593355, 26.142859919639605 ], [ -107.520019980257246, 26.104227169084449 ], [ -107.543277400056823, 26.146348939351977 ], [ -107.582027280312587, 26.170640119215541 ], [ -107.635749570243789, 26.154578049212233 ], [ -107.711075510354135, 26.174413059125037 ], [ -107.738716029520646, 26.167239689248788 ], [ -107.755172150116138, 26.134512448884482 ], [ -107.780690460217158, 26.136937579583197 ], [ -107.788923910440644, 26.168613779241536 ], [ -107.854018510167705, 26.196519379146356 ], [ -107.856264569981533, 26.226035119220676 ] ] ] } },
{ "type": "Feature", "properties": { "name": "Ciudad de México" }, "geometry": { "type": "Polygon", "coordinates": [ [ [ -99.135379019831589, 19.089296079403994 ], [ -99.226777780478102, 19.096059999298866 ], [ -99.278695220240238, 19.131701719269813 ], [ -99.315343349990883, 19.229196489722845 ], [ -99.342340970077103, 19.241122399003043 ], [ -99.339159889571278, 19.26769714919174 ], [ -99.364924200185825, 19.277769249633536 ], [ -99.317607630229347, 19.36572951960731 ], [ -99.222274428965676, 19.427022969314649 ], [ -99.209257540365584, 19.512409019526046 ], [ -99.157181109899597, 19.50284888898647 ], [ -99.17704574038639, 19.529328479157989 ], [ -99.156798120270182, 19.528090769454018 ], [ -99.15809551926931, 19.557351339453021 ], [ -99.123706089719263, 19.592757279204957 ], [ -99.108097220395237, 19.564888489944487 ], [ -99.128004578852668, 19.524531119976889 ], [ -99.063862539774803, 19.498778710340027 ], [ -99.046459066213075, 19.442364561384494 ], [ -99.058135719687769, 19.400692149321358 ], [ -98.99193917768585, 19.367598709402955 ], [ -98.957902629446963, 19.323227620016173 ], [ -98.97653062971051, 19.253125379292097 ], [ -98.968586509733953, 19.232217949480269 ], [ -98.940302820412199, 19.223239649822801 ], [ -98.968527919613464, 19.210571080038477 ], [ -98.952385650251784, 19.16863761922118 ], [ -98.967366399942307, 19.16443868952479 ], [ -98.954626309891481, 19.149524349140354 ], [ -98.966455939531585, 19.143870509133997 ], [ -98.959063509533308, 19.104277949647223 ], [ -98.97899540045519, 19.074455949215785 ], [ -99.028993679814775, 19.08536879535567 ], [ -99.059800230187008, 19.048236659564328 ], [ -99.125433120278728, 19.062064719651634 ], [ -99.135379019831589, 19.089296079403994 ] ] ] } },
{ "type": "Feature", "properties": { "name": "Coahuila" }, "geometry": { "type": "Polygon", "coordinates": [ [ [ -102.98917692047695, 24.798472349403976 ], [ -103.092763199666933, 24.82272994942165 ], [ -103.259145890014238, 24.964658769404672 ], [ -103.246563080022071, 24.996026599325369 ], [ -103.278015220423768, 25.034614169535487 ], [ -103.261774369882232, 25.058099649063774 ], [ -103.359539310432055, 25.110028848898537 ], [ -103.402857780385673, 25.182348909650777 ], [ -103.510936630186947, 25.279816598944119 ], [ -103.462059370315401, 25.376310939334058 ], [ -103.406699169728384, 25.398901399567023 ], [ -103.336916199561273, 25.371231139677477 ], [ -103.337632479904983, 25.397181849141059 ], [ -103.342059889648993, 25.415936658905007 ], [ -103.369062000432237, 25.416460719164728 ], [ -103.494414289633639, 25.537731799047254 ], [ -103.455444749716349, 25.557061449703792 ], [ -103.416025259755841, 25.614421598891518 ], [ -103.424770119624569, 25.623679919708501 ], [ -103.403275579981837, 25.628128289457944 ], [ -103.406003249614244, 25.645027148873162 ], [ -103.381422229580451, 25.64034233886985 ], [ -103.339436890229322, 25.707604819223896 ], [ -103.352836060054756, 25.71655308931636 ], [ -103.333705218139443, 25.738736107997994 ], [ -103.318587658500192, 25.812701289418065 ], [ -103.346360108752791, 25.860304380107412 ], [ -103.350488218818583, 26.142389950720126 ], [ -103.260825259883319, 26.284726819029839 ], [ -103.316792599823927, 26.361776179953534 ], [ -103.374183489810491, 26.602354888854428 ], [ -103.643891450155678, 26.690158489398694 ], [ -103.65825599949504, 26.719483949125749 ], [ -103.715248689929155, 26.735077259004402 ], [ -103.753967919504376, 26.829573449287441 ], [ -103.851700709703735, 26.896133829442277 ], [ -103.8359191800605, 26.935813349020631 ], [ -103.852089030269823, 26.934619419418503 ], [ -103.784628750448817, 26.980698519093721 ], [ -103.779947689798746, 27.008886288944588 ], [ -103.740834369686638, 27.022521749320266 ], [ -103.75246120045766, 27.077919598823225 ], [ -103.783470320494985, 27.09120559922869 ], [ -103.799398479811472, 27.124729538891341 ], [ -103.798427339783856, 27.213475689542754 ], [ -103.832122550024138, 27.298293479640687 ], [ -103.876876019906319, 27.311592139136501 ], [ -103.85460094980013, 27.549432739042434 ], [ -103.897262860222568, 27.656548769103793 ], [ -103.883244580138282, 27.657591819522082 ], [ -103.896692289949513, 27.740557249074232 ], [ -103.881145340212825, 27.739185739656289 ], [ -103.93564954957327, 27.79755273884383 ], [ -103.900843919504553, 27.826857258781725 ], [ -103.960001920139078, 27.835309019358878 ], [ -103.943331279601267, 27.888843219194641 ], [ -103.954973490042292, 27.950820999087643 ], [ -103.93564309005022, 27.945342369543596 ], [ -103.941867579701395, 27.927796489564567 ], [ -103.892885850038013, 27.914022969499484 ], [ -103.877715939903325, 27.957490339190787 ], [ -103.926691890399198, 27.971356748933271 ], [ -103.867499859541127, 28.112135679169395 ], [ -103.643010799893929, 28.512461878946592 ], [ -103.647944459611708, 28.532983479230353 ], [ -103.624567599919203, 28.581146508858318 ], [ -103.601008400503304, 28.574907399236867 ], [ -103.591915879735026, 28.590834259639369 ], [ -103.616046030371109, 28.598194719320201 ], [ -103.596373709683817, 28.639474549131975 ], [ -103.582001489908023, 28.628793508990622 ], [ -103.57265895028543, 28.64063916945846 ], [ -103.557295310183648, 28.611280679449418 ], [ -103.514512139708629, 28.664997849572693 ], [ -103.431663049787417, 28.81318034911941 ], [ -103.410015379736478, 28.840922379401327 ], [ -103.396346720206026, 28.833528568767584 ], [ -103.403650249746491, 28.869254169622614 ], [ -103.307639969723198, 29.003285659141902 ], [ -103.287905219795391, 29.00205184912479 ], [ -103.279922029889647, 28.975887488869638 ], [ -103.267341549704412, 28.996003689529935 ], [ -103.250521619930879, 28.980260168818894 ], [ -103.227996370000795, 28.991712938828385 ], [ -103.163865720094591, 28.972046459214727 ], [ -103.116098970309238, 28.984184079133843 ], [ -103.100709659842167, 29.060330878895694 ], [ -103.085874019874609, 29.053812739484194 ], [ -103.075972150320695, 29.091421419552251 ], [ -103.033797279626029, 29.10120396878569 ], [ -102.995274090425696, 29.179643819638571 ], [ -102.950819370119603, 29.173528649259264 ], [ -102.943185340126504, 29.191595749541239 ], [ -102.917894969939766, 29.190837379140145 ], [ -102.912311680475625, 29.219433688984083 ], [ -102.894369950402606, 29.208572879479028 ], [ -102.867574689840353, 29.223420149029725 ], [ -102.871509290003004, 29.241599619570245 ], [ -102.906306909559007, 29.259319058971617 ], [ -102.88398171969952, 29.347980509364159 ], [ -102.839219769942744, 29.358895349466422 ], [ -102.844936769994064, 29.374308278791478 ], [ -102.812389710434005, 29.400268319050792 ], [ -102.833222830379228, 29.410196689230432 ], [ -102.825377020316424, 29.457938139496463 ], [ -102.800667179493999, 29.48614228903838 ], [ -102.80832073985755, 29.522640249500814 ], [ -102.771049820219531, 29.548400169551321 ], [ -102.768416579504276, 29.594944779545955 ], [ -102.740201339694224, 29.597899479142932 ], [ -102.741021429547146, 29.635863718796259 ], [ -102.69330813975948, 29.676724028965999 ], [ -102.698622579786928, 29.697349148893721 ], [ -102.67467349048367, 29.744230939317681 ], [ -102.630281620262551, 29.734039489302333 ], [ -102.574035690461386, 29.75501950935935 ], [ -102.569567019832306, 29.771744399227426 ], [ -102.548049350226421, 29.744603079267623 ], [ -102.513671380367597, 29.765738149540454 ], [ -102.517778199499475, 29.783939909311016 ], [ -102.487248349881128, 29.786928659052215 ], [ -102.387576090339437, 29.761508849214049 ], [ -102.364907379949202, 29.845547198994272 ], [ -102.316348480252458, 29.880013849490112 ], [ -102.265099259653368, 29.867701769338233 ], [ -102.26033922956681, 29.853123019263723 ], [ -102.246438220197774, 29.864225799355324 ], [ -102.223230140282951, 29.840539219334932 ], [ -102.19626291994166, 29.836258349466252 ], [ -102.187027460235043, 29.848772998913034 ], [ -102.179552550099814, 29.826063658805747 ], [ -102.143576109870992, 29.803579619229222 ], [ -102.072216110270418, 29.786616119005753 ], [ -102.049121090229548, 29.785463019301378 ], [ -102.035450090006165, 29.804247858943125 ], [ -101.987864600248585, 29.796991509504497 ], [ -101.975493659706004, 29.815676878786576 ], [ -101.957620549867883, 29.795872088888586 ], [ -101.935426149702124, 29.799558369269452 ], [ -101.928948629719045, 29.782710178903141 ], [ -101.853213429900904, 29.807764458983662 ], [ -101.823601179517453, 29.787273489161947 ], [ -101.817646659680761, 29.811670428908176 ], [ -101.804367750050503, 29.780042909581901 ], [ -101.775298489496706, 29.789170619410587 ], [ -101.710081449850691, 29.761819948784343 ], [ -101.661464979759629, 29.771258489365582 ], [ -101.64441397963266, 29.754048288774054 ], [ -101.62719463032721, 29.770867379469127 ], [ -101.574861340398414, 29.769276018995779 ], [ -101.569752629996941, 29.796419259171401 ], [ -101.545565539663244, 29.812084219020093 ], [ -101.535794750073848, 29.757894109023294 ], [ -101.459467459900708, 29.789597219203468 ], [ -101.447676939818692, 29.750485049104416 ], [ -101.39877373955072, 29.767672259396065 ], [ -101.4156964496987, 29.746414618816001 ], [ -101.370908890131474, 29.698810459130616 ], [ -101.36019691953932, 29.648116478798368 ], [ -101.34585750983149, 29.662760939423169 ], [ -101.302381889751672, 29.651892419278976 ], [ -101.312676600468492, 29.605904199241316 ], [ -101.300249619825777, 29.574305419020138 ], [ -101.278912880514042, 29.587669019289962 ], [ -101.279163030124053, 29.619748319481086 ], [ -101.249809449587929, 29.623789259397672 ], [ -101.243014339886756, 29.56617057932457 ], [ -101.258601480137102, 29.522440569113549 ], [ -101.185552260070125, 29.518001859008031 ], [ -101.147633030304789, 29.474461488944442 ], [ -101.061812339649009, 29.464245519419734 ], [ -101.010058720401787, 29.368532168768713 ], [ -100.886435570103046, 29.307775148894908 ], [ -100.876868290087813, 29.280143569499458 ], [ -100.813785110492788, 29.263711978842672 ], [ -100.767013150122324, 29.195706029354447 ], [ -100.772779509811656, 29.16839151915817 ], [ -100.676119030433654, 29.103295599490611 ], [ -100.645666520130021, 28.987898399053801 ], [ -100.651456479912653, 28.94286370965018 ], [ -100.629651660260208, 28.92255070927839 ], [ -100.640914339827233, 28.914615259634669 ], [ -100.600950710418616, 28.901610399425483 ], [ -100.574422849596829, 28.828552169266462 ], [ -100.547631739744389, 28.826240369628199 ], [ -100.535128480254741, 28.804711429615356 ], [ -100.533444659735238, 28.758811459022127 ], [ -100.507370427906807, 28.740417617717966 ], [ -100.500177200100211, 28.661668149638658 ], [ -100.446179180387787, 28.641689198834094 ], [ -100.447156939512581, 28.609227028971912 ], [ -100.398693820311266, 28.585376019429116 ], [ -100.410999859661658, 28.549752019407958 ], [ -100.388540260225355, 28.515398979357293 ], [ -100.33387442013786, 28.499281658906963 ], [ -100.368399229769949, 28.476666888931316 ], [ -100.337467830196132, 28.443022459560144 ], [ -100.342931379714599, 28.387157749487212 ], [ -100.286760059844312, 28.31324245928641 ], [ -100.293621290126097, 28.278763369574751 ], [ -100.254515089839487, 28.237873969557494 ], [ -100.220636949750173, 28.232757969356751 ], [ -100.209161119875503, 28.191226229160513 ], [ -100.084609859565774, 28.145028689110887 ], [ -100.053003020421471, 28.085052419611134 ], [ -100.017747089737938, 28.065133508817741 ], [ -99.990492259797463, 27.993616538962605 ], [ -99.931224369566152, 27.980583019458994 ], [ -99.937649849936392, 27.942189479382876 ], [ -99.893527980329011, 27.89947954884676 ], [ -99.904082619581644, 27.87370491951728 ], [ -99.876962459968397, 27.841466319618089 ], [ -99.877636340392698, 27.799651339437062 ], [ -99.844365290159857, 27.778436679359523 ], [ -99.998844829980499, 27.615279399143695 ], [ -100.188425519733727, 27.799137179261979 ], [ -100.350609849851892, 27.684598549652517 ], [ -100.417699549848024, 27.393632749911959 ], [ -100.678006219766232, 27.334797308837434 ], [ -100.83412342031302, 27.195173968907508 ], [ -100.830561400127479, 27.073885479431624 ], [ -100.799436119998163, 27.045830749440025 ], [ -100.765863999656176, 27.0633251491018 ], [ -100.747713539539703, 27.036256778970834 ], [ -100.735835819945066, 27.047579718792438 ], [ -100.748620979877415, 27.081252819467771 ], [ -100.719659619951358, 27.079203378930433 ], [ -100.682718710331798, 27.111394578988421 ], [ -100.674242489894013, 27.084604968864461 ], [ -100.533997849504701, 27.045584429395383 ], [ -100.551358660354722, 26.858729739399848 ], [ -100.538155749968055, 26.808558199051571 ], [ -100.590135830413161, 26.759520659615976 ], [ -100.614400199787795, 26.68563888960535 ], [ -100.691228889850279, 26.61378941954321 ], [ -100.75303544994533, 26.735207798952736 ], [ -101.206762710050612, 26.369778199593068 ], [ -101.097619690188495, 26.252910419325897 ], [ -101.068574659132551, 26.189031030330138 ], [ -100.982742049910755, 26.139477199376483 ], [ -100.94289801898411, 26.086789059349382 ], [ -100.916415660081029, 26.07561054980544 ], [ -100.905531649831588, 25.956945709405307 ], [ -100.834424880146784, 25.945042909441209 ], [ -100.822668939048256, 25.916884540089093 ], [ -100.861901399625637, 25.818478620527596 ], [ -100.805613950072356, 25.724301799628385 ], [ -100.783420247657091, 25.639678429295671 ], [ -100.729772888962259, 25.633895659169841 ], [ -100.690286340475311, 25.567100779388909 ], [ -100.632901848937905, 25.571299349453266 ], [ -100.614732539397878, 25.542346910418097 ], [ -100.538435908624862, 25.531853919814139 ], [ -100.529699320181876, 25.514392880500409 ], [ -100.59975033939719, 25.519959520321656 ], [ -100.61909057970098, 25.505691080106661 ], [ -100.579510309230884, 25.494543978842152 ], [ -100.58488908858719, 25.470813050011195 ], [ -100.530883149632146, 25.463467649294508 ], [ -100.52270309003643, 25.434324719514649 ], [ -100.451878368876265, 25.410810719621566 ], [ -100.470098818984113, 25.337789850556518 ], [ -100.414560680121937, 25.326998110615996 ], [ -100.313023449289574, 25.33636721902316 ], [ -100.254138429525753, 25.306908770021693 ], [ -100.243141909371815, 25.26744334987951 ], [ -100.262510119961917, 25.254022799174319 ], [ -100.229575599413764, 25.217916510548335 ], [ -100.261383509363085, 25.207070569982093 ], [ -100.325550120362536, 25.222258749889839 ], [ -100.33200741991358, 25.18628521897493 ], [ -100.595685549343884, 25.25476251023645 ], [ -100.708887779902597, 25.236457569432368 ], [ -100.803130449578816, 25.165258458957737 ], [ -100.821505598728564, 24.996710830133349 ], [ -100.727495488895244, 24.918716548862751 ], [ -100.826132419976318, 24.835004569592716 ], [ -100.796978248822356, 24.750806910025936 ], [ -100.799934119799474, 24.556186079189978 ], [ -100.810416350285692, 24.551593780030831 ], [ -100.90223377972255, 24.583917740220691 ], [ -100.95879259879618, 24.542684060003925 ], [ -101.080495140167059, 24.591185309082309 ], [ -101.127619600213009, 24.623361770051318 ], [ -101.201725599703039, 24.765488320447588 ], [ -101.342141569600699, 24.813352510316381 ], [ -101.402157060380532, 24.788222429813917 ], [ -101.461639348887658, 24.73675681953403 ], [ -101.622269710484915, 24.758983079305164 ], [ -101.640767230487327, 24.80070353924441 ], [ -101.60901163038919, 24.789664139329233 ], [ -101.601260629551305, 24.835563199194301 ], [ -101.656331769545844, 24.860793169711606 ], [ -101.685149490195784, 24.840012659013123 ], [ -101.773462949681317, 24.875535119500046 ], [ -101.848809999625985, 25.017623619046329 ], [ -102.29551302986718, 25.125235508942247 ], [ -102.463325199592958, 25.115916149284811 ], [ -102.446763450357338, 24.999515419439245 ], [ -102.669693980027802, 25.066636489497782 ], [ -102.853130719865064, 24.772000949416558 ], [ -102.856402779670461, 24.739773968834903 ], [ -102.923027569529509, 24.780235849642423 ], [ -102.988706600349303, 24.796215979171457 ], [ -102.989176920476922, 24.798472349403937 ], [ -102.993009310423304, 24.814269619394011 ], [ -102.957836379502851, 24.830411118880569 ], [ -102.95680685020389, 24.831733539597913 ], [ -102.956980999531595, 24.864741229518035 ], [ -102.956806850203918, 24.831733539597938 ], [ -102.993009310423332, 24.814269619394047 ], [ -102.98917692047695, 24.798472349403976 ] ], [ [ -103.441298089604274, 25.321216689077495 ], [ -103.41158118079295, 25.29058898198387 ], [ -103.441298089604274, 25.321216689077499 ], [ -103.441298089604274, 25.321216689077495 ] ], [ [ -103.346241120218522, 25.22299028886756 ], [ -103.34624112021848, 25.222990288867553 ], [ -103.345606800289175, 25.259078029461016 ], [ -103.346241120218522, 25.22299028886756 ] ], [ [ -103.195927310010433, 25.194473199347204 ], [ -103.191970120371678, 25.169991169169499 ], [ -103.19041065994324, 25.160341019695533 ], [ -103.19197012037165, 25.16999116916945 ], [ -103.195927310010433, 25.194473199347204 ] ], [ [ -103.103787079527308, 25.111794689359137 ], [ -103.097501819960954, 25.041824399455933 ], [ -103.097708480349084, 25.02397762941062 ], [ -103.103787079527308, 25.111794689359137 ] ], [ [ -103.01914462952, 24.971581179472413 ], [ -103.045840380151859, 24.972766379317257 ], [ -103.046660489648573, 24.972802738841477 ], [ -103.04702394984163, 24.972818849585103 ], [ -103.069079800288833, 24.973794249332201 ], [ -103.019144629519957, 24.971581179472398 ], [ -103.062607790574717, 25.008619299252807 ], [ -103.01914462952, 24.971581179472413 ] ], [ [ -103.053585310063042, 24.925028709240006 ], [ -103.044417860184453, 24.940592518897578 ], [ -103.038258750355467, 24.961897689017309 ], [ -103.05358531006307, 24.925028709240017 ], [ -103.04036871042679, 24.916803211703229 ], [ -103.053585310063042, 24.925028709240006 ] ], [ [ -102.958606109555333, 24.866681748880893 ], [ -102.957165094148777, 24.864961054123153 ], [ -102.958694173540863, 24.866708916743292 ], [ -102.958606109555333, 24.866681748880893 ] ], [ [ -103.466426340227116, 25.276782879509899 ], [ -103.477487407994502, 25.290980756406473 ], [ -103.466426340227144, 25.276782879509895 ], [ -103.466426340227116, 25.276782879509899 ] ], [ [ -103.470134949637171, 25.301017079101555 ], [ -103.465851017573073, 25.297387833186697 ], [ -103.470134949637171, 25.301017079101559 ], [ -103.470134949637171, 25.301017079101555 ] ], [ [ -103.365755356989709, 25.626481419591929 ], [ -103.346902950211984, 25.641614799661284 ], [ -103.345488379771908, 25.645558979645283 ], [ -103.34548875367625, 25.645559912536413 ], [ -103.347527760613886, 25.650647207887694 ], [ -103.347536049838737, 25.650667889505019 ], [ -103.346508150001512, 25.652461549462789 ], [ -103.346241800265616, 25.652926349283334 ], [ -103.346237429624253, 25.655278509235391 ], [ -103.346237452460656, 25.655278685006635 ], [ -103.346501749807771, 25.657286218926085 ], [ -103.346508750010187, 25.657339429649078 ], [ -103.346728250068992, 25.659006538830571 ], [ -103.34838529807223, 25.671543660351016 ], [ -103.348464310147222, 25.672141399039823 ], [ -103.347536049838766, 25.650667889505034 ], [ -103.347527760613929, 25.650647207887719 ], [ -103.34548837977195, 25.645558979645308 ], [ -103.346902950212012, 25.641614799661298 ], [ -103.365755356989709, 25.626481419591929 ] ], [ [ -103.366152897774484, 25.626068557241585 ], [ -103.366152897774455, 25.626068557241545 ], [ -103.365754630104107, 25.626480229455257 ], [ -103.366152897774484, 25.626068557241585 ] ], [ [ -103.364949108165803, 25.62593021417592 ], [ -103.365238727611541, 25.625963037042546 ], [ -103.364916837300214, 25.625926556932413 ], [ -103.364949108165803, 25.62593021417592 ] ], [ [ -103.361074209675323, 25.625406894104596 ], [ -103.361076744839323, 25.625407265477666 ], [ -103.361069987714671, 25.625406275639516 ], [ -103.361074209675323, 25.625406894104596 ] ], [ [ -103.358116905070816, 25.624973650115145 ], [ -103.358119969740216, 25.624974099123438 ], [ -103.357802878384902, 25.62492764152854 ], [ -103.358116905070816, 25.624973650115145 ] ], [ [ -103.312949799895591, 25.618331019360426 ], [ -103.313470695586119, 25.618415640408713 ], [ -103.312811807027089, 25.618308598354389 ], [ -103.312949799895591, 25.618331019360426 ] ], [ [ -103.303192340311867, 25.616826479551047 ], [ -103.303295416835141, 25.616842192554234 ], [ -103.303097636119901, 25.616815871361538 ], [ -103.303192340311867, 25.616826479551047 ] ], [ [ -103.288204180454201, 25.615474799603021 ], [ -103.288933400495267, 25.618345289587165 ], [ -103.286758403013977, 25.615203052923771 ], [ -103.288204180454201, 25.615474799603021 ] ], [ [ -103.274743200096196, 25.612944689082571 ], [ -103.274675770737517, 25.612803038802337 ], [ -103.274692489953736, 25.612838199320485 ], [ -103.274710550431294, 25.612876139589808 ], [ -103.274743200096196, 25.612944689082571 ] ], [ [ -103.272450139944354, 25.608127619234555 ], [ -103.269951905910531, 25.602312597113059 ], [ -103.274432419092804, 25.612291822050487 ], [ -103.272450139944354, 25.608127619234555 ] ], [ [ -103.269914752023865, 25.602226112280068 ], [ -103.26990097038103, 25.602194028851738 ], [ -103.269900970381016, 25.602194028851713 ], [ -103.269914752023865, 25.602226112280068 ] ], [ [ -103.268383420403651, 25.599243079302028 ], [ -103.260948583851075, 25.582595068468056 ], [ -103.269874163179949, 25.602141900948787 ], [ -103.268383420403651, 25.599243079302028 ] ], [ [ -103.260814426089894, 25.582294619685989 ], [ -103.290614180227294, 25.585074509321981 ], [ -103.302698199852259, 25.579496049363822 ], [ -103.303080050089079, 25.578018168997218 ], [ -103.308383139761929, 25.555832479292519 ], [ -103.30955224961032, 25.551275059541112 ], [ -103.309581709867942, 25.551160179656662 ], [ -103.309593510020022, 25.551113459244547 ], [ -103.308383139761915, 25.555832479292469 ], [ -103.302698199852216, 25.579496049363783 ], [ -103.260814426089894, 25.582294619685989 ] ], [ [ -103.309417688863178, 25.551101419616696 ], [ -103.310601450491902, 25.54718468931771 ], [ -103.310601476473394, 25.547184588412954 ], [ -103.310602232725969, 25.547181641288212 ], [ -103.310815564220022, 25.546349921589325 ], [ -103.31087269029581, 25.546127199099573 ], [ -103.311591346140091, 25.543325248023255 ], [ -103.312081599750741, 25.541413739615002 ], [ -103.312318948748171, 25.540488279345904 ], [ -103.312354455396601, 25.540349809934057 ], [ -103.312354599729204, 25.540349249952229 ], [ -103.31245050927258, 25.539975340443664 ], [ -103.312777149233384, 25.538701600540346 ], [ -103.313642739109568, 25.535326310609197 ], [ -103.313748369876649, 25.534914400454728 ], [ -103.31379670473811, 25.534725869310758 ], [ -103.314294770295405, 25.532781400438346 ], [ -103.3144606003262, 25.532165288819961 ], [ -103.317391059566447, 25.520707369052776 ], [ -103.320266089716597, 25.510062219612539 ], [ -103.323527910173226, 25.497472799674799 ], [ -103.317391059566418, 25.520707369052751 ], [ -103.314460600326157, 25.5321652888199 ], [ -103.314294770295362, 25.532781400438331 ], [ -103.310601450491859, 25.547184689317675 ], [ -103.31021526019039, 25.547992968819532 ], [ -103.309477779872495, 25.550861570364976 ], [ -103.309417688863178, 25.551101419616696 ] ], [ [ -103.323241060200061, 25.497415079051684 ], [ -103.330849695286489, 25.466599185673704 ], [ -103.330877490097521, 25.466486579921238 ], [ -103.330948779534154, 25.466197819720882 ], [ -103.330977264113741, 25.466082420382598 ], [ -103.331713609626846, 25.463099140123227 ], [ -103.33230432665593, 25.460705765391815 ], [ -103.332305680474164, 25.460700279201617 ], [ -103.323241060200061, 25.497415079051684 ] ], [ [ -103.332237830477425, 25.460687569532961 ], [ -103.336751229776638, 25.444516569433809 ], [ -103.336847909825948, 25.444444308876022 ], [ -103.337074539841069, 25.443404779109233 ], [ -103.337011230379431, 25.443321418841609 ], [ -103.337107779979874, 25.443237819384322 ], [ -103.337300489630778, 25.442300629011488 ], [ -103.337337000289168, 25.442208479442687 ], [ -103.337561740384089, 25.441229079565119 ], [ -103.337760580438342, 25.440309309493511 ], [ -103.337605503637434, 25.439845088694376 ], [ -103.337587120415435, 25.439790059455319 ], [ -103.33794549497911, 25.438462214298539 ], [ -103.338293951099672, 25.437171090476124 ], [ -103.338320465145699, 25.43707284799881 ], [ -103.338504943012964, 25.436389293874281 ], [ -103.338508642541868, 25.436375583964633 ], [ -103.338508777300206, 25.436375086591593 ], [ -103.338787399819807, 25.435342678897303 ], [ -103.340989939786482, 25.427180649673254 ], [ -103.341131030058563, 25.426657739589892 ], [ -103.342035399667211, 25.422770198932611 ], [ -103.34218978034518, 25.422106548823034 ], [ -103.343481520329732, 25.416357108926771 ], [ -103.34353911020159, 25.416100779569511 ], [ -103.332237830477425, 25.460687569532961 ] ] ] } },
{ "type": "Feature", "properties": { "name": "Colima" }, "geometry": { "type": "MultiPolygon", "coordinates": [ [ [ [ -114.756376124531982, 18.365303725649156 ], [ -114.689607706893227, 18.371135919409411 ], [ -114.68050216563887, 18.361308419235773 ], [ -114.698368408068774, 18.345159229840426 ], [ -114.752103046935886, 18.338863909285386 ], [ -114.756376124531982, 18.365303725649156 ] ] ], [ [ [ -110.998898539172927, 18.858949359363351 ], [ -110.940263049397117, 18.834317716219584 ], [ -110.907745076124982, 18.778911534752208 ], [ -110.920091834044186, 18.732295175612645 ], [ -110.951474520800886, 18.719222982558044 ], [ -110.970817339313186, 18.745283580308236 ], [ -111.015535534348572, 18.753744180210809 ], [ -111.035862032199688, 18.787923751929025 ], [ -111.049110678070804, 18.779854983813689 ], [ -111.055591438690584, 18.78068886938512 ], [ -111.040968886415044, 18.798441097801248 ], [ -111.052058195779097, 18.816302955694891 ], [ -111.012935733874798, 18.825372713271975 ], [ -110.998898539172927, 18.858949359363351 ] ] ], [ [ [ -112.06431265993966, 18.991570179210591 ], [ -112.066131289769999, 18.992148179642072 ], [ -112.066244910166631, 18.993362629293898 ], [ -112.06431265993966, 18.991570179210591 ] ] ], [ [ [ -103.971549056425914, 18.864106536627713 ], [ -104.160813690216841, 18.962683909599605 ], [ -104.332064120127384, 19.017621879005123 ], [ -104.330074250419628, 19.05115985921854 ], [ -104.30535163084248, 19.057295568174332 ], [ -104.30395369770099, 19.071855488721187 ], [ -104.333972977045548, 19.102160304534404 ], [ -104.354155339796947, 19.091037798987696 ], [ -104.356953520267609, 19.116129349432835 ], [ -104.394924400398921, 19.113862109148648 ], [ -104.395431405356121, 19.085027014229052 ], [ -104.411320255343696, 19.106449777586413 ], [ -104.438474664565547, 19.098395302485311 ], [ -104.436415750196417, 19.086046719714609 ], [ -104.44171797966267, 19.083256749447756 ], [ -104.45147240043039, 19.108483719782978 ], [ -104.48544813393849, 19.123047799041991 ], [ -104.604009290261999, 19.150866119413067 ], [ -104.69022728048057, 19.176544539821254 ], [ -104.688976659817669, 19.184092629786321 ], [ -104.618821569688919, 19.180851449555128 ], [ -104.612833890191766, 19.155482819431736 ], [ -104.589840080248067, 19.15009521970995 ], [ -104.600287480136089, 19.179053369305699 ], [ -104.576937620448462, 19.180204599436049 ], [ -104.569112739554143, 19.21869522971604 ], [ -104.530287860450656, 19.259788829157831 ], [ -104.508384739819576, 19.244225049321276 ], [ -104.49453542989508, 19.253947049764943 ], [ -104.48895489006172, 19.229943369279063 ], [ -104.471672910308754, 19.228835849430734 ], [ -104.439259120252373, 19.277987859563641 ], [ -104.400945599875101, 19.289069799256353 ], [ -104.401322510286747, 19.266813029714488 ], [ -104.374273460346743, 19.281883979299259 ], [ -104.361873689921055, 19.269078419000728 ], [ -104.343880290283849, 19.289545979230819 ], [ -104.314803909559927, 19.279355889814834 ], [ -104.297591000362175, 19.302670769597579 ], [ -104.261179050131304, 19.311806199814047 ], [ -104.191667370105364, 19.29220976917555 ], [ -104.17980131889675, 19.312562120008248 ], [ -104.161649829566969, 19.302719648988884 ], [ -104.122984619677354, 19.319041939618291 ], [ -104.133344120049657, 19.353745830243628 ], [ -104.090226219386935, 19.393024799022307 ], [ -104.061725059829357, 19.497702939421114 ], [ -104.000045550014761, 19.468828830629512 ], [ -103.974007090269453, 19.474552910190422 ], [ -103.964798659866531, 19.45416265007422 ], [ -103.89952159986025, 19.434547249761671 ], [ -103.908765460436484, 19.453628309405818 ], [ -103.889330890098847, 19.463597309446399 ], [ -103.856452770283525, 19.431330539305584 ], [ -103.824134889600245, 19.437788249690243 ], [ -103.819252859670769, 19.408739709613503 ], [ -103.718257319660054, 19.453497509641839 ], [ -103.69004528956124, 19.492447769637938 ], [ -103.618276509891672, 19.512518769848736 ], [ -103.606199309631748, 19.500557859625243 ], [ -103.615357570086417, 19.474995449612305 ], [ -103.574268420017916, 19.411562319530283 ], [ -103.486429980247706, 19.337890649493012 ], [ -103.509181580435396, 19.295149909055187 ], [ -103.515238519594078, 19.211351799411364 ], [ -103.497630880323797, 19.174642149109935 ], [ -103.526480630064839, 19.07872804932633 ], [ -103.488505540091893, 19.027586749547691 ], [ -103.490480910094533, 18.958991179096294 ], [ -103.508601450247454, 18.963671319151199 ], [ -103.531347919598844, 18.906259119528112 ], [ -103.558074680365266, 18.906580428986363 ], [ -103.573244139546858, 18.871327889784965 ], [ -103.587575689598921, 18.86584694983317 ], [ -103.615556110246331, 18.892420879349505 ], [ -103.630280090060623, 18.885324848997254 ], [ -103.640572369776734, 18.867244489866561 ], [ -103.617187259544565, 18.842851339605279 ], [ -103.620031019655798, 18.801383199213021 ], [ -103.7003026502164, 18.754355749363459 ], [ -103.737905232960927, 18.684022941647548 ], [ -103.803418939847404, 18.74891022956168 ], [ -103.971549056425914, 18.864106536627713 ] ] ], [ [ [ -104.488821527962784, 19.103569805463785 ], [ -104.484882547240986, 19.102822294343824 ], [ -104.487341392155471, 19.101207211292525 ], [ -104.488821527962784, 19.103569805463785 ] ] ], [ [ [ -110.797424826499665, 19.334513721808246 ], [ -110.796777301173918, 19.301532760763607 ], [ -110.814209697627049, 19.298804335166921 ], [ -110.815693934386658, 19.314386408646843 ], [ -110.797424826499665, 19.334513721808246 ] ] ] ] } },
{ "type": "Feature", "properties": { "name": "Durango" }, "geometry": { "type": "Polygon", "coordinates": [ [ [ -104.172132399621958, 23.128407679098338 ], [ -104.166592889840615, 22.945220719676051 ], [ -104.132994020170557, 22.904958549737202 ], [ -104.112644350393367, 22.905118029597187 ], [ -104.111484799679587, 22.810310859657708 ], [ -104.095227179526049, 22.805838849510931 ], [ -104.080475230042083, 22.766616819329467 ], [ -104.182180850474538, 22.758268109334907 ], [ -104.221038709512442, 22.779420148923023 ], [ -104.232074649971267, 22.753103938996052 ], [ -104.266344399863655, 22.736539369625891 ], [ -104.289965880337945, 22.645609568978301 ], [ -104.269274940016075, 22.635821109091832 ], [ -104.283287890323805, 22.621703249176964 ], [ -104.261407479705454, 22.586202849682543 ], [ -104.325824169868099, 22.537396659106541 ], [ -104.296125820423228, 22.472989079452752 ], [ -104.32018806046085, 22.430094249449127 ], [ -104.348842919711743, 22.409716648941608 ], [ -104.371512219602025, 22.421658649656614 ], [ -104.495389849862121, 22.376324139556175 ], [ -104.481209680300012, 22.351616919313493 ], [ -104.506377349664277, 22.345099319432709 ], [ -104.593084859586114, 22.411954829489893 ], [ -104.60256060025678, 22.460508079605184 ], [ -104.655291720301292, 22.462154659591178 ], [ -104.655754939948196, 22.540069709779441 ], [ -104.669998319754924, 22.565261739378293 ], [ -104.708737079878304, 22.554624319392872 ], [ -104.719796779954294, 22.569045219489912 ], [ -104.736067489638614, 22.557949689751631 ], [ -104.759812170113477, 22.56871836935747 ], [ -104.775934199656774, 22.585123308926619 ], [ -104.774094319774463, 22.632549779190942 ], [ -104.793992080421518, 22.648710979630678 ], [ -104.814677509821777, 22.634249179705989 ], [ -104.858397059650173, 22.648326709454821 ], [ -104.862493119746134, 22.607070488955369 ], [ -104.960525170397631, 22.505311448999674 ], [ -104.987912540409894, 22.498726579232052 ], [ -105.007552739955131, 22.585671969517257 ], [ -105.072368939747236, 22.656499089067868 ], [ -105.068422510178635, 22.678414149499989 ], [ -104.892720449895819, 22.737409249169371 ], [ -104.915636649817984, 22.748537969516956 ], [ -104.905576320298366, 22.799577519453035 ], [ -104.918389200152163, 22.819780749559531 ], [ -104.958967309854785, 22.813604599114125 ], [ -104.988405229683096, 22.836049319101232 ], [ -104.987795630098276, 22.888252018892874 ], [ -105.010039120059986, 22.922362739106447 ], [ -105.003139420136264, 22.97698267924325 ], [ -105.323569889751909, 22.941330169556913 ], [ -105.343049260382841, 22.968159289302896 ], [ -105.33370491003619, 22.9946820897697 ], [ -105.353856510218904, 23.019784799142037 ], [ -105.350471180216928, 23.060575339638177 ], [ -105.398251279498908, 23.088207028890498 ], [ -105.415892349950212, 23.116897339428036 ], [ -105.501978149555185, 23.128011628896814 ], [ -105.554309079957306, 23.098886658946459 ], [ -105.64399074954261, 23.141768079752637 ], [ -105.630317350376842, 23.235581089169358 ], [ -105.642635710330367, 23.238958419028407 ], [ -105.643208400367726, 23.27647908971662 ], [ -105.687084110251377, 23.287520019517938 ], [ -105.694004740120292, 23.340569219176238 ], [ -105.730689660299376, 23.374897289613305 ], [ -105.700288749579371, 23.4201705793411 ], [ -105.738864629519469, 23.445205509061122 ], [ -105.723444780190874, 23.474840138930421 ], [ -105.760338580260239, 23.502959289277669 ], [ -105.769302229572276, 23.55646530913431 ], [ -105.811643889682585, 23.611028549476877 ], [ -105.845516019729587, 23.603255539152059 ], [ -105.845185820410109, 23.583694829306193 ], [ -105.853596020056543, 23.597287598862785 ], [ -105.88431791009674, 23.590393858992599 ], [ -105.892655377559748, 23.552645279950156 ], [ -105.908905366856374, 23.588269552365009 ], [ -105.926633748567511, 23.684135662186652 ], [ -105.906093347026527, 23.739398852359727 ], [ -105.92306290841185, 23.747753772361282 ], [ -105.961265569714172, 23.840742149432231 ], [ -105.95366198021344, 23.908584578860751 ], [ -105.867241320219023, 23.875242979542616 ], [ -105.857587950495855, 23.899296149507709 ], [ -105.899919399881909, 23.943921289013801 ], [ -105.945415060067546, 23.948025689378461 ], [ -105.908461579676981, 23.983426629607152 ], [ -105.912135849963903, 23.997533858940997 ], [ -105.998719739904018, 24.043383139386624 ], [ -106.007883450232441, 24.072506629671231 ], [ -105.989724000006618, 24.114390169673001 ], [ -106.043883570137638, 24.220850348851641 ], [ -106.069948349683514, 24.220200578954614 ], [ -106.075843230012467, 24.27138919898356 ], [ -106.152539620345721, 24.338770369429607 ], [ -106.169975200462005, 24.333650179651844 ], [ -106.268869419687945, 24.374755289087368 ], [ -106.33632981959218, 24.355695319452934 ], [ -106.367544660213994, 24.301940799008257 ], [ -106.469654660443595, 24.277856949266297 ], [ -106.517093550344057, 24.286984258967507 ], [ -106.601588309836202, 24.414565849584754 ], [ -106.56927602006671, 24.437020579109763 ], [ -106.560015800449989, 24.472710619584618 ], [ -106.630067079994504, 24.506503138838291 ], [ -106.622607000297918, 24.524896678943726 ], [ -106.645460659663925, 24.528979458963999 ], [ -106.705948369794342, 24.665261659341361 ], [ -106.865852879669575, 24.822955338880497 ], [ -106.93066256989097, 24.820916679712276 ], [ -106.951418108564752, 24.859023719002536 ], [ -106.927080258669022, 24.866624379242747 ], [ -106.934507649802981, 24.880535848872345 ], [ -107.000575430159614, 24.92824101959647 ], [ -107.021052879639711, 24.909908279460982 ], [ -107.018343909544924, 24.933617369370786 ], [ -107.063571289028104, 25.025255349239863 ], [ -107.12989162963801, 25.053138799485343 ], [ -107.124918548918544, 25.186639829413302 ], [ -107.148774799055047, 25.224548138916433 ], [ -107.121057118538559, 25.243111219082028 ], [ -107.157202750247933, 25.261764979031536 ], [ -107.207816570355817, 25.331564228930421 ], [ -107.171550799956378, 25.326357878948567 ], [ -107.210132230315395, 25.417100509502291 ], [ -107.158690550092189, 25.441992139337554 ], [ -107.139294969860828, 25.489564858994836 ], [ -107.178117320038368, 25.515176369555494 ], [ -107.173879490384465, 25.556552569220916 ], [ -107.124564860271349, 25.55041437925804 ], [ -106.973290459760776, 25.629570429073489 ], [ -106.994324520072553, 25.662232599388851 ], [ -106.893783689559996, 25.644291349023998 ], [ -106.873755980254415, 25.57186482938641 ], [ -106.702548690102589, 25.581205749592584 ], [ -106.705758139812417, 25.59734973936942 ], [ -106.681968520226249, 25.579168449382596 ], [ -106.707969850190281, 25.602451259525054 ], [ -106.652826309607917, 25.558843619596651 ], [ -106.655595460187143, 25.575165829164021 ], [ -106.630847649699021, 25.585800118860337 ], [ -106.59182379995741, 25.64739171963349 ], [ -106.463617510053552, 25.729043679004839 ], [ -106.464041580066706, 25.74170965935728 ], [ -106.555967749505655, 25.691706629107394 ], [ -106.56012977991054, 25.912706769270343 ], [ -106.547306109622397, 25.952421749257958 ], [ -106.455815460263352, 25.972579199669763 ], [ -106.444712620104397, 26.005088219647948 ], [ -106.470406690096624, 26.005425749682821 ], [ -106.453396630495646, 26.027840689379744 ], [ -106.471229309488209, 26.060522918868223 ], [ -106.458643579649817, 26.112160689640781 ], [ -106.415614950053296, 26.139400289072782 ], [ -106.432775520352138, 26.204013419203378 ], [ -106.312257570399169, 26.348754399556782 ], [ -106.287040949760836, 26.335081568972424 ], [ -106.27545791999583, 26.367415458832532 ], [ -106.302176549627191, 26.363876319357338 ], [ -106.297598019672179, 26.396454799265204 ], [ -106.264374049719535, 26.406115919223325 ], [ -106.24203045997676, 26.466823849512448 ], [ -106.253881020153628, 26.507355549588958 ], [ -106.28066600018802, 26.511753549444894 ], [ -106.269571430119314, 26.527169429127145 ], [ -106.280135449532196, 26.532067229078176 ], [ -106.232961079733059, 26.559560369384599 ], [ -106.236540059584058, 26.612167489547318 ], [ -106.20792268010166, 26.678064749495444 ], [ -106.187989479646475, 26.674475768808598 ], [ -106.189675000464803, 26.695139319313636 ], [ -106.172662080076364, 26.70516679942499 ], [ -106.130674479780922, 26.702203379354543 ], [ -106.141444000278369, 26.720786649005944 ], [ -106.176580830026722, 26.727722049418727 ], [ -106.177626450383173, 26.77233657955415 ], [ -106.125262400093291, 26.77941036968506 ], [ -106.100642660303734, 26.759333178862452 ], [ -106.047339090378372, 26.844875909297784 ], [ -105.93919351047488, 26.76321551918738 ], [ -105.908606090302769, 26.752837819450338 ], [ -105.898336969809762, 26.763853878843104 ], [ -105.894101739949278, 26.741009489580417 ], [ -105.865437460096302, 26.747375859572308 ], [ -105.77580867969894, 26.660933139539779 ], [ -105.794261289987773, 26.698767259522924 ], [ -105.746341850311708, 26.713868578884497 ], [ -105.704798769499433, 26.652907689062918 ], [ -105.689880050086117, 26.657188849649909 ], [ -105.670947999793498, 26.63522645959754 ], [ -105.674883059553792, 26.617670309215001 ], [ -105.601010060118043, 26.614848889517006 ], [ -105.619487260261266, 26.683509449279054 ], [ -105.549003029673386, 26.546578579441711 ], [ -105.496085319778601, 26.542851878932428 ], [ -105.471513980121401, 26.508701679323192 ], [ -105.470142420449719, 26.527898049223758 ], [ -105.403427569761732, 26.517524659195306 ], [ -105.368624679683847, 26.534269449655714 ], [ -105.342706109745066, 26.50451550963869 ], [ -105.352765369563386, 26.47887647883385 ], [ -105.316752430195919, 26.462286779397061 ], [ -105.279081880029452, 26.487475369681128 ], [ -105.264682580205672, 26.462072749043053 ], [ -105.101549549691541, 26.521405519642549 ], [ -105.056634029585169, 26.419300539293101 ], [ -105.000389370397201, 26.454950828821904 ], [ -104.96310359958575, 26.449184349282795 ], [ -104.963215179965118, 26.473390919628113 ], [ -104.944376679744764, 26.468344689276627 ], [ -104.898900319597715, 26.510018308999623 ], [ -104.809274140041751, 26.508497419641241 ], [ -104.727036339656919, 26.47796491957105 ], [ -104.654075380444311, 26.391053019611135 ], [ -104.620088580411547, 26.368842649462731 ], [ -104.593856490163063, 26.380439648888423 ], [ -104.57445148003184, 26.340468278854065 ], [ -104.500974380041612, 26.414757429017556 ], [ -104.50282863040745, 26.465845919157207 ], [ -104.434775250432338, 26.604520539604742 ], [ -104.330387429999675, 26.656532919658495 ], [ -104.286543480472503, 26.72540299940971 ], [ -104.31727960032795, 26.760736749422112 ], [ -104.301761939770273, 26.771948569462879 ], [ -104.315306570409362, 26.799069518798451 ], [ -104.273042420283915, 26.842279519288475 ], [ -104.227808850411279, 26.777153629252698 ], [ -104.045737820094217, 26.74297653914218 ], [ -104.033190620139891, 26.774391489330846 ], [ -103.99499548978288, 26.777540258976313 ], [ -103.99383283012385, 26.753610419617285 ], [ -103.861298490036873, 26.754094569390872 ], [ -103.65825599949504, 26.719483949125749 ], [ -103.643891450155678, 26.690158489398694 ], [ -103.374183489810491, 26.602354888854428 ], [ -103.316792599823927, 26.361776179953534 ], [ -103.260825259883319, 26.284726819029839 ], [ -103.350488218818583, 26.142389950720126 ], [ -103.346360108752791, 25.860304380107412 ], [ -103.318587658500192, 25.812701289418065 ], [ -103.333705218139443, 25.738736107997994 ], [ -103.352836060054756, 25.71655308931636 ], [ -103.339436890229322, 25.707604819223896 ], [ -103.381422229580423, 25.640342338869825 ], [ -103.406003249614216, 25.645027148873123 ], [ -103.403275579981809, 25.628128289457905 ], [ -103.42477011962454, 25.623679919708451 ], [ -103.416025259755813, 25.614421598891465 ], [ -103.455444749716321, 25.557061449703781 ], [ -103.49441428963361, 25.537731799047254 ], [ -103.369062000432194, 25.416460719164654 ], [ -103.341367719809128, 25.410142229178948 ], [ -103.336916199561273, 25.371231139677477 ], [ -103.406699169728384, 25.398901399567023 ], [ -103.462059370315401, 25.376310939334058 ], [ -103.510710050226265, 25.279126119104962 ], [ -103.402857780385631, 25.182348909650763 ], [ -103.359539310432027, 25.110028848898502 ], [ -103.262180340154458, 25.05854930886774 ], [ -103.27801522042374, 25.034614169535448 ], [ -103.246563080022042, 24.996026599325379 ], [ -103.25914589001421, 24.964658769404632 ], [ -103.092946909731154, 24.822861428850338 ], [ -103.005138020313893, 24.793218149704821 ], [ -102.975182229678268, 24.799451969344933 ], [ -102.869343629946059, 24.741970178993242 ], [ -102.856402779670461, 24.739773968834903 ], [ -102.853130719865064, 24.772000949416558 ], [ -102.669693980027802, 25.066636489497782 ], [ -102.628884830408396, 25.00832165907995 ], [ -102.64295554976988, 24.978648169335351 ], [ -102.672984450057101, 24.978818249414736 ], [ -102.673061569738223, 24.942752079564332 ], [ -102.566235780072958, 24.90222074956424 ], [ -102.512182309976794, 24.709721109153584 ], [ -102.479806969939744, 24.490448049193443 ], [ -102.48699622012532, 24.444228379370941 ], [ -102.472696980311355, 24.439679739419727 ], [ -102.533931419860252, 24.407722109197973 ], [ -102.60659277038738, 24.411168819498684 ], [ -102.699904399587098, 24.373971849325951 ], [ -102.756654320219567, 24.376982999557768 ], [ -102.788852400037683, 24.406248479200165 ], [ -102.831735619779849, 24.384691909561276 ], [ -102.891890950210922, 24.461118119455438 ], [ -102.900106510263967, 24.428500478859007 ], [ -102.967440169525347, 24.457703629068085 ], [ -102.983572799667371, 24.433257149452491 ], [ -103.04315022000084, 24.466500859248221 ], [ -103.075080970442414, 24.422624579540269 ], [ -103.087514649863522, 24.436027049655412 ], [ -103.098527279826968, 24.401626599174826 ], [ -103.165258919661682, 24.435198429476976 ], [ -103.222833539806459, 24.41710276899142 ], [ -103.253531780487165, 24.447253799036798 ], [ -103.282645480178417, 24.428837029095913 ], [ -103.419541750041446, 24.43039262909177 ], [ -103.448340049688653, 24.332600459006564 ], [ -103.484062630467122, 24.31834093893081 ], [ -103.506755420411238, 24.287964049060179 ], [ -103.568349939650105, 24.286371259448455 ], [ -103.559536350448454, 24.193788859131704 ], [ -103.622006679961089, 24.117464689694685 ], [ -103.635969539767871, 24.11029337950135 ], [ -103.660361549840516, 24.149326289373626 ], [ -103.799770339483047, 24.050564460918078 ], [ -103.813274118650412, 24.021973581443238 ], [ -103.843128848865348, 24.026967121150165 ], [ -103.84782597860476, 24.003236151150041 ], [ -103.872386579143196, 24.007021721003831 ], [ -103.838799288948948, 23.964824350845813 ], [ -103.818359829415797, 23.964908601008318 ], [ -103.853112348670237, 23.874615551019254 ], [ -103.816066979147166, 23.807650321239237 ], [ -103.862362338983246, 23.752638380971145 ], [ -103.84101461871748, 23.701242891041339 ], [ -103.85108053877849, 23.679599230694109 ], [ -103.785103509403044, 23.67656489078653 ], [ -103.793541779509439, 23.630855061097439 ], [ -103.811301939480543, 23.613648800814236 ], [ -103.849178509130368, 23.64008171111017 ], [ -103.877429018990085, 23.628969940836861 ], [ -103.882522379716221, 23.592270579240459 ], [ -103.906867310206309, 23.601870949037043 ], [ -103.890086919801007, 23.579827579019739 ], [ -103.921468600069076, 23.589175339687813 ], [ -103.925313419795472, 23.556982679529558 ], [ -104.065977089685219, 23.46349327891626 ], [ -104.111214600162057, 23.351205489754513 ], [ -104.12902261954801, 23.182214219400848 ], [ -104.172132399621958, 23.128407679098338 ] ] ] } },
{ "type": "Feature", "properties": { "name": "Guanajuato" }, "geometry": { "type": "Polygon", "coordinates": [ [ [ -100.970213200015223, 20.005258279167752 ], [ -101.01421074955023, 20.040345679615825 ], [ -100.99283392012903, 20.064905859371095 ], [ -101.042901089945332, 20.091954169053384 ], [ -101.133147080102219, 20.059984659626227 ], [ -101.175237170254746, 20.097116309791538 ], [ -101.171619770047855, 20.073451718962822 ], [ -101.196318459722903, 20.057188549538552 ], [ -101.160351509730802, 20.040200149412598 ], [ -101.201531819667551, 20.025738549659273 ], [ -101.203055510243189, 20.007224149739201 ], [ -101.253030540376599, 20.035496079610777 ], [ -101.401680280351798, 20.035009049123136 ], [ -101.387513149634984, 20.082961249131081 ], [ -101.40469589007175, 20.080195179097185 ], [ -101.408689050089478, 20.123133829166544 ], [ -101.389375999570134, 20.134863769094085 ], [ -101.422498250357677, 20.163226319497991 ], [ -101.419891119833153, 20.201590579757589 ], [ -101.363198169716256, 20.195794419731595 ], [ -101.352618089660581, 20.234932199674752 ], [ -101.360519480216354, 20.249055739485708 ], [ -101.395324380194296, 20.248549339582812 ], [ -101.420562480355443, 20.275203919352464 ], [ -101.455930459814624, 20.267169679060686 ], [ -101.440197050150303, 20.305192819743574 ], [ -101.456696620103656, 20.304370479808796 ], [ -101.450942219717689, 20.319498319042808 ], [ -101.465307939831533, 20.329145778996093 ], [ -101.501068230474019, 20.311672539194209 ], [ -101.522936089894458, 20.332346949514072 ], [ -101.553265710398094, 20.332515799545561 ], [ -101.565782140272873, 20.315740949715117 ], [ -101.58309772026378, 20.327359819584437 ], [ -101.601074140454102, 20.298018540164239 ], [ -101.624654279659325, 20.314580379357412 ], [ -101.625533999769843, 20.266997689519627 ], [ -101.642520649690695, 20.267646379425905 ], [ -101.646252320055282, 20.238668049160971 ], [ -101.663308020366259, 20.237579979626759 ], [ -101.668474369527303, 20.213135139487804 ], [ -101.686916750278741, 20.21722104958922 ], [ -101.69793489018241, 20.189674369112257 ], [ -101.731198999550969, 20.214802309468627 ], [ -101.75939177036976, 20.201731909469562 ], [ -101.786615679595471, 20.219318449425717 ], [ -101.824860719998725, 20.201837599723564 ], [ -101.833866180224618, 20.224790399068279 ], [ -101.888113999897854, 20.188393339566932 ], [ -101.893021980055053, 20.203777229634351 ], [ -101.917897280163629, 20.195077319457265 ], [ -101.907938819804755, 20.215152949560824 ], [ -101.930602800083264, 20.208121259223368 ], [ -101.939872630084622, 20.227081749272159 ], [ -101.93217165017245, 20.243737909116806 ], [ -101.951184280204728, 20.271582569391207 ], [ -101.934547399505107, 20.297691460600266 ], [ -101.963471630356125, 20.318557419377548 ], [ -101.945293819927215, 20.342673149658616 ], [ -101.996390030439599, 20.35964321932649 ], [ -102.013702460473752, 20.350632079712174 ], [ -102.013798819547219, 20.327930319053404 ], [ -102.025234910417907, 20.34798159949359 ], [ -102.013590000319482, 20.393897687164984 ], [ -102.065032629400633, 20.374921570325903 ], [ -102.096411679694526, 20.384257489777056 ], [ -102.043994569937126, 20.456592199435971 ], [ -102.046027289981794, 20.482614289007682 ], [ -102.010092420022119, 20.526058849297019 ], [ -102.014141630264433, 20.542596089411671 ], [ -101.973918420002846, 20.5417884289466 ], [ -101.951143680369, 20.607426849629608 ], [ -101.971187859634782, 20.637609749709117 ], [ -101.968079659830366, 20.663641199499299 ], [ -102.013837489555087, 20.664441169530317 ], [ -102.014389369892839, 20.717063659564303 ], [ -102.03774025971569, 20.717396479706153 ], [ -102.034460879678832, 20.742139399637534 ], [ -102.064487310074284, 20.738749619459469 ], [ -102.067592629739295, 20.772247429182986 ], [ -102.095908379631496, 20.780050519469267 ], [ -102.079867050047255, 20.829065079454569 ], [ -102.021780540007043, 20.862160319569586 ], [ -101.979881820084444, 20.925047549550797 ], [ -101.938949750277089, 20.93061424938815 ], [ -101.875003740244139, 21.092894348943723 ], [ -101.817658800479464, 21.107045689148986 ], [ -101.833448020087673, 21.137272969190953 ], [ -101.811825999785071, 21.141236749028131 ], [ -101.804009149562262, 21.166348179659515 ], [ -101.781108780065324, 21.160527889412528 ], [ -101.759716510065573, 21.267621738923921 ], [ -101.643177110340631, 21.299335689262943 ], [ -101.642844920366002, 21.355106088965027 ], [ -101.677582949826785, 21.395142369554321 ], [ -101.570415629671388, 21.418535749750955 ], [ -101.589041980120641, 21.46489996899416 ], [ -101.641166289738138, 21.522266739000091 ], [ -101.58018873985182, 21.625531339606251 ], [ -101.596086089727152, 21.637061909106446 ], [ -101.569138980017001, 21.69231025893145 ], [ -101.584043320026097, 21.709574489289867 ], [ -101.570855370077069, 21.704307719416285 ], [ -101.557653289828764, 21.735098659485608 ], [ -101.579682799682956, 21.736404598924178 ], [ -101.585694079926512, 21.778777119340887 ], [ -101.538832170153285, 21.777334879310811 ], [ -101.47387340012645, 21.827391019420496 ], [ -101.365273659623014, 21.839416719765332 ], [ -101.319483939772709, 21.835334449384565 ], [ -101.289685459668206, 21.812139779051307 ], [ -101.217152339750541, 21.816077028954233 ], [ -101.219794630083584, 21.802200379549287 ], [ -101.161266979664347, 21.757505919070091 ], [ -101.059247969627648, 21.765520739343057 ], [ -100.981974369808526, 21.75352734924039 ], [ -100.912577569828827, 21.713648739222684 ], [ -100.921273459955572, 21.70027356929026 ], [ -100.9071833696363, 21.681636799510592 ], [ -100.870112180452963, 21.672493519051478 ], [ -100.865149879647603, 21.687079599196601 ], [ -100.834321490134371, 21.664558779792817 ], [ -100.857678250134967, 21.618986579176241 ], [ -100.809496110011722, 21.592049829545214 ], [ -100.734343800137594, 21.578726539106636 ], [ -100.717630230024639, 21.550231509795452 ], [ -100.68116791958316, 21.547504599311733 ], [ -100.657456079922611, 21.524717969732201 ], [ -100.635447320030622, 21.543191629803232 ], [ -100.614299310256541, 21.533134549134939 ], [ -100.614955000320094, 21.505789169108905 ], [ -100.533950020339603, 21.542326829276856 ], [ -100.461080279968954, 21.545334849130217 ], [ -100.460701980409112, 21.571210019753991 ], [ -100.485802149784348, 21.594404279063617 ], [ -100.460396909593896, 21.623990909001868 ], [ -100.447341739745454, 21.674923449551045 ], [ -100.351365549955077, 21.691670849672068 ], [ -100.272135459898209, 21.687346979217992 ], [ -100.246311490466283, 21.664932599538723 ], [ -100.179634739863232, 21.650790489317242 ], [ -100.171443049679297, 21.60126633947052 ], [ -100.147194800210286, 21.618125309053354 ], [ -100.075843690172874, 21.557931679222069 ], [ -100.062276049638498, 21.523305479326602 ], [ -99.956822289881714, 21.526227079139904 ], [ -99.96511059987688, 21.505121379628008 ], [ -99.945705289730483, 21.497431689155 ], [ -99.959346020166819, 21.483513739374953 ], [ -99.942333119604612, 21.449619819299091 ], [ -99.943168780262326, 21.461783769033719 ], [ -99.905174119552242, 21.448159149532056 ], [ -99.834928890443777, 21.478115949287385 ], [ -99.839181350473552, 21.462385629525073 ], [ -99.817074119880019, 21.461690819715642 ], [ -99.776080519737661, 21.494536908983747 ], [ -99.772042400395449, 21.405537689608497 ], [ -99.794522020401786, 21.357399419490338 ], [ -99.77756527993634, 21.343235429232898 ], [ -99.787790830180683, 21.329621718947745 ], [ -99.757893570084178, 21.29214036967938 ], [ -99.734161149539418, 21.301443919063313 ], [ -99.737253119568862, 21.312884969129986 ], [ -99.67130261977907, 21.301193749428538 ], [ -99.699076310313643, 21.26669839960682 ], [ -99.687854880164508, 21.225780259651618 ], [ -99.738483459059012, 21.235817769377626 ], [ -99.831258549594835, 21.157322719056218 ], [ -99.986368049252647, 21.218310029141129 ], [ -100.011085740137901, 21.189464339737853 ], [ -99.996417659782168, 21.182594909546005 ], [ -100.027543079915276, 21.100253018914749 ], [ -100.011069570391015, 21.028504629199439 ], [ -100.022563170448507, 21.01462119955227 ], [ -100.068949719563832, 21.022813399278888 ], [ -100.060746309567733, 21.005815779328969 ], [ -100.080738489778881, 20.949857509536155 ], [ -100.064171940123231, 20.936288599096276 ], [ -100.117827780288906, 20.922155119345192 ], [ -100.135311850127451, 20.937263828962696 ], [ -100.181527599851464, 20.930401659161443 ], [ -100.263623290013641, 20.970998849821918 ], [ -100.265543230354638, 20.929247379192269 ], [ -100.29920917018184, 20.931327749437312 ], [ -100.29839429031901, 20.915291718990314 ], [ -100.333590799973237, 20.890728479646057 ], [ -100.41339937995744, 20.887431879677163 ], [ -100.453956020372374, 20.900179379438317 ], [ -100.453176479846604, 20.923199049792281 ], [ -100.472232880307303, 20.928446058963555 ], [ -100.469958289997351, 20.907039349011228 ], [ -100.485366770222825, 20.908799719639877 ], [ -100.509023519676362, 20.870706709165443 ], [ -100.502048619697646, 20.852920459807788 ], [ -100.577588939868591, 20.816669749357533 ], [ -100.558328289533918, 20.804571149650656 ], [ -100.548914620282403, 20.736383419788371 ], [ -100.596535709619999, 20.717260919411075 ], [ -100.55112518031936, 20.633766049225137 ], [ -100.529535279628831, 20.638667259453033 ], [ -100.496177430073956, 20.616193739459209 ], [ -100.482091649683099, 20.57150830921637 ], [ -100.485003379756819, 20.553804218951313 ], [ -100.504765449895757, 20.555033399095858 ], [ -100.509755580409504, 20.506526849110013 ], [ -100.492382120153124, 20.490415538982859 ], [ -100.476181060391724, 20.389610799148507 ], [ -100.409995180433114, 20.376006419584037 ], [ -100.388382689600419, 20.309017379072568 ], [ -100.325763060232489, 20.261020379541204 ], [ -100.355236709706034, 20.219018349588321 ], [ -100.34030844956024, 20.189736919807753 ], [ -100.397256680422743, 20.096952749170708 ], [ -100.358263680226983, 20.064916459333762 ], [ -100.36293111997874, 19.989861079067943 ], [ -100.465824350430211, 19.987398029223449 ], [ -100.511687089638883, 19.958216089810467 ], [ -100.519946449555277, 19.918820049249653 ], [ -100.536008509842304, 19.92300659960722 ], [ -100.528201310422006, 19.974257309713163 ], [ -100.590713910308452, 19.956838799404469 ], [ -100.556743339862862, 19.987261319807033 ], [ -100.59560331041024, 19.991662019726579 ], [ -100.617573379637165, 19.95769254927918 ], [ -100.660381340250936, 19.964548339105303 ], [ -100.74875278095675, 19.91275018066974 ], [ -100.778813619087629, 19.91514968932098 ], [ -100.792063939484819, 19.955574799524989 ], [ -100.824301449255557, 19.978329089785461 ], [ -100.835761829617425, 19.934596428967261 ], [ -100.947539380248813, 19.962545228966629 ], [ -100.947879350069002, 19.93356305971189 ], [ -100.970546890187308, 19.92923767953118 ], [ -100.980791229614752, 19.95522107954729 ], [ -101.002275689556512, 19.952363249423154 ], [ -101.004656149705809, 19.966233879160644 ], [ -100.976709250134675, 19.982738449507998 ], [ -100.983430979858127, 20.000297149022398 ], [ -100.970213200015223, 20.005258279167752 ] ] ] } },
{ "type": "Feature", "properties": { "name": "Guerrero" }, "geometry": { "type": "MultiPolygon", "coordinates": [ [ [ [ -99.908797123711224, 16.824997120940242 ], [ -99.905612344116207, 16.817549611119386 ], [ -99.91815037180217, 16.822706362405818 ], [ -99.908797123711224, 16.824997120940242 ] ] ], [ [ [ -99.608889837111477, 16.683267143165843 ], [ -99.708863536583905, 16.71640100763944 ], [ -99.819108724881787, 16.788589095856626 ], [ -99.845127710221718, 16.78431174933424 ], [ -99.859060110031123, 16.796244149077033 ], [ -99.836980101288106, 16.805607081144323 ], [ -99.876521709886589, 16.814546180386145 ], [ -99.851327624112315, 16.836703854226325 ], [ -99.857904059937823, 16.852410719597927 ], [ -99.895237978771789, 16.855297359464185 ], [ -99.911026823246502, 16.842576080486374 ], [ -99.894060579801689, 16.832790450420298 ], [ -99.915527400155497, 16.827660940537534 ], [ -99.922897449013519, 16.859517611414105 ], [ -99.989876448919389, 16.909264919237334 ], [ -101.037580763383403, 17.26853938764852 ], [ -101.06136347557765, 17.264806013288737 ], [ -101.056204804154518, 17.30695340645039 ], [ -101.174471154926152, 17.389123333335451 ], [ -101.206823269419871, 17.428733031217579 ], [ -101.457201103862943, 17.525083024246726 ], [ -101.443603149841493, 17.563898879439993 ], [ -101.504368125281573, 17.619700818770227 ], [ -101.552447514038462, 17.611317382638418 ], [ -101.551820479733323, 17.638571970225506 ], [ -101.572124008830173, 17.622337677300717 ], [ -101.606788005889797, 17.660796471149897 ], [ -101.653168829247434, 17.662473398348947 ], [ -101.647489280106313, 17.701155969591035 ], [ -101.667069215183602, 17.733750144548146 ], [ -101.747428165227916, 17.792814935788101 ], [ -101.784012429681326, 17.864722949081301 ], [ -101.819382835826886, 17.893237251023187 ], [ -102.032167618097802, 17.987560120029325 ], [ -102.098832407951548, 17.982955709019063 ], [ -102.138450630041888, 17.940473979867743 ], [ -102.137551740008874, 17.969684109676148 ], [ -102.173275029874802, 17.98963681902697 ], [ -102.184181630232374, 18.024572459714573 ], [ -102.161818180425328, 18.164148249674714 ], [ -102.140314339574587, 18.188264879407903 ], [ -101.976484449913571, 18.208015179270397 ], [ -101.973408850280634, 18.232307089613382 ], [ -101.906647400249213, 18.244807849623875 ], [ -101.896819480466306, 18.277115219873902 ], [ -101.863249310375451, 18.261655139460419 ], [ -101.882915740039024, 18.277437139631054 ], [ -101.86269467973176, 18.287228479878273 ], [ -101.870197820091192, 18.30832285941932 ], [ -101.855716140278389, 18.314275549516456 ], [ -101.889316140317391, 18.400473229831928 ], [ -101.860442050251848, 18.4461851691342 ], [ -101.887925180393779, 18.481495249561803 ], [ -101.881626380316817, 18.536204848992121 ], [ -101.837892419641847, 18.577931379367822 ], [ -101.724840370076805, 18.612477749177451 ], [ -101.701175850100256, 18.587893379669293 ], [ -101.624499780189595, 18.599153979831279 ], [ -101.583563339673134, 18.520994769217399 ], [ -101.507444060151684, 18.486797289102149 ], [ -101.441947230464805, 18.488993379641524 ], [ -101.406884950191284, 18.512512569551092 ], [ -101.365604199948791, 18.499882249192765 ], [ -101.361877199982231, 18.520217799762229 ], [ -101.282077170151283, 18.54473402956387 ], [ -101.088660860019729, 18.505907859066191 ], [ -101.012003280050209, 18.527543018982563 ], [ -101.005992120236911, 18.493651029383553 ], [ -100.973707380443699, 18.481960569514577 ], [ -100.957443380325657, 18.444430109519026 ], [ -100.942753140068035, 18.455077349794202 ], [ -100.92227452043052, 18.444567339013219 ], [ -100.914516020222123, 18.471750199209488 ], [ -100.894368370202741, 18.463138659418707 ], [ -100.873975429818685, 18.492008779253489 ], [ -100.838480749846156, 18.473069319167191 ], [ -100.798177579920903, 18.480541119431681 ], [ -100.777643259682094, 18.439543349195382 ], [ -100.737369319846152, 18.427301459228271 ], [ -100.722730260186495, 18.400449379524947 ], [ -100.707038449589547, 18.418999999120178 ], [ -100.691051219927346, 18.414153169527427 ], [ -100.676693718832723, 18.372559479441808 ], [ -100.642999649959592, 18.346157689737744 ], [ -100.588229780248696, 18.412145149417402 ], [ -100.631492120425534, 18.438469649168027 ], [ -100.637244480003631, 18.457749169024684 ], [ -100.715041180248278, 18.486397018985645 ], [ -100.764895719878453, 18.561211339007279 ], [ -100.751212819924092, 18.64166671957118 ], [ -100.770282619796802, 18.692710229275583 ], [ -100.784264249681314, 18.687002859443705 ], [ -100.772935179612475, 18.732567709509276 ], [ -100.796911980133004, 18.74627016971829 ], [ -100.798974880351651, 18.782785779370041 ], [ -100.782517519605861, 18.801653509492901 ], [ -100.791770890005736, 18.834168479872176 ], [ -100.763939450042983, 18.866872429106184 ], [ -100.709985000308919, 18.836432849569999 ], [ -100.696068540215464, 18.794125489556368 ], [ -100.610212750104054, 18.887846779819782 ], [ -100.585493779985271, 18.858765859073994 ], [ -100.493482709966358, 18.823916719330004 ], [ -100.490285049892378, 18.78930304982439 ], [ -100.459391650095327, 18.796892689542364 ], [ -100.456004349551819, 18.777878148971688 ], [ -100.43063374987986, 18.783248448992378 ], [ -100.418085219966528, 18.759514079221063 ], [ -100.437130429761197, 18.750555249569466 ], [ -100.447133319942736, 18.701575049681178 ], [ -100.478337199993248, 18.686864778978688 ], [ -100.487027689630793, 18.640351649240294 ], [ -100.429733310388997, 18.59927321938962 ], [ -100.449361599783757, 18.556561369015586 ], [ -100.429096950197561, 18.510048059407865 ], [ -100.395953690270431, 18.540520089850638 ], [ -100.373701290053631, 18.529113849420565 ], [ -100.362003178672637, 18.496847229492491 ], [ -100.385356980141523, 18.426524139194967 ], [ -100.359441319951742, 18.423461859809464 ], [ -100.303376399516523, 18.366942880042004 ], [ -100.291978279996087, 18.381605919785653 ], [ -100.270891518891446, 18.373732460418648 ], [ -100.259519909803515, 18.427432689483869 ], [ -100.236399648796365, 18.416771769359642 ], [ -100.217076089233032, 18.445923690591226 ], [ -100.185736249794957, 18.455107229730697 ], [ -100.174202979619338, 18.481681339312381 ], [ -100.089951140089482, 18.522160779114948 ], [ -100.068886339723448, 18.564440649369701 ], [ -100.082413830134968, 18.587949829453862 ], [ -100.02496362995565, 18.606866749738177 ], [ -99.99930084979998, 18.583578369487007 ], [ -100.001603369996531, 18.563930059577643 ], [ -99.961672260384489, 18.552978909862894 ], [ -99.947161849737896, 18.587940569153922 ], [ -99.888462849616076, 18.618663049852028 ], [ -99.847618080037435, 18.6054903995947 ], [ -99.848359519556553, 18.620258829614311 ], [ -99.816558749763303, 18.625003429250945 ], [ -99.812517520109282, 18.640857909006492 ], [ -99.793004750041888, 18.630657629795568 ], [ -99.737031398650657, 18.739832510600664 ], [ -99.671972380037062, 18.713503939488003 ], [ -99.709157888957051, 18.768838880566037 ], [ -99.697215509538111, 18.786336109016073 ], [ -99.66145586022094, 18.771305459186525 ], [ -99.630907749961395, 18.720552229324372 ], [ -99.622866060219351, 18.739838909350745 ], [ -99.589908919826001, 18.739307219465321 ], [ -99.569781550134906, 18.705510939490516 ], [ -99.536434919613555, 18.693751109206964 ], [ -99.494414149993602, 18.720544799258299 ], [ -99.453886320250049, 18.609902319247613 ], [ -99.419704449788071, 18.590336659532657 ], [ -99.422882180176757, 18.562067879652773 ], [ -99.362951920387502, 18.499026719037754 ], [ -99.35740426009265, 18.46766916960199 ], [ -99.34344565978941, 18.467127859160914 ], [ -99.35267525970751, 18.485980829829586 ], [ -99.328264280040145, 18.488831539350713 ], [ -99.328367820418947, 18.45954024975542 ], [ -99.205421629899135, 18.456588799322109 ], [ -99.177905370157433, 18.424745249608481 ], [ -99.181315079827641, 18.448417749282704 ], [ -99.140623349812174, 18.474973089717984 ], [ -99.128314859722295, 18.427308979372622 ], [ -99.066050509909502, 18.367105219685183 ], [ -99.07596357017205, 18.342379219285583 ], [ -99.051772550257752, 18.289815249029914 ], [ -99.069363879792036, 18.283234679015266 ], [ -99.053228120431982, 18.264156369203985 ], [ -99.063709889671472, 18.251483029190641 ], [ -99.031705510271081, 18.272314519175517 ], [ -99.016903319983129, 18.266391419294372 ], [ -99.019329949764781, 18.245411049057765 ], [ -98.989040849971019, 18.249317739297211 ], [ -99.000066319769289, 18.190204909540412 ], [ -98.881876888589318, 18.166162090568168 ], [ -98.852369769386314, 18.117600940468787 ], [ -98.869811820299589, 18.057216659707585 ], [ -98.812999739697375, 18.06487534924926 ], [ -98.811297150324634, 18.050632719419873 ], [ -98.797070110362611, 18.062646479173019 ], [ -98.735097860359588, 18.045095119298519 ], [ -98.767097110460739, 18.019611169335501 ], [ -98.801259620331251, 18.02205242941087 ], [ -98.814938429765306, 18.001696709015935 ], [ -98.731827480380119, 17.982553019381953 ], [ -98.650538170310355, 17.933161049516009 ], [ -98.58552348955395, 17.974941029216069 ], [ -98.529628260338527, 17.975822519785623 ], [ -98.526724820441032, 17.996288849083854 ], [ -98.425094339986231, 17.976933539171736 ], [ -98.424165060459146, 17.938238349322475 ], [ -98.444997950048744, 17.922297059377346 ], [ -98.424225850082763, 17.89223776903496 ], [ -98.424956980079358, 17.839594509436775 ], [ -98.496342680155692, 17.768809449252679 ], [ -98.489655629903083, 17.703438889510576 ], [ -98.461044739609363, 17.630358859203056 ], [ -98.4101519401232, 17.599768739093061 ], [ -98.376971579607968, 17.605349059120332 ], [ -98.329451830014818, 17.53298094966128 ], [ -98.311884280130798, 17.477492219141091 ], [ -98.329013510206778, 17.478727889058163 ], [ -98.335850749604788, 17.456304629668669 ], [ -98.28737318006462, 17.329011149101298 ], [ -98.304810520060784, 17.327519829320455 ], [ -98.323495219879177, 17.275944149080658 ], [ -98.288483320333057, 17.238220399441875 ], [ -98.244342419958897, 17.251466889696097 ], [ -98.203136229990363, 17.216287419716132 ], [ -98.222599540445103, 17.122149679670773 ], [ -98.153423889846351, 17.110402939094367 ], [ -98.007276400266548, 17.040137339797745 ], [ -98.030157739941728, 17.015757060182281 ], [ -98.057494399186012, 17.023776459807614 ], [ -98.111261309951956, 16.958868399224208 ], [ -98.07233389044157, 16.874249549120851 ], [ -98.10815702956431, 16.760951379034942 ], [ -98.135177830416183, 16.758393109453987 ], [ -98.124236710114431, 16.749640650215145 ], [ -98.138993999765731, 16.723783800357381 ], [ -98.200271059632811, 16.697235090113569 ], [ -98.201544618747917, 16.712671820122495 ], [ -98.233534550055722, 16.717366319835019 ], [ -98.24344229004565, 16.696700080331912 ], [ -98.228458779159695, 16.63950371079169 ], [ -98.214206379765798, 16.618795400682092 ], [ -98.193775780126771, 16.621462690804844 ], [ -98.203364219201134, 16.587180419962511 ], [ -98.269426570024223, 16.55845547924222 ], [ -98.329970000065387, 16.572748259734833 ], [ -98.395139399706579, 16.546836429727165 ], [ -98.387332939575487, 16.497786319630368 ], [ -98.352532279707646, 16.489431449245714 ], [ -98.349937629702566, 16.4444488595339 ], [ -98.399157829639876, 16.380512619408826 ], [ -98.470855369553021, 16.381155139492627 ], [ -98.533398449717964, 16.351582629630222 ], [ -98.552632450448925, 16.315952579271951 ], [ -98.772747749665669, 16.554754638437906 ], [ -98.841722551507928, 16.548447211970238 ], [ -98.856954919705785, 16.52824936919604 ], [ -98.905857630034205, 16.534426749555092 ], [ -99.332885879562738, 16.658449109135294 ], [ -99.478699701532136, 16.683976349564702 ], [ -99.608889837111477, 16.683267143165843 ] ] ], [ [ [ -101.659587912995946, 17.673288396407884 ], [ -101.654316524113966, 17.67862513483264 ], [ -101.652013047171693, 17.673831304303658 ], [ -101.659587912995946, 17.673288396407884 ] ] ] ] } },
{ "type": "Feature", "properties": { "name": "Hidalgo" }, "geometry": { "type": "Polygon", "coordinates": [ [ [ -99.144991539874141, 20.026248028960001 ], [ -99.227761049774884, 19.951068119651026 ], [ -99.205602769923289, 19.927500739374732 ], [ -99.228299689754067, 19.875046799108414 ], [ -99.296943779525435, 19.835222249213825 ], [ -99.30660051972383, 19.797693709205056 ], [ -99.338653910232708, 19.802028249566852 ], [ -99.344560450382232, 19.779454520695115 ], [ -99.383031909242618, 19.771415510594057 ], [ -99.373249908870704, 19.85154185023681 ], [ -99.414991769118828, 19.850526630015306 ], [ -99.445208288663437, 19.884321060475163 ], [ -99.43593320005688, 19.903129149979161 ], [ -99.463880568883923, 19.8925962205156 ], [ -99.48398148005073, 19.905176520562879 ], [ -99.477764939414087, 19.96056640008722 ], [ -99.450243599225047, 19.964246890395 ], [ -99.436852919559257, 20.001299050055966 ], [ -99.459758710460719, 20.065457340172177 ], [ -99.518128199215781, 20.145666658969212 ], [ -99.501830848721298, 20.153286579166519 ], [ -99.512240248789581, 20.175100169750202 ], [ -99.533494450392155, 20.162058019455465 ], [ -99.59956087954545, 20.169673369611878 ], [ -99.630602400445852, 20.14569444920317 ], [ -99.659726617871954, 20.180820539771318 ], [ -99.676948909579437, 20.162470459277465 ], [ -99.719371849881668, 20.167137978976434 ], [ -99.841889600105318, 20.281881419258546 ], [ -99.859541429890172, 20.26462833895043 ], [ -99.828071179116463, 20.543007650649752 ], [ -99.738683260297179, 20.560520799926561 ], [ -99.711952079956674, 20.581266619297814 ], [ -99.696412950344637, 20.574445019246756 ], [ -99.657870370406926, 20.601799289408653 ], [ -99.619511279933874, 20.591406949618758 ], [ -99.565344400007376, 20.640394149098721 ], [ -99.501922660425137, 20.65896221894981 ], [ -99.505540318675529, 20.684700519750869 ], [ -99.548471289315756, 20.737197749814065 ], [ -99.503816999512793, 20.765787319374827 ], [ -99.48873181945838, 20.83293288980941 ], [ -99.446064059509965, 20.853031058971492 ], [ -99.435226578717945, 20.899396999416222 ], [ -99.412556858649708, 20.905428939025459 ], [ -99.415585508567418, 20.924900599007813 ], [ -99.390626020138157, 20.952274319812659 ], [ -99.389954519642032, 21.004138379779342 ], [ -99.363245909599001, 21.041728890270484 ], [ -99.397280738561548, 21.10207045030339 ], [ -99.34635966044506, 21.100876659743733 ], [ -99.341828429625735, 21.123659679056704 ], [ -99.309205649522283, 21.147299649215132 ], [ -99.247681320409129, 21.101265689030757 ], [ -99.150521980473073, 21.14775067939204 ], [ -99.090631120153205, 21.153095519398686 ], [ -99.076479309830574, 21.173463949668708 ], [ -99.062412090292469, 21.174308629681139 ], [ -99.072707430217534, 21.157965829500178 ], [ -99.06133169043035, 21.154205339304635 ], [ -99.043079850236296, 21.178677249524604 ], [ -99.052370490185908, 21.219515579312304 ], [ -99.073532108638673, 21.230425284577375 ], [ -99.051176739661813, 21.253429679333308 ], [ -99.05513849013883, 21.282538479305344 ], [ -98.944960750287379, 21.311336579579148 ], [ -98.882658820252843, 21.179610879376998 ], [ -98.857399800090477, 21.189264220453634 ], [ -98.824948059589317, 21.161350169605566 ], [ -98.79395334970323, 21.160183629746495 ], [ -98.78987808030827, 21.178500939232816 ], [ -98.798594230324497, 21.178079780158569 ], [ -98.808143199600551, 21.193244909175029 ], [ -98.772921380222996, 21.171968770305135 ], [ -98.741313860377687, 21.192791799054049 ], [ -98.727660769775198, 21.179549420223292 ], [ -98.70212077043341, 21.185118279696439 ], [ -98.696640510024736, 21.161460120018745 ], [ -98.682660060016687, 21.200637859254567 ], [ -98.650521629686381, 21.180932660601815 ], [ -98.608742049697042, 21.201408288966991 ], [ -98.595241449919243, 21.283229569468585 ], [ -98.6046732600349, 21.301842029506243 ], [ -98.670727290100558, 21.324719649734753 ], [ -98.681083369821451, 21.346178489210271 ], [ -98.652750149818033, 21.346844179510704 ], [ -98.638552649512675, 21.367717109647437 ], [ -98.596935280436767, 21.359073518989135 ], [ -98.549566480107785, 21.384598429707221 ], [ -98.511425799907258, 21.362513139590781 ], [ -98.504729510412972, 21.389212919496188 ], [ -98.48076617019133, 21.397679969175275 ], [ -98.463605680363244, 21.35015433961031 ], [ -98.495617510158965, 21.340420218923814 ], [ -98.543981720263815, 21.263901229788871 ], [ -98.51654337044522, 21.244268949819922 ], [ -98.468359739682029, 21.249651139370833 ], [ -98.47965663033132, 21.223888459810031 ], [ -98.456947879945247, 21.214832999316727 ], [ -98.446766909853338, 21.179813149476523 ], [ -98.416435689981782, 21.154981889072861 ], [ -98.350754230164512, 21.157142679321439 ], [ -98.315855910368668, 21.186879619733382 ], [ -98.297903370336428, 21.177402489681398 ], [ -98.27913113987114, 21.192752549539126 ], [ -98.29451370999719, 21.147188549077974 ], [ -98.249110370467406, 21.129403319628125 ], [ -98.216824580095462, 21.151472349040869 ], [ -98.195152249710617, 21.120363199109253 ], [ -98.201982430113731, 21.106442938994466 ], [ -98.174861920084055, 21.106223888941241 ], [ -98.147410339977156, 21.076583369190413 ], [ -98.161157680462665, 21.019130629761573 ], [ -98.188271429561183, 21.031308149285394 ], [ -98.215007450077778, 20.989627309604082 ], [ -98.209539310003066, 20.96708857934129 ], [ -98.216111569850668, 20.952607919598343 ], [ -98.228573690373111, 20.95760884900545 ], [ -98.239354648823735, 20.923026419338033 ], [ -98.224862888814172, 20.906357249572093 ], [ -98.250966308710531, 20.89730468948953 ], [ -98.265503048710357, 20.866536229372461 ], [ -98.253765049255733, 20.821491719450737 ], [ -98.224705059102604, 20.818235229485566 ], [ -98.233652619286218, 20.797555569494534 ], [ -98.298810058993325, 20.777839849037889 ], [ -98.307830348965553, 20.801916109280658 ], [ -98.328522319314999, 20.784096819199554 ], [ -98.34466525856746, 20.797485339016156 ], [ -98.31483784880804, 20.809815479239411 ], [ -98.352870459039451, 20.836007139205542 ], [ -98.345145539797457, 20.864852539633457 ], [ -98.402909059673149, 20.85838387956337 ], [ -98.450553570063249, 20.821471859550236 ], [ -98.464557309768949, 20.772529109090339 ], [ -98.449728879873561, 20.751345709245697 ], [ -98.5036105102308, 20.732226689137164 ], [ -98.516653909616295, 20.742889679476164 ], [ -98.506438060314309, 20.733119149110799 ], [ -98.550179750171012, 20.689392539142471 ], [ -98.533397350135047, 20.662716909832902 ], [ -98.525051340170393, 20.681839109370678 ], [ -98.421447820046126, 20.74427611945649 ], [ -98.445903650058867, 20.694336709824192 ], [ -98.459883399997963, 20.6962033494586 ], [ -98.463685949533087, 20.667241279558812 ], [ -98.49484671991415, 20.644340509415876 ], [ -98.480180460112976, 20.588998889601239 ], [ -98.512248020130755, 20.594224349056528 ], [ -98.534665170058489, 20.53065817895698 ], [ -98.597285689972807, 20.495770859624567 ], [ -98.549689140349798, 20.435359169629606 ], [ -98.548966659958722, 20.360286119318054 ], [ -98.517401079579628, 20.336851679563761 ], [ -98.460389149719433, 20.331449619351091 ], [ -98.386148779740381, 20.402712910222238 ], [ -98.32101361962701, 20.418013799959116 ], [ -98.312138600230185, 20.449767650096472 ], [ -98.228694049790221, 20.520834720439183 ], [ -98.158043019533665, 20.542561280154693 ], [ -98.111786480071018, 20.615936750235242 ], [ -98.087180849697376, 20.62287676962444 ], [ -98.074902819975563, 20.676547849442198 ], [ -98.021009999740741, 20.626779998970246 ], [ -98.017271620376917, 20.525992379766759 ], [ -97.985071120134776, 20.517405599415099 ], [ -98.011384820363887, 20.45577225020099 ], [ -98.07048426040339, 20.430273169251397 ], [ -98.126835510398564, 20.336231019659493 ], [ -98.1813081101851, 20.336543079167182 ], [ -98.179077569553954, 20.293808368931355 ], [ -98.254029648806664, 20.301341881113796 ], [ -98.284443540431838, 20.2627888497294 ], [ -98.270546168616903, 20.215806280674464 ], [ -98.175924938810681, 20.254229539536386 ], [ -98.127958550420118, 20.185941369363114 ], [ -98.139582648582405, 20.15014162018803 ], [ -98.097879450312789, 20.145389660532626 ], [ -98.108462460432321, 20.120803400689063 ], [ -98.124607059482415, 20.12406989009806 ], [ -98.128272659667061, 20.107202648970436 ], [ -98.159704737973868, 20.092569970646384 ], [ -98.180902849263632, 20.046985539338625 ], [ -98.16042797920926, 19.978129569948898 ], [ -98.180697648689346, 19.959751569982558 ], [ -98.215941350022348, 19.968521139268624 ], [ -98.222081689345373, 19.946932059223876 ], [ -98.251603779335341, 19.948149770145175 ], [ -98.248072949968332, 19.917530719806745 ], [ -98.26782019977334, 19.916113919746877 ], [ -98.269351849807705, 19.89570914040182 ], [ -98.315004340169992, 19.855115600240296 ], [ -98.267149110328816, 19.843335999584703 ], [ -98.234815449723982, 19.777045509760857 ], [ -98.194484200040662, 19.765589649583184 ], [ -98.195698799979027, 19.741619659298618 ], [ -98.259574768155844, 19.717209480612933 ], [ -98.331667199769555, 19.722319969504625 ], [ -98.323803140256814, 19.685297649719015 ], [ -98.381696849779075, 19.609361859212761 ], [ -98.490195429873808, 19.619953319102684 ], [ -98.491613848673907, 19.607367829052908 ], [ -98.51923880022342, 19.602399289250936 ], [ -98.535575779605395, 19.634418879577254 ], [ -98.550399679697833, 19.618578169705934 ], [ -98.566357800271973, 19.641119659683085 ], [ -98.609836079555606, 19.60201430923723 ], [ -98.663145620299858, 19.604754219437261 ], [ -98.670054820474562, 19.658676139252869 ], [ -98.643814139684693, 19.648837799718152 ], [ -98.619670570288136, 19.661163919795165 ], [ -98.639897089715532, 19.671083109235951 ], [ -98.623915400261694, 19.696408049076304 ], [ -98.63292434033751, 19.722235858983609 ], [ -98.60810170985232, 19.725075029363968 ], [ -98.596866659746269, 19.76583974909942 ], [ -98.660814859807587, 19.835031419676202 ], [ -98.67479217992144, 19.832396199653807 ], [ -98.675875419534307, 19.813184349023697 ], [ -98.697641250365919, 19.832114819262291 ], [ -98.672658919584379, 19.862834619274672 ], [ -98.712820660435, 19.853801919719434 ], [ -98.780574119611899, 19.883540549571563 ], [ -98.795172480388203, 19.856414689256855 ], [ -98.844033679773531, 19.881988259750905 ], [ -98.855830019722674, 19.904280149548836 ], [ -98.865895940348423, 19.892586889575131 ], [ -98.883162079897332, 19.90152874928113 ], [ -98.91748097972787, 19.869233179779439 ], [ -98.906016090032637, 19.845129539252383 ], [ -98.927631518764841, 19.843392680635603 ], [ -98.955399449808311, 19.798830319005205 ], [ -99.008200719258113, 19.828402060394623 ], [ -99.020581150122752, 19.867682659435559 ], [ -98.953546938645033, 19.888539889186447 ], [ -98.956112428648012, 19.92818355034057 ], [ -98.999778508576952, 19.941825019677434 ], [ -98.995622818816386, 19.956891720614973 ], [ -98.943331549253116, 19.976782570492656 ], [ -98.947936779468876, 20.02956788922398 ], [ -98.988977890384177, 20.06826191997418 ], [ -99.005644289887741, 20.053204509835759 ], [ -99.01402471880786, 19.964496400039483 ], [ -99.034512968901623, 19.971771780199663 ], [ -99.031342889744863, 20.01485363011194 ], [ -99.049430310382689, 20.007697110585312 ], [ -99.059575740060964, 19.973995819625216 ], [ -99.063840859064683, 20.014194350293707 ], [ -99.08544996921168, 20.032487920473521 ], [ -99.144991539874141, 20.026248028960001 ] ] ] } },
{ "type": "Feature", "properties": { "name": "Jalisco" }, "geometry": { "type": "MultiPolygon", "coordinates": [ [ [ [ -104.814900564098679, 19.231292289775151 ], [ -104.816395179923703, 19.223537581774032 ], [ -104.816427834798034, 19.220925344083682 ], [ -104.817638215628804, 19.224074025028319 ], [ -104.814900564098679, 19.231292289775151 ] ] ], [ [ [ -104.812973223640199, 19.234257431020946 ], [ -104.8133889775211, 19.230927347697296 ], [ -104.81481671466041, 19.233096447817431 ], [ -104.812973223640199, 19.234257431020946 ] ] ], [ [ [ -104.43960562015819, 19.277587199366355 ], [ -104.464784599911681, 19.230037779556394 ], [ -104.488954890061706, 19.229943369279024 ], [ -104.494535429895066, 19.253947049764932 ], [ -104.508384739819533, 19.244225049321237 ], [ -104.533783709802023, 19.258040739657655 ], [ -104.569112739554114, 19.21869522971603 ], [ -104.576937620448433, 19.180204599436014 ], [ -104.60028748013606, 19.17905336930566 ], [ -104.585780170211464, 19.161814319631297 ], [ -104.602360139591894, 19.151843569486495 ], [ -104.61882156968889, 19.180851449555089 ], [ -104.679979339786939, 19.193171519112518 ], [ -104.691723719978839, 19.173277399239264 ], [ -104.70281275042251, 19.178131979485823 ], [ -104.685087428607105, 19.205643574050896 ], [ -104.7025241191606, 19.221945262257652 ], [ -104.734011280433947, 19.221697569172054 ], [ -104.732933630762616, 19.239229666566249 ], [ -104.808487275671624, 19.232568984573014 ], [ -104.80944614010167, 19.258604849431187 ], [ -104.788661458714415, 19.281778229656457 ], [ -104.80145316893487, 19.300765582438942 ], [ -104.832750220169117, 19.306870089467115 ], [ -104.837090562180705, 19.289609789520249 ], [ -104.866801769714655, 19.289514219376784 ], [ -104.873547533025373, 19.276258039585969 ], [ -104.937403268795421, 19.30863824067961 ], [ -105.032088298741115, 19.387248552990975 ], [ -105.017667092617927, 19.405500176743686 ], [ -105.025226281896892, 19.436412659621045 ], [ -105.073124779775483, 19.471103979629909 ], [ -105.059104219812554, 19.471574649121518 ], [ -105.060703804806678, 19.495512641242335 ], [ -105.081711031816795, 19.505825482609726 ], [ -105.088953829661364, 19.56045321933113 ], [ -105.118710706718488, 19.587025673559914 ], [ -105.1423147400169, 19.575081199592912 ], [ -105.152704000028862, 19.603510799525083 ], [ -105.199519379647342, 19.621260339580378 ], [ -105.264682469187619, 19.67917016808892 ], [ -105.263547919544777, 19.695599939104849 ], [ -105.492782317013038, 19.991774627641192 ], [ -105.549985924922282, 20.094524322429343 ], [ -105.553338357525689, 20.221561188609932 ], [ -105.656161779565906, 20.317713059515182 ], [ -105.695403459619143, 20.406272949525793 ], [ -105.672057863563282, 20.407750064668114 ], [ -105.67127485029657, 20.425883449263512 ], [ -105.604149279888006, 20.475768519211854 ], [ -105.316458555909492, 20.511756698964554 ], [ -105.258161663620953, 20.55749053469102 ], [ -105.232700458676277, 20.61722054198572 ], [ -105.245071660244292, 20.65331451943106 ], [ -105.278932150032816, 20.681334719146815 ], [ -105.261252289766503, 20.679816179220868 ], [ -105.24257266006876, 20.70424153944338 ], [ -105.239915779995897, 20.747351279495884 ], [ -105.196961140289019, 20.777171029116701 ], [ -105.173396550245911, 20.767711379081444 ], [ -105.162275679710689, 20.792519279010772 ], [ -105.173942949701811, 20.81394344907423 ], [ -105.142546109976166, 20.886465829272176 ], [ -105.080336920010893, 20.931470889342968 ], [ -105.046804850336827, 20.934283859474323 ], [ -105.031613340005592, 20.909171229993397 ], [ -105.006332250304311, 20.922536370474923 ], [ -105.0033940896394, 20.910857539071458 ], [ -104.990373689620824, 20.921562849271158 ], [ -104.967244049751159, 20.909508090523545 ], [ -104.953163889910229, 20.930134339991888 ], [ -104.900526019947293, 20.946340659588543 ], [ -104.900627480216613, 20.962747200524941 ], [ -104.838098909884962, 21.020008580317356 ], [ -104.729989149746942, 21.012288250106131 ], [ -104.729362769871173, 20.983154140102268 ], [ -104.681057920383793, 20.960666689136147 ], [ -104.680999969555685, 20.943840620301714 ], [ -104.628532720095436, 20.923865689025664 ], [ -104.590736260264066, 20.934619279537269 ], [ -104.556921690031189, 20.924152379542274 ], [ -104.499938139702934, 20.838186459068535 ], [ -104.414124619717882, 20.793770249621456 ], [ -104.377548710148133, 20.742373418989864 ], [ -104.288486599695233, 20.689156619584875 ], [ -104.282010950075602, 20.628993349008695 ], [ -104.25363982993639, 20.603418709745558 ], [ -104.246923820261415, 20.631492399782484 ], [ -104.26038953962977, 20.642835549288954 ], [ -104.236460740447399, 20.662897199005332 ], [ -104.253159800116876, 20.682296379600768 ], [ -104.241815689983738, 20.713433519622885 ], [ -104.282856249664931, 20.783480579282159 ], [ -104.297617400008789, 20.770795199574895 ], [ -104.328322319616433, 20.798097679655601 ], [ -104.375892149777769, 20.784072969821381 ], [ -104.35040233989433, 20.811643969055233 ], [ -104.364059380092158, 20.813932979222777 ], [ -104.361768489722863, 20.840931019210558 ], [ -104.295415890050222, 20.845496059066551 ], [ -104.279110800259261, 20.86451865961735 ], [ -104.2909161202017, 20.887795739022053 ], [ -104.267879549607827, 20.88746107932284 ], [ -104.228753420120938, 20.935581749430614 ], [ -104.206587779560095, 20.936373349707342 ], [ -104.201306349865789, 20.959242179227552 ], [ -104.23312945039396, 20.968743369573268 ], [ -104.238474250111523, 20.992150819463461 ], [ -104.223195709657745, 21.001263659284053 ], [ -104.242712910395227, 21.02733162978641 ], [ -104.210860320272531, 21.118601419383761 ], [ -104.219397980183842, 21.176610579117462 ], [ -104.202793660231464, 21.192832429628726 ], [ -104.110844849932192, 21.188595709748267 ], [ -104.085659259646292, 21.205361109078599 ], [ -104.068586400222429, 21.186773279789712 ], [ -104.052838520239661, 21.205413109459897 ], [ -104.027968820393468, 21.19467248891857 ], [ -104.017488849781373, 21.227201849405454 ], [ -103.973454030030396, 21.256328279793838 ], [ -103.924019979602036, 21.234571739273914 ], [ -103.931056890476881, 21.26254711917414 ], [ -103.917898709796432, 21.231027769497889 ], [ -103.898362749930499, 21.22649001977754 ], [ -103.861889540314849, 21.248868369748376 ], [ -103.819391110144011, 21.248435029052423 ], [ -103.820345630270666, 21.281041379120971 ], [ -103.74935181960241, 21.336708479741763 ], [ -103.741332510262282, 21.374055109715741 ], [ -103.767333199748393, 21.388432999125992 ], [ -103.764403399983451, 21.410304169157499 ], [ -103.720895550069059, 21.425431229741026 ], [ -103.77412947983143, 21.498380709423191 ], [ -103.823712820286076, 21.493047369385128 ], [ -103.859924909972278, 21.524749509413507 ], [ -103.856271720479128, 21.552365419222919 ], [ -103.881646079854875, 21.552142279360826 ], [ -103.892578170453902, 21.574143029254628 ], [ -103.919234549749831, 21.581985879070189 ], [ -103.919084289996491, 21.616249709095619 ], [ -103.907698939616651, 21.618676309630644 ], [ -103.930249450257108, 21.641914429325755 ], [ -103.887724970034654, 21.697818229182015 ], [ -103.895913460029391, 21.72774377940237 ], [ -103.90279061971566, 21.716257999049148 ], [ -103.931827859950488, 21.743380509477991 ], [ -103.916129310251478, 21.755768709686325 ], [ -103.923481910049816, 21.771802319495517 ], [ -104.052253799514531, 21.794760949339324 ], [ -104.079856179798924, 21.78240514977405 ], [ -104.130381599927446, 21.790451318934309 ], [ -104.161748450019203, 21.809841339701403 ], [ -104.197000179729741, 21.850772249497595 ], [ -104.172233260120336, 21.871318908910506 ], [ -104.186385120409199, 21.868011748935849 ], [ -104.201040720149365, 21.891478379549508 ], [ -104.173699219685915, 21.963392849472786 ], [ -104.193319450025228, 21.985420119168243 ], [ -104.246005150305393, 21.966937978890417 ], [ -104.294076860187161, 22.002760949043562 ], [ -104.32686313959266, 21.975369319338856 ], [ -104.370692629612449, 21.976173169635555 ], [ -104.360038619848851, 22.015056829534458 ], [ -104.3731915098126, 22.102563829441539 ], [ -104.331836259550826, 22.199789859441381 ], [ -104.34135932025805, 22.209563199047107 ], [ -104.328679419657163, 22.245358709547467 ], [ -104.284865909741612, 22.297093519707808 ], [ -104.298378620009458, 22.347811419553466 ], [ -104.254742519827417, 22.34878941918118 ], [ -104.258339370364055, 22.38465830940153 ], [ -104.220749920379504, 22.421099739291954 ], [ -104.164687660288735, 22.391649539064957 ], [ -104.178855779548471, 22.427432489773185 ], [ -104.167486779636945, 22.445150488885712 ], [ -104.195100280314421, 22.44763147891803 ], [ -104.185729540428767, 22.471412709069917 ], [ -104.204916510167607, 22.47190781922307 ], [ -104.198874030318237, 22.480457309126557 ], [ -104.201186090218556, 22.483017829038683 ], [ -104.211293769674583, 22.481414029371489 ], [ -104.214828000429435, 22.484161489533204 ], [ -104.190229980067826, 22.507611518896507 ], [ -104.150407140325683, 22.516275909311979 ], [ -104.113508919544728, 22.496609859216139 ], [ -104.120381019598327, 22.5174846892399 ], [ -104.077160200166944, 22.53178176956694 ], [ -104.051574709892563, 22.466747769053399 ], [ -104.09416085962593, 22.355047948940019 ], [ -104.048752820193002, 22.376444619595755 ], [ -104.01513379959033, 22.364812889057145 ], [ -104.005906289985418, 22.408683689313182 ], [ -103.960570110223301, 22.433179149190579 ], [ -103.929442080363472, 22.475123749320783 ], [ -103.934411109790815, 22.499922139015723 ], [ -104.00557083032956, 22.536600278988171 ], [ -103.972332120448655, 22.545113629753509 ], [ -104.000838980165724, 22.566775119722266 ], [ -103.986221979860986, 22.590901739214207 ], [ -104.027005630144885, 22.613178149219838 ], [ -104.033294319552368, 22.634109229458939 ], [ -104.015508879910954, 22.668910659673163 ], [ -104.07334966020268, 22.694061289328832 ], [ -104.048919599727228, 22.709257649135289 ], [ -104.055911509838651, 22.723978199539808 ], [ -104.011927050494194, 22.747927549692658 ], [ -103.909342459535139, 22.750123799161841 ], [ -103.898327629796057, 22.728277309541472 ], [ -103.774673620297449, 22.733868909039156 ], [ -103.752105550296776, 22.712161479551504 ], [ -103.760961829915473, 22.625614029720683 ], [ -103.860720569767409, 22.567618859784385 ], [ -103.851797980192401, 22.553620079759419 ], [ -103.875186379805712, 22.521575879175739 ], [ -103.863985319807611, 22.491443419066623 ], [ -103.885368570435588, 22.473525089545838 ], [ -103.876098350264527, 22.441183909109036 ], [ -103.894699999970342, 22.438163859559509 ], [ -103.866929379652589, 22.409380628969064 ], [ -103.926124250449234, 22.332072819550252 ], [ -103.91014941959051, 22.283327849461681 ], [ -103.917875570243382, 22.261970449340538 ], [ -103.862935999592722, 22.166882429038079 ], [ -103.828619820455359, 22.286612889110284 ], [ -103.845434229930248, 22.342757489296552 ], [ -103.811151720433102, 22.376745229173725 ], [ -103.810176420454837, 22.427285229503763 ], [ -103.769102089836053, 22.555789149703507 ], [ -103.726555019945906, 22.574146629312189 ], [ -103.661010509527259, 22.547144379413265 ], [ -103.60275867987103, 22.556791539512865 ], [ -103.559193709707145, 22.4284275490647 ], [ -103.594019739889916, 22.407214939755043 ], [ -103.604802350402608, 22.340142308926215 ], [ -103.642111480441415, 22.340873349737517 ], [ -103.637788090209511, 22.295233109596968 ], [ -103.59490324962006, 22.273078348980022 ], [ -103.630896399923472, 22.238917969214228 ], [ -103.654473650352529, 22.171936219225774 ], [ -103.690292980422626, 22.1300932794164 ], [ -103.683847319803476, 22.109205228913989 ], [ -103.6047045699937, 22.097941578925216 ], [ -103.594043419757213, 22.111646719272606 ], [ -103.581119890419274, 22.104870739332579 ], [ -103.579950340300201, 22.126827119086517 ], [ -103.560140859519151, 22.136585659356829 ], [ -103.542736569744221, 22.120612118916018 ], [ -103.514550969865368, 22.12910856895984 ], [ -103.515897079550072, 22.109916199120047 ], [ -103.501564200184205, 22.105564019556017 ], [ -103.439499659628595, 22.117639199569965 ], [ -103.41968574036747, 22.177482849260151 ], [ -103.434124680268454, 22.190760539740307 ], [ -103.41723121954071, 22.190476089792075 ], [ -103.408959630270616, 22.215364909036197 ], [ -103.38565692033049, 22.212528599376764 ], [ -103.383026310350573, 22.227013419508541 ], [ -103.337696779694625, 22.245163678914786 ], [ -103.311934170403575, 22.233256979728441 ], [ -103.295104429623777, 22.253285279516572 ], [ -103.313938219650268, 22.258710749606802 ], [ -103.297790339901368, 22.298337258885169 ], [ -103.306882740282489, 22.306283058980416 ], [ -103.327705819877522, 22.307360369112569 ], [ -103.355688110192119, 22.27979924939056 ], [ -103.350092739979942, 22.307456549311258 ], [ -103.363756479708755, 22.314483169193714 ], [ -103.342955280455826, 22.335122369370296 ], [ -103.366682979561133, 22.351039019181961 ], [ -103.364716680152981, 22.369535629091342 ], [ -103.314584630071195, 22.404908219528647 ], [ -103.300501580074197, 22.392990119228319 ], [ -103.285230720027329, 22.41424414927949 ], [ -103.232120570024776, 22.393393859761993 ], [ -103.213412739986722, 22.410073249764693 ], [ -103.198770880171068, 22.380601229710809 ], [ -103.16857768957415, 22.385012799079 ], [ -103.168589920403932, 22.354615659234302 ], [ -103.208232599700992, 22.333081198999512 ], [ -103.22062195025218, 22.280466169751797 ], [ -103.190573820053913, 22.298527019748906 ], [ -103.100987720003985, 22.2939748596804 ], [ -103.055455180023586, 22.247256319324503 ], [ -103.054770170396708, 22.213826859240644 ], [ -103.106058769585289, 22.19135602897126 ], [ -103.108798379786251, 22.1443409092597 ], [ -103.077024739960265, 22.125504419526081 ], [ -103.101700340363635, 22.101797999590538 ], [ -103.152783750115361, 22.087622049183274 ], [ -103.154285319954639, 22.072236819695597 ], [ -103.107908620278863, 22.063395779598014 ], [ -103.111486449533643, 22.014261309180121 ], [ -103.201661770339854, 21.998568119318556 ], [ -103.191812259932206, 21.974449799677945 ], [ -103.205567920411141, 21.965194378947679 ], [ -103.264715349666943, 21.971844978899462 ], [ -103.278561019924439, 21.989650148933137 ], [ -103.34135087961306, 21.940403139333579 ], [ -103.344079999577474, 21.913471949549411 ], [ -103.394338879759459, 21.896694569469656 ], [ -103.413870089812008, 21.905455399211061 ], [ -103.455357309519115, 21.832795909198694 ], [ -103.472356539689542, 21.836003878911768 ], [ -103.470529970477642, 21.813540259320867 ], [ -103.502817449779755, 21.833074709258867 ], [ -103.531425290428189, 21.817838569534064 ], [ -103.526057650157895, 21.805065249734387 ], [ -103.57262725974158, 21.803489829540837 ], [ -103.50847354956386, 21.739735049053436 ], [ -103.555491740115997, 21.63408350914623 ], [ -103.545222179585707, 21.587638909009979 ], [ -103.558891830111293, 21.576404089725056 ], [ -103.590496570352371, 21.589794679629073 ], [ -103.592918320158432, 21.55922591979866 ], [ -103.619004689728939, 21.556863679144826 ], [ -103.64487827987918, 21.576454179548943 ], [ -103.658316450370492, 21.555906539707038 ], [ -103.689788879870065, 21.552353148940952 ], [ -103.694487000012217, 21.528886879575797 ], [ -103.672578249832796, 21.505454739747353 ], [ -103.701464720017, 21.466265909679322 ], [ -103.658743250005642, 21.463697659558353 ], [ -103.660789769643529, 21.441583569806884 ], [ -103.626525369887972, 21.434482059725639 ], [ -103.595311649825504, 21.390906229098249 ], [ -103.575883649635131, 21.436153978962249 ], [ -103.538700260464637, 21.444770919550891 ], [ -103.503920249999766, 21.376837019274589 ], [ -103.509964020301027, 21.3548928792267 ], [ -103.567630019940765, 21.352215859499662 ], [ -103.578452379946782, 21.330234289363162 ], [ -103.616945090011171, 21.353409649492839 ], [ -103.677403820183912, 21.319910948966481 ], [ -103.705084549778491, 21.325497718957951 ], [ -103.720839089846464, 21.307961079796584 ], [ -103.716211380052286, 21.267868478917993 ], [ -103.666680509673512, 21.290465109815568 ], [ -103.635136980213886, 21.28317984963461 ], [ -103.640195879553048, 21.222072419190638 ], [ -103.667324049571349, 21.216048549718749 ], [ -103.618634259758778, 21.188778620365937 ], [ -103.590441030129341, 21.127522060639048 ], [ -103.554447260402995, 21.116579799402498 ], [ -103.531464799775392, 21.141977510365216 ], [ -103.510964050232715, 21.146222150455436 ], [ -103.504051540066058, 21.127738680444736 ], [ -103.428582400335657, 21.146723819295705 ], [ -103.395962910230409, 21.080288449583737 ], [ -103.35310294025814, 21.045259949303027 ], [ -103.296558309623734, 21.064838419370542 ], [ -103.27573077040249, 21.051446649646348 ], [ -103.258234620269207, 21.083066429596762 ], [ -103.209601650304961, 21.094220599585761 ], [ -103.18836733971267, 21.070659719230175 ], [ -103.129305480010814, 21.053277849223171 ], [ -103.123323150007195, 21.066803909115762 ], [ -103.088424570111229, 21.065741819690246 ], [ -103.056475369741761, 21.09931974970532 ], [ -103.075790400431501, 21.096888889180498 ], [ -103.098500120062212, 21.128493308933269 ], [ -103.071375859936424, 21.152933749075867 ], [ -103.084306349988722, 21.194059489747008 ], [ -103.056985200080845, 21.246787599467691 ], [ -103.065500000106127, 21.255806449019083 ], [ -103.044891880106988, 21.262365259662889 ], [ -103.045883710027837, 21.249425689438489 ], [ -103.017013539832135, 21.241048539750572 ], [ -102.996904019860523, 21.259681939676273 ], [ -102.946293920053847, 21.234443449294339 ], [ -102.947811200081503, 21.214601119359145 ], [ -102.910652170459528, 21.205234659414664 ], [ -102.903028659962189, 21.235185999552517 ], [ -102.876573659571733, 21.236634019456062 ], [ -102.844829450055258, 21.277326849299477 ], [ -102.848777540007305, 21.293176288923231 ], [ -102.8151590301471, 21.294668998990435 ], [ -102.811963779626581, 21.323716819016884 ], [ -102.798499369595092, 21.306913779111813 ], [ -102.788916019781809, 21.329507399607717 ], [ -102.771817719864615, 21.316005879045786 ], [ -102.755280879656453, 21.323158599382207 ], [ -102.75776542978457, 21.339186179170188 ], [ -102.727959770366624, 21.357087799549245 ], [ -102.729128060294954, 21.387355539049956 ], [ -102.69505531982648, 21.340744458985942 ], [ -102.642594889726837, 21.36720059949803 ], [ -102.63814061969893, 21.393236519099617 ], [ -102.659669459541064, 21.410877018938177 ], [ -102.655006860068909, 21.44664951951124 ], [ -102.636129859899299, 21.462907819212312 ], [ -102.649067249525615, 21.474196579638718 ], [ -102.6248415099152, 21.501411489389266 ], [ -102.642166850294032, 21.518721348955662 ], [ -102.630734319569314, 21.533983339642131 ], [ -102.696410170159382, 21.54303033972058 ], [ -102.695100739606318, 21.57291282974149 ], [ -102.764741339976879, 21.596064579510418 ], [ -102.783614689548628, 21.646693369295878 ], [ -102.773405110362603, 21.658306079746215 ], [ -102.805283059649696, 21.671011549279864 ], [ -102.766492139897593, 21.686928279457572 ], [ -102.745299939556304, 21.720052309548482 ], [ -102.696263289676509, 21.728768019734794 ], [ -102.690668569947604, 21.752437199413151 ], [ -102.668926349785906, 21.764051449646939 ], [ -102.552493720216575, 21.742651029732659 ], [ -102.475756549871306, 21.694945149700384 ], [ -102.456863769700064, 21.698087539496104 ], [ -102.461066399729717, 21.67925908923258 ], [ -102.325722059775188, 21.622266479369248 ], [ -102.295370780055336, 21.653098719802262 ], [ -102.303990309636959, 21.666684719327645 ], [ -102.237617510423178, 21.652001369593528 ], [ -102.214266750160476, 21.694818859123448 ], [ -102.177885919812368, 21.688155309385703 ], [ -102.171432779998966, 21.707000979484079 ], [ -102.142099720436434, 21.705374289273571 ], [ -102.086180660224244, 21.767263888996162 ], [ -102.094570510279098, 21.777701649729067 ], [ -102.071962738622034, 21.782654749404728 ], [ -102.041742940460352, 21.823067648979812 ], [ -102.038417510217187, 21.853198046579099 ], [ -101.880212620445675, 21.910149779321515 ], [ -101.838003369530526, 21.907344369069492 ], [ -101.835289450322918, 21.941770579528999 ], [ -101.872671309758474, 21.946514379137991 ], [ -101.885799879630071, 21.932611629283958 ], [ -101.912598490392, 21.99748574015085 ], [ -101.891252510080008, 21.976592049990447 ], [ -101.863798709757518, 21.990015660272483 ], [ -101.861669819706904, 22.028883830040659 ], [ -101.815673050106767, 22.019983089708987 ], [ -101.80143614954828, 22.030996199688975 ], [ -101.777633080434654, 22.007301749504631 ], [ -101.75100399972213, 22.014645428921458 ], [ -101.659141090343653, 21.941594889778866 ], [ -101.650117280180254, 21.907410119675028 ], [ -101.61671189019782, 21.929447969684073 ], [ -101.595848860052882, 21.909962619599977 ], [ -101.569806279526901, 21.917080739329368 ], [ -101.565963549749171, 21.842033338921851 ], [ -101.510541749843185, 21.799058488955747 ], [ -101.538832170153285, 21.777334879310811 ], [ -101.585694079926512, 21.778777119340887 ], [ -101.579682799682956, 21.736404598924178 ], [ -101.557653289828764, 21.735098659485608 ], [ -101.570855370077069, 21.704307719416285 ], [ -101.584043320026097, 21.709574489289867 ], [ -101.569138980017001, 21.69231025893145 ], [ -101.596086089727152, 21.637061909106446 ], [ -101.58018873985182, 21.625531339606251 ], [ -101.612313319565459, 21.582916889121467 ], [ -101.620008019895749, 21.541068969125867 ], [ -101.641268829541502, 21.526648319205499 ], [ -101.570415629671388, 21.418535749750955 ], [ -101.677582949826785, 21.395142369554321 ], [ -101.642844920366002, 21.355106088965027 ], [ -101.643177110340631, 21.299335689262943 ], [ -101.759716510065573, 21.267621738923921 ], [ -101.781108780065324, 21.160527889412528 ], [ -101.804009149562262, 21.166348179659515 ], [ -101.811825999785071, 21.141236749028131 ], [ -101.833448020087673, 21.137272969190953 ], [ -101.817658800479464, 21.107045689148986 ], [ -101.875003740244139, 21.092894348943723 ], [ -101.938949750277089, 20.93061424938815 ], [ -101.979881820084444, 20.925047549550797 ], [ -102.021780540007043, 20.862160319569586 ], [ -102.079867050047255, 20.829065079454569 ], [ -102.095908379631496, 20.780050519469267 ], [ -102.067592629739295, 20.772247429182986 ], [ -102.064487310074284, 20.738749619459469 ], [ -102.034460879678832, 20.742139399637534 ], [ -102.03774025971569, 20.717396479706153 ], [ -102.014389369892839, 20.717063659564303 ], [ -102.013837489555087, 20.664441169530317 ], [ -101.968079659830366, 20.663641199499299 ], [ -101.971187859634782, 20.637609749709117 ], [ -101.951143680369, 20.607426849629608 ], [ -101.973918420002846, 20.5417884289466 ], [ -102.014141630264433, 20.542596089411671 ], [ -102.010092420022119, 20.526058849297019 ], [ -102.046027289981794, 20.482614289007682 ], [ -102.043994569937126, 20.456592199435971 ], [ -102.076615829629745, 20.428158749768258 ], [ -102.070882620140907, 20.409019169430493 ], [ -102.105768230256842, 20.378636109125239 ], [ -102.168167679955488, 20.378740429589829 ], [ -102.158158049829041, 20.366960229513065 ], [ -102.17702245962974, 20.368154449701695 ], [ -102.175366139862419, 20.355966059670969 ], [ -102.254159819945158, 20.335265599003193 ], [ -102.306598019928387, 20.358163579165037 ], [ -102.36628957020676, 20.327879289546399 ], [ -102.434631979543397, 20.341024459800977 ], [ -102.490628680344258, 20.30860133920428 ], [ -102.505442489713559, 20.315857749452096 ], [ -102.530476889771137, 20.295826369735327 ], [ -102.528584249545787, 20.270953369134244 ], [ -102.544118079947523, 20.28055939927814 ], [ -102.554977349533772, 20.260685349520365 ], [ -102.564582980312153, 20.278155029418834 ], [ -102.590486119945936, 20.258465338967337 ], [ -102.610145540445615, 20.269088509601428 ], [ -102.627331249059353, 20.22938554920146 ], [ -102.679025370023524, 20.226913109065205 ], [ -102.679721860449973, 20.171501549252991 ], [ -102.819282089806066, 20.137247969217043 ], [ -102.801873399772433, 20.123034289165822 ], [ -102.816287379667855, 20.106047879424619 ], [ -102.840674679744893, 20.116109109432671 ], [ -102.865953260414955, 20.162363619187879 ], [ -102.940170259624878, 20.171681829182056 ], [ -102.954003140282325, 20.166568539589225 ], [ -102.926448279588669, 20.129575179747913 ], [ -102.959580169680351, 20.141240079800209 ], [ -102.970583909924514, 20.125403619754419 ], [ -103.004818540148477, 20.138195709032946 ], [ -103.044407519822357, 20.123601379350067 ], [ -103.020720030258744, 20.047306349698562 ], [ -103.051504179811403, 19.991611149086062 ], [ -103.025219550341831, 19.96049208932763 ], [ -102.951214939529535, 19.99655650971307 ], [ -102.902621890379038, 19.966863479840939 ], [ -102.8820496300022, 19.975769259536403 ], [ -102.794009460049281, 19.950291020535371 ], [ -102.776873579208271, 19.960153740009051 ], [ -102.770633549090235, 19.929868450211163 ], [ -102.731215110407817, 19.899507849580417 ], [ -102.742490050476221, 19.878759479276422 ], [ -102.730352679538854, 19.85320867927636 ], [ -102.753330200001599, 19.834123509169725 ], [ -102.739396310451085, 19.815825829000779 ], [ -102.792312229946347, 19.814115509164683 ], [ -102.819526849830694, 19.777941199449085 ], [ -102.816274089802064, 19.749905059780577 ], [ -102.803926279689762, 19.752157629445342 ], [ -102.810804719711257, 19.741016089573403 ], [ -102.780481719989226, 19.704324089304116 ], [ -102.805662539700378, 19.674837769641229 ], [ -102.791203349859117, 19.673186419001606 ], [ -102.775849459672727, 19.627714999080975 ], [ -102.715932049857543, 19.602935149583175 ], [ -102.726038890190196, 19.579025549089732 ], [ -102.710656349544834, 19.541068769166444 ], [ -102.738064940127416, 19.493359479086077 ], [ -102.689487090018005, 19.513415679619886 ], [ -102.65752782025055, 19.487237279267717 ], [ -102.582318419574364, 19.528325849685405 ], [ -102.575943450406854, 19.498061779506713 ], [ -102.542705379983815, 19.478033109377503 ], [ -102.568581370316636, 19.445478349207288 ], [ -102.543715430145781, 19.429580170555667 ], [ -102.576786999501394, 19.423908919541486 ], [ -102.56880074956301, 19.412625968998444 ], [ -102.611177629920562, 19.322796249226791 ], [ -102.632715918602287, 19.306981950556295 ], [ -102.662110279994891, 19.218811399089621 ], [ -102.700691568684917, 19.224536629887055 ], [ -102.698826019891982, 19.24993136949508 ], [ -102.712722148885163, 19.235808060704887 ], [ -102.753815918672714, 19.255805060611742 ], [ -102.790243199724699, 19.24245799938047 ], [ -102.824433400369855, 19.205693229181907 ], [ -102.865377059683397, 19.211285429268475 ], [ -102.915072629554103, 19.179367109414216 ], [ -102.960096089557211, 19.174055889398542 ], [ -102.979357770305342, 19.152413259026659 ], [ -102.977622709843459, 19.12006090929038 ], [ -103.004459820147574, 19.137571339450545 ], [ -103.020426619716005, 19.130494289543073 ], [ -103.016005679645602, 19.079185309050608 ], [ -102.990835229962883, 19.053378909291489 ], [ -103.02521425960056, 19.053103849803957 ], [ -103.033242080307019, 19.029117618991329 ], [ -103.063238509902646, 19.027854079495548 ], [ -103.052499570346725, 18.998125419207312 ], [ -103.088108799859256, 18.984108709527174 ], [ -103.125019460302511, 18.930144659759467 ], [ -103.148196119993855, 18.925871879496757 ], [ -103.203008090064117, 18.965340249646442 ], [ -103.223876200280856, 19.024100509854424 ], [ -103.332485169828146, 18.973251309351639 ], [ -103.377248879900435, 18.98017045979293 ], [ -103.411433920434803, 18.967659289620713 ], [ -103.472660460162245, 18.991136369157868 ], [ -103.495020200024328, 18.970666399313597 ], [ -103.488505540091893, 19.027586749547691 ], [ -103.526480630064839, 19.07872804932633 ], [ -103.497630880323797, 19.174642149109935 ], [ -103.515238519594078, 19.211351799411364 ], [ -103.509181580435396, 19.295149909055187 ], [ -103.486429980247706, 19.337890649493012 ], [ -103.574268420017916, 19.411562319530283 ], [ -103.615357570086417, 19.474995449612305 ], [ -103.606199309631748, 19.500557859625243 ], [ -103.618276509891672, 19.512518769848736 ], [ -103.69004528956124, 19.492447769637938 ], [ -103.718257319660054, 19.453497509641839 ], [ -103.819252859670769, 19.408739709613503 ], [ -103.824134889600245, 19.437788249690243 ], [ -103.856452770283525, 19.431330539305584 ], [ -103.889330890098847, 19.463597309446399 ], [ -103.908765460436484, 19.453628309405818 ], [ -103.89952159986025, 19.434547249761671 ], [ -103.964798659866531, 19.45416265007422 ], [ -103.974007090269453, 19.474552910190422 ], [ -104.000045550014761, 19.468828830629512 ], [ -104.061725059829357, 19.497702939421114 ], [ -104.090226219386935, 19.393024799022307 ], [ -104.133344120049657, 19.353745830243628 ], [ -104.122984619677354, 19.319041939618291 ], [ -104.161649829566969, 19.302719648988884 ], [ -104.17980131889675, 19.312562120008248 ], [ -104.191667370105364, 19.29220976917555 ], [ -104.261179050131261, 19.311806199814008 ], [ -104.297591000362146, 19.302670769597551 ], [ -104.314803909559899, 19.279355889814795 ], [ -104.343880290283821, 19.28954597923078 ], [ -104.361873689921026, 19.269078419000692 ], [ -104.374273460346714, 19.281883979299234 ], [ -104.401322510286718, 19.266813029714463 ], [ -104.400945599875072, 19.289069799256314 ], [ -104.43960562015819, 19.277587199366355 ] ] ], [ [ [ -104.875901289468175, 19.273229350315209 ], [ -104.877472125263893, 19.27275012513492 ], [ -104.87715219834341, 19.273582539983437 ], [ -104.875901289468175, 19.273229350315209 ] ] ], [ [ [ -104.960164613344929, 19.306089427686306 ], [ -104.960595394608987, 19.308125383527653 ], [ -104.959911715733526, 19.306054420750399 ], [ -104.960164613344929, 19.306089427686306 ] ] ], [ [ [ -104.955614966614021, 19.310576047792985 ], [ -104.955959208256871, 19.309501068735106 ], [ -104.956583441681403, 19.310339903020211 ], [ -104.955614966614021, 19.310576047792985 ] ] ], [ [ [ -104.951811996852939, 19.314460754296721 ], [ -104.951413376505798, 19.315052856371025 ], [ -104.951362035281491, 19.314341928333778 ], [ -104.951811996852939, 19.314460754296721 ] ] ], [ [ [ -105.035694386885524, 19.390733867973957 ], [ -105.03398420033038, 19.389053917440584 ], [ -105.035864012342486, 19.388829153213617 ], [ -105.035694386885524, 19.390733867973957 ] ] ], [ [ [ -105.035904471421304, 19.441197744706379 ], [ -105.035395493352198, 19.439683019497974 ], [ -105.036365362821272, 19.440104720000196 ], [ -105.035904471421304, 19.441197744706379 ] ] ], [ [ [ -105.063330725994447, 19.476545440297031 ], [ -105.065830652243733, 19.47618784845584 ], [ -105.066269196389356, 19.476351598135128 ], [ -105.064022881053361, 19.477193214612967 ], [ -105.063330725994447, 19.476545440297031 ] ] ], [ [ [ -105.068435122288989, 19.477775126464351 ], [ -105.06387583458941, 19.477848402517267 ], [ -105.066984823230428, 19.477142752156926 ], [ -105.068435122288989, 19.477775126464351 ] ] ], [ [ [ -105.085738334422174, 19.51496093372781 ], [ -105.085201622808981, 19.513820176082124 ], [ -105.086187018332168, 19.514452907510151 ], [ -105.085738334422174, 19.51496093372781 ] ] ], [ [ [ -105.085976709982916, 19.52280629350485 ], [ -105.08599209920618, 19.521120132977284 ], [ -105.087194591406558, 19.522620686770939 ], [ -105.085976709982916, 19.52280629350485 ] ] ], [ [ [ -105.093591721172146, 19.526761365227756 ], [ -105.093850571218596, 19.523707630814144 ], [ -105.095894169654855, 19.526154894318726 ], [ -105.093591721172146, 19.526761365227756 ] ] ], [ [ [ -105.093974496852979, 19.530556454650217 ], [ -105.094137559254037, 19.529194728583072 ], [ -105.094531016407117, 19.529261993828868 ], [ -105.093974496852979, 19.530556454650217 ] ] ], [ [ [ -105.088327170477939, 19.53321043861234 ], [ -105.08952848167543, 19.531838760440234 ], [ -105.089650868019717, 19.533217495700665 ], [ -105.088327170477939, 19.53321043861234 ] ] ], [ [ [ -105.08901359575276, 19.536070882909243 ], [ -105.087202547911218, 19.534332193109524 ], [ -105.089293351214152, 19.534005700599668 ], [ -105.08901359575276, 19.536070882909243 ] ] ], [ [ [ -105.092821259763696, 19.53526088250679 ], [ -105.092003527506265, 19.536342608544409 ], [ -105.092470637227123, 19.534925203153023 ], [ -105.092821259763696, 19.53526088250679 ] ] ], [ [ [ -105.094245302560836, 19.540469057335674 ], [ -105.093229647103655, 19.537931086992685 ], [ -105.095117890394704, 19.538779028479627 ], [ -105.094245302560836, 19.540469057335674 ] ] ], [ [ [ -105.109319743556014, 19.552100912448683 ], [ -105.108051933091261, 19.544530127293321 ], [ -105.113304862350859, 19.545429220209392 ], [ -105.109319743556014, 19.552100912448683 ] ] ], [ [ [ -105.114773361334144, 19.549130777745667 ], [ -105.115351194564923, 19.547227467150503 ], [ -105.11614233226662, 19.547606212376085 ], [ -105.114773361334144, 19.549130777745667 ] ] ], [ [ [ -105.10661072921576, 19.556348958765639 ], [ -105.107951117409343, 19.555726341284938 ], [ -105.108227275054091, 19.55639979061916 ], [ -105.10661072921576, 19.556348958765639 ] ] ], [ [ [ -105.113574919223524, 19.561519795418466 ], [ -105.111638641398613, 19.557339488679123 ], [ -105.117166097117277, 19.554968882941871 ], [ -105.113574919223524, 19.561519795418466 ] ] ], [ [ [ -105.131082230107467, 19.573269616743875 ], [ -105.130631943570251, 19.573877053891454 ], [ -105.130684741332914, 19.573150464839216 ], [ -105.131082230107467, 19.573269616743875 ] ] ], [ [ [ -105.13375515492973, 19.574256816416522 ], [ -105.132972319385814, 19.57342616231746 ], [ -105.134537164840211, 19.573777231881046 ], [ -105.13375515492973, 19.574256816416522 ] ] ], [ [ [ -105.135799701849891, 19.573770118785045 ], [ -105.136740998160533, 19.574652291637438 ], [ -105.134551551388242, 19.574850269897762 ], [ -105.135799701849891, 19.573770118785045 ] ] ], [ [ [ -105.146631263720053, 19.57899665098455 ], [ -105.147871205729544, 19.578651360153991 ], [ -105.147805399663255, 19.579030596668307 ], [ -105.146631263720053, 19.57899665098455 ] ] ], [ [ [ -105.146216538767575, 19.580354895028979 ], [ -105.146865566693876, 19.58106682900965 ], [ -105.146187562405899, 19.580469409041488 ], [ -105.146216538767575, 19.580354895028979 ] ] ], [ [ [ -105.292927554074055, 20.544323328855981 ], [ -105.29195563917547, 20.545704148355924 ], [ -105.29109811140728, 20.545064985218147 ], [ -105.292927554074055, 20.544323328855981 ] ] ] ] } },
{ "type": "Feature", "properties": { "name": "Michoacán" }, "geometry": { "type": "Polygon", "coordinates": [ [ [ -102.139755020460541, 18.188380509617762 ], [ -102.1782750598653, 18.122923349409568 ], [ -102.184351179719229, 18.026387849143784 ], [ -102.180159549766742, 17.998900909632273 ], [ -102.132989279612943, 17.950835779380007 ], [ -102.137795467553175, 17.935293803843507 ], [ -102.19194642824462, 17.913373135563607 ], [ -102.309182700639496, 17.969486373383084 ], [ -102.480420754413444, 18.017365886812858 ], [ -102.759134000265803, 18.069875909184237 ], [ -103.030703133401857, 18.187505699765875 ], [ -103.109520640762199, 18.19020942828892 ], [ -103.339605244713795, 18.270764434708973 ], [ -103.36178761860495, 18.264724664570316 ], [ -103.51080679955335, 18.344286859955886 ], [ -103.583090819859009, 18.505906149516125 ], [ -103.711884219652475, 18.597005659604537 ], [ -103.686207430377294, 18.628638509398947 ], [ -103.737982229904489, 18.694074429331064 ], [ -103.700302650216358, 18.754355749363434 ], [ -103.620031019655769, 18.801383199213006 ], [ -103.617187259544565, 18.842851339605279 ], [ -103.640572369776734, 18.867244489866561 ], [ -103.626753920373361, 18.888754819507668 ], [ -103.573244139546858, 18.871327889784965 ], [ -103.558074680365266, 18.906580428986363 ], [ -103.532044799561604, 18.905434599653457 ], [ -103.533620320416418, 18.92703619977204 ], [ -103.514113980369203, 18.934931749361549 ], [ -103.52231825994528, 18.948515709467902 ], [ -103.506370000324765, 18.948225519207178 ], [ -103.508601450247454, 18.963671319151199 ], [ -103.491202060039214, 18.958355779602961 ], [ -103.473095509824319, 18.991066709462512 ], [ -103.411433920434803, 18.967659289620713 ], [ -103.377248879900435, 18.98017045979293 ], [ -103.332485169828146, 18.973251309351639 ], [ -103.225391769739147, 19.024123309167852 ], [ -103.204471999641214, 18.967612249064743 ], [ -103.173364230420944, 18.936263919125636 ], [ -103.125019460302511, 18.930144659759467 ], [ -103.088108799859256, 18.984108709527174 ], [ -103.052499570346725, 18.998125419207312 ], [ -103.063238509902646, 19.027854079495548 ], [ -103.033242080307019, 19.029117618991329 ], [ -103.02521425960056, 19.053103849803957 ], [ -102.990835229962883, 19.053378909291489 ], [ -103.016005679645602, 19.079185309050608 ], [ -103.019727020032633, 19.132371169561424 ], [ -102.977622709843459, 19.12006090929038 ], [ -102.979357770305342, 19.152413259026659 ], [ -102.960096089557211, 19.174055889398542 ], [ -102.915072629554103, 19.179367109414216 ], [ -102.865377059683397, 19.211285429268475 ], [ -102.824433400369855, 19.205693229181907 ], [ -102.790243199724699, 19.24245799938047 ], [ -102.753815918672714, 19.255805060611742 ], [ -102.712722148885163, 19.235808060704887 ], [ -102.696593279804318, 19.248808860160349 ], [ -102.700691568684917, 19.224536629887055 ], [ -102.669922689016914, 19.212412059519714 ], [ -102.56880074956301, 19.412625968998444 ], [ -102.576786999501394, 19.423908919541486 ], [ -102.543715430145781, 19.429580170555667 ], [ -102.568581370316636, 19.445478349207288 ], [ -102.542705379983815, 19.478033109377503 ], [ -102.575943450406854, 19.498061779506713 ], [ -102.581864200185564, 19.528255119360917 ], [ -102.65752782025055, 19.487237279267717 ], [ -102.689487090018005, 19.513415679619886 ], [ -102.738064940127416, 19.493359479086077 ], [ -102.710656349544834, 19.541068769166444 ], [ -102.726038890190196, 19.579025549089732 ], [ -102.715932049857543, 19.602935149583175 ], [ -102.775849459672727, 19.627714999080975 ], [ -102.791203349859117, 19.673186419001606 ], [ -102.805662539700378, 19.674837769641229 ], [ -102.780481719989226, 19.704324089304116 ], [ -102.810804719711257, 19.741016089573403 ], [ -102.803926279689762, 19.752157629445342 ], [ -102.816274089802064, 19.749905059780577 ], [ -102.819526849830694, 19.777941199449085 ], [ -102.792312229946347, 19.814115509164683 ], [ -102.739396310451085, 19.815825829000779 ], [ -102.753330200001599, 19.834123509169725 ], [ -102.730352679538854, 19.85320867927636 ], [ -102.742490050476221, 19.878759479276422 ], [ -102.731215110407817, 19.899507849580417 ], [ -102.770633549090235, 19.929868450211163 ], [ -102.776873579208271, 19.960153740009051 ], [ -102.794009460049281, 19.950291020535371 ], [ -102.8820496300022, 19.975769259536403 ], [ -102.902621890379038, 19.966863479840939 ], [ -102.951214939529535, 19.99655650971307 ], [ -102.993809679778266, 19.983894749161887 ], [ -103.016227489567214, 19.959343349800672 ], [ -103.034782419701287, 19.967913289043416 ], [ -103.051504179811403, 19.991611149086062 ], [ -103.020720030258744, 20.047306349698562 ], [ -103.041710940317344, 20.090640658993291 ], [ -103.033500029817162, 20.13566361956973 ], [ -102.926448279588669, 20.129575179747913 ], [ -102.954143380171416, 20.170877849007734 ], [ -102.867461799753897, 20.162663649419226 ], [ -102.840674679744893, 20.116109109432671 ], [ -102.816287379667855, 20.106047879424619 ], [ -102.801873399772433, 20.123034289165822 ], [ -102.815204060243033, 20.139264649105538 ], [ -102.679721860449973, 20.171501549252991 ], [ -102.679025370023524, 20.226913109065205 ], [ -102.627331249059353, 20.22938554920146 ], [ -102.610145540445615, 20.269088509601428 ], [ -102.590486119945936, 20.258465338967337 ], [ -102.564582980312153, 20.278155029418834 ], [ -102.554977349533772, 20.260685349520365 ], [ -102.544118079947523, 20.28055939927814 ], [ -102.529277619712317, 20.270615289473291 ], [ -102.530018179562177, 20.29622084958633 ], [ -102.447386259637298, 20.338490519467431 ], [ -102.366700750415774, 20.327795119254851 ], [ -102.306598019928387, 20.358163579165037 ], [ -102.254159819945158, 20.335265599003193 ], [ -102.175366139862419, 20.355966059670969 ], [ -102.17702245962974, 20.368154449701695 ], [ -102.158158049829041, 20.366960229513065 ], [ -102.168167679955488, 20.378740429589829 ], [ -102.065032629400633, 20.374921570325903 ], [ -102.014931741930184, 20.39446801512663 ], [ -102.015455420453137, 20.328885029311291 ], [ -101.996390030439599, 20.35964321932649 ], [ -101.944717169981274, 20.342128849745325 ], [ -101.963471630356125, 20.318557419377548 ], [ -101.934547399505107, 20.297691460600266 ], [ -101.951088419530222, 20.27094779930523 ], [ -101.931295489961457, 20.208468349101661 ], [ -101.907340970184734, 20.21410681926735 ], [ -101.917280139956148, 20.194819479674162 ], [ -101.894242830189256, 20.204021859327984 ], [ -101.880857510363256, 20.188131849400961 ], [ -101.871598110161372, 20.210988849520955 ], [ -101.833866180224618, 20.224790399068279 ], [ -101.824860719998725, 20.201837599723564 ], [ -101.786615679595471, 20.219318449425717 ], [ -101.75939177036976, 20.201731909469562 ], [ -101.731198999550969, 20.214802309468627 ], [ -101.69793489018241, 20.189674369112257 ], [ -101.686916750278741, 20.21722104958922 ], [ -101.668474369527303, 20.213135139487804 ], [ -101.663308020366259, 20.237579979626759 ], [ -101.646252320055282, 20.238668049160971 ], [ -101.642520649690695, 20.267646379425905 ], [ -101.625533999769843, 20.266997689519627 ], [ -101.624654279659325, 20.314580379357412 ], [ -101.601074140454102, 20.298018540164239 ], [ -101.58309772026378, 20.327359819584437 ], [ -101.565782140272873, 20.315740949715117 ], [ -101.553265710398094, 20.332515799545561 ], [ -101.522936089894458, 20.332346949514072 ], [ -101.501068230474019, 20.311672539194209 ], [ -101.472122549551472, 20.331163479713346 ], [ -101.450942219717689, 20.319498319042808 ], [ -101.456696620103656, 20.304370479808796 ], [ -101.440197050150303, 20.305192819743574 ], [ -101.455930459814624, 20.267169679060686 ], [ -101.420562480355443, 20.275203919352464 ], [ -101.395324380194296, 20.248549339582812 ], [ -101.360519480216354, 20.249055739485708 ], [ -101.352618089660581, 20.234932199674752 ], [ -101.363198169716256, 20.195794419731595 ], [ -101.419891119833153, 20.201590579757589 ], [ -101.422498250357677, 20.163226319497991 ], [ -101.389375999570134, 20.134863769094085 ], [ -101.408689050089478, 20.123133829166544 ], [ -101.40469589007175, 20.080195179097185 ], [ -101.387513149634984, 20.082961249131081 ], [ -101.401680280351798, 20.035009049123136 ], [ -101.253030540376599, 20.035496079610777 ], [ -101.203055510243189, 20.007224149739201 ], [ -101.201531819667551, 20.025738549659273 ], [ -101.160351509730802, 20.040200149412598 ], [ -101.196318459722903, 20.057188549538552 ], [ -101.171619770047855, 20.073451718962822 ], [ -101.175237170254746, 20.097116309791538 ], [ -101.133147080102219, 20.059984659626227 ], [ -101.042901089945332, 20.091954169053384 ], [ -100.99283392012903, 20.064905859371095 ], [ -101.01421074955023, 20.040345679615825 ], [ -100.967644419949394, 20.011293479337507 ], [ -100.98270077954902, 20.002630649109591 ], [ -100.976709250134675, 19.982738449507998 ], [ -101.004656149705809, 19.966233879160644 ], [ -101.002275689556512, 19.952363249423154 ], [ -100.980791229614752, 19.95522107954729 ], [ -100.971840109962002, 19.929976719805502 ], [ -100.947879350069002, 19.93356305971189 ], [ -100.947539380248813, 19.962545228966629 ], [ -100.835761829617425, 19.934596428967261 ], [ -100.824301449255557, 19.978329089785461 ], [ -100.792063939484819, 19.955574799524989 ], [ -100.778813619087629, 19.91514968932098 ], [ -100.74875278095675, 19.91275018066974 ], [ -100.660381340250936, 19.964548339105303 ], [ -100.617573379637165, 19.95769254927918 ], [ -100.59560331041024, 19.991662019726579 ], [ -100.556743339862862, 19.987261319807033 ], [ -100.590713910308452, 19.956838799404469 ], [ -100.528201310422006, 19.974257309713163 ], [ -100.536008509842304, 19.92300659960722 ], [ -100.519946449555277, 19.918820049249653 ], [ -100.511687089638883, 19.958216089810467 ], [ -100.465824350430211, 19.987398029223449 ], [ -100.36293111997874, 19.989861079067943 ], [ -100.358263680226983, 20.064916459333762 ], [ -100.397256680422743, 20.096952749170708 ], [ -100.34030844956024, 20.189736919807753 ], [ -100.355236709706034, 20.219018349588321 ], [ -100.323558369825008, 20.251934019721634 ], [ -100.345833110277553, 20.29800021939197 ], [ -100.260456650181666, 20.267509939188734 ], [ -100.181144019681781, 20.208800539491367 ], [ -100.191863848577128, 20.176000079401511 ], [ -100.235603550041091, 20.143458579842768 ], [ -100.197392830387429, 20.129888459340709 ], [ -100.202941090104773, 20.076649369224739 ], [ -100.164462199668307, 20.078346519445088 ], [ -100.138078800161793, 20.047564429051729 ], [ -100.153320168721478, 20.053674059414082 ], [ -100.157695029650498, 20.01791485920851 ], [ -100.15376954956524, 20.006389819529531 ], [ -100.116023549768826, 20.006129708982872 ], [ -100.131394119839001, 19.982001859131785 ], [ -100.130122490456188, 19.916193048955858 ], [ -100.06303281888502, 19.855808629331165 ], [ -100.131487140287774, 19.852013859168967 ], [ -100.148185750112773, 19.728215199608087 ], [ -100.192112059929244, 19.697137779684233 ], [ -100.229489980258734, 19.7022057493072 ], [ -100.234136370022838, 19.72003622983237 ], [ -100.273989720255187, 19.672251279541598 ], [ -100.247519220284076, 19.634512770393478 ], [ -100.2374763202113, 19.557218798995422 ], [ -100.214696310309719, 19.552765399570003 ], [ -100.196426679567196, 19.531733109031844 ], [ -100.201939520181512, 19.499528259746651 ], [ -100.177694180186805, 19.492624749683898 ], [ -100.200979750200645, 19.492791709126422 ], [ -100.206437780014781, 19.470370229597364 ], [ -100.189872620384108, 19.439704049424634 ], [ -100.237425170172969, 19.403512259449393 ], [ -100.293094119555235, 19.395128859646579 ], [ -100.312374460211927, 19.362361119223245 ], [ -100.300730629608594, 19.34274427953606 ], [ -100.323265060245305, 19.306803249201888 ], [ -100.319883339736805, 19.252991539684849 ], [ -100.373085120044024, 19.194171967778992 ], [ -100.37819148028602, 19.171100047199268 ], [ -100.361591140247754, 19.154706827205271 ], [ -100.38948228977867, 19.142912859855933 ], [ -100.410827230220136, 19.063595079217489 ], [ -100.529852779545848, 19.009331219554021 ], [ -100.543785859617344, 18.93470370901457 ], [ -100.593236879860356, 18.915279419253508 ], [ -100.696068540215464, 18.794125489556368 ], [ -100.709560579951074, 18.835848879786283 ], [ -100.748403419607385, 18.867932569116661 ], [ -100.776922250349784, 18.8597522894691 ], [ -100.791770890005736, 18.834168479872176 ], [ -100.782517519605861, 18.801653509492901 ], [ -100.798968939838801, 18.784535779563424 ], [ -100.796911980133004, 18.74627016971829 ], [ -100.772935179612475, 18.732567709509276 ], [ -100.785405050419925, 18.691480719400779 ], [ -100.770282619796802, 18.692710229275583 ], [ -100.751212819924092, 18.64166671957118 ], [ -100.764895719878453, 18.561211339007279 ], [ -100.715041180248278, 18.486397018985645 ], [ -100.637244480003631, 18.457749169024684 ], [ -100.631492120425534, 18.438469649168027 ], [ -100.590696799723219, 18.415460939341664 ], [ -100.610603970414175, 18.377053819800469 ], [ -100.645867480144275, 18.346149739483995 ], [ -100.676693718832723, 18.372559479441808 ], [ -100.691051219927346, 18.414153169527427 ], [ -100.707038449589547, 18.418999999120178 ], [ -100.722730260186495, 18.400449379524947 ], [ -100.737369319846152, 18.427301459228271 ], [ -100.777643259682094, 18.439543349195382 ], [ -100.798177579920903, 18.480541119431681 ], [ -100.838480749846156, 18.473069319167191 ], [ -100.873975429818685, 18.492008779253489 ], [ -100.894368370202741, 18.463138659418707 ], [ -100.914516020222123, 18.471750199209488 ], [ -100.922994080135325, 18.444162709250111 ], [ -100.942753140068035, 18.455077349794202 ], [ -100.963114200188016, 18.445729719298278 ], [ -100.963895079677599, 18.471826229487469 ], [ -101.004875510097889, 18.492224479714604 ], [ -101.012486149904603, 18.527635779520921 ], [ -101.088660860019729, 18.505907859066191 ], [ -101.282077170151283, 18.54473402956387 ], [ -101.361877199982231, 18.520217799762229 ], [ -101.365604199948791, 18.499882249192765 ], [ -101.406884950191284, 18.512512569551092 ], [ -101.441947230464805, 18.488993379641524 ], [ -101.507444060151684, 18.486797289102149 ], [ -101.583563339673134, 18.520994769217399 ], [ -101.624499780189595, 18.599153979831279 ], [ -101.701175850100256, 18.587893379669293 ], [ -101.724840370076805, 18.612477749177451 ], [ -101.837892419641847, 18.577931379367822 ], [ -101.881626380316817, 18.536204848992121 ], [ -101.887925180393779, 18.481495249561803 ], [ -101.860442050251848, 18.4461851691342 ], [ -101.889316140317391, 18.400473229831928 ], [ -101.855716140278389, 18.314275549516456 ], [ -101.870197820091192, 18.30832285941932 ], [ -101.86269467973176, 18.287228479878273 ], [ -101.882915740039024, 18.277437139631054 ], [ -101.863249310375451, 18.261655139460419 ], [ -101.896819480466306, 18.277115219873902 ], [ -101.906647400249213, 18.244807849623875 ], [ -101.973408850280634, 18.232307089613382 ], [ -101.978148830007996, 18.207309569773074 ], [ -102.139755020460541, 18.188380509617762 ] ], [ [ -102.359203860269901, 20.106280539248015 ], [ -102.359443000219215, 20.106445799476806 ], [ -102.359203860269915, 20.106280539248008 ], [ -102.359203860269901, 20.106280539248015 ] ], [ [ -102.367317339737681, 20.104421249066142 ], [ -102.367317339737724, 20.104421249066156 ], [ -102.367049151036369, 20.104273496631048 ], [ -102.367317339737681, 20.104421249066142 ] ], [ [ -102.368631091482627, 20.103766949248751 ], [ -102.368631091482655, 20.103766949248801 ], [ -102.368930830296662, 20.104119229538369 ], [ -102.368631091482627, 20.103766949248751 ] ], [ [ -102.368522029764506, 20.103638769561847 ], [ -102.368536508887985, 20.103655786797372 ], [ -102.368522029764506, 20.103638769561829 ], [ -102.368522029764506, 20.103638769561847 ] ], [ [ -102.368380585924101, 20.103159967549573 ], [ -102.368474079886653, 20.103240459089161 ], [ -102.368474079886653, 20.103240459089118 ], [ -102.368380585924101, 20.103159967549573 ] ], [ [ -102.365596570385691, 20.096702289823451 ], [ -102.365596570385705, 20.096702289823504 ], [ -102.365604586889191, 20.09672622510368 ], [ -102.365596570385691, 20.096702289823451 ] ], [ [ -102.3650109103164, 20.095649309014867 ], [ -102.364308219611132, 20.095352229263888 ], [ -102.364986029751321, 20.0956387993898 ], [ -102.3650109103164, 20.095649309014867 ] ], [ [ -102.368240469142691, 20.077700199567762 ], [ -102.368398770342054, 20.077835349621203 ], [ -102.36839877034204, 20.077835349621182 ], [ -102.368240469142691, 20.077700199567762 ] ], [ [ -102.374762950161582, 20.066528219028065 ], [ -102.374874645614582, 20.066651000187633 ], [ -102.374762950161582, 20.066528219028061 ], [ -102.374762950161582, 20.066528219028065 ] ], [ [ -102.375621570384638, 20.06344317959595 ], [ -102.375642914279851, 20.06346713075974 ], [ -102.375621570384638, 20.063443179595946 ], [ -102.375621570384638, 20.06344317959595 ] ], [ [ -102.374508079532106, 20.060413754449403 ], [ -102.376019000449546, 20.061820979215856 ], [ -102.376019000449546, 20.061820979215849 ], [ -102.374508079532106, 20.060413754449403 ] ], [ [ -102.37440602000143, 20.060188829286151 ], [ -102.373808629730519, 20.059568879147392 ], [ -102.37440602000143, 20.060188829286162 ], [ -102.37440602000143, 20.060188829286151 ] ], [ [ -102.373745620217562, 20.059439719324502 ], [ -102.373770131385768, 20.059489963454258 ], [ -102.373745620217562, 20.059439719324498 ], [ -102.373745620217562, 20.059439719324502 ] ], [ [ -102.407203400195456, 20.042304049084123 ], [ -102.405879889627784, 20.042391708984848 ], [ -102.405879889627784, 20.04239170898488 ], [ -102.407203400195456, 20.042304049084123 ] ], [ [ -102.40431094966965, 20.038771999495406 ], [ -102.406095120104126, 20.038703219428236 ], [ -102.406095120104126, 20.038703219428172 ], [ -102.40431094966965, 20.038771999495406 ] ], [ [ -102.40433656998745, 20.033118089367754 ], [ -102.403871230394671, 20.032822429262598 ], [ -102.404566179534015, 20.033263979755667 ], [ -102.40433656998745, 20.033118089367754 ] ], [ [ -102.402570600351368, 20.029593509302355 ], [ -102.402301369780929, 20.029599549398824 ], [ -102.402351379631355, 20.02959842955444 ], [ -102.402570600351368, 20.029593509302355 ] ], [ [ -102.39734606651335, 20.012450634118309 ], [ -102.381745540061686, 20.011584459114651 ], [ -102.377978649565648, 20.009109042613108 ], [ -102.381745540061715, 20.011584459114676 ], [ -102.39734606651335, 20.012450634118309 ] ], [ [ -102.376496949715929, 19.986360509427957 ], [ -102.382354020469904, 19.988912779209571 ], [ -102.380444490019272, 19.988515679105038 ], [ -102.378710719969249, 19.98829557976914 ], [ -102.376496949715929, 19.986360509427957 ] ], [ [ -102.376017830123104, 19.984538909286627 ], [ -102.374602430033946, 19.984170179087162 ], [ -102.374184649877023, 19.983930349309102 ], [ -102.374602430033974, 19.984170179087201 ], [ -102.375322140300895, 19.984366119256226 ], [ -102.376017830123104, 19.984538909286627 ] ], [ [ -102.373717879987979, 19.983313428961932 ], [ -102.373038088943375, 19.982479528569336 ], [ -102.373767656488525, 19.98337921755866 ], [ -102.373717879987979, 19.983313428961932 ] ], [ [ -102.369640320244983, 19.979095219588139 ], [ -102.371745339939267, 19.980014049218841 ], [ -102.371745339939253, 19.980014049218806 ], [ -102.369640320244983, 19.979095219588139 ] ] ] } },
{ "type": "Feature", "properties": { "name": "Morelos" }, "geometry": { "type": "Polygon", "coordinates": [ [ [ -99.205421629899135, 18.456588799322109 ], [ -99.312152259902504, 18.454787319670341 ], [ -99.328367820418947, 18.45954024975542 ], [ -99.329413249555174, 18.488927549080259 ], [ -99.35267525970751, 18.485980829829586 ], [ -99.34344565978941, 18.467127859160914 ], [ -99.35740426009265, 18.46766916960199 ], [ -99.362951920387502, 18.499026719037754 ], [ -99.422882180176757, 18.562067879652773 ], [ -99.419704449788071, 18.590336659532657 ], [ -99.453886320250049, 18.609902319247613 ], [ -99.494414149993602, 18.720544799258299 ], [ -99.425888769981782, 18.826432970456157 ], [ -99.429354519626358, 18.877569289240444 ], [ -99.410957018580831, 18.87818386053226 ], [ -99.406653629227264, 18.895187750487036 ], [ -99.367036830100574, 18.89399877990606 ], [ -99.313036228817921, 18.948117350155435 ], [ -99.318318978969515, 19.087416829461979 ], [ -99.295077910345157, 19.122931509227488 ], [ -99.278695220240238, 19.131701719269813 ], [ -99.226777780478102, 19.096059999298866 ], [ -99.135379019831589, 19.089296079403994 ], [ -99.125433120278728, 19.062064719651634 ], [ -99.059800230187008, 19.048236659564328 ], [ -99.028993679814775, 19.08536879535567 ], [ -98.957778550127401, 19.060294489471012 ], [ -98.915598170054508, 19.064057279752408 ], [ -98.903389780372862, 19.038482889376603 ], [ -98.871026429908937, 19.025393149362646 ], [ -98.859479649589815, 18.964777939149219 ], [ -98.792080279943647, 18.935339879519955 ], [ -98.714037109703511, 18.943032339236161 ], [ -98.664474479583703, 19.003556859466755 ], [ -98.632946649563323, 19.015549519705758 ], [ -98.678091909755537, 18.923717479315503 ], [ -98.707343229883563, 18.902855509453705 ], [ -98.713965460130623, 18.868386719255028 ], [ -98.681414549702836, 18.907167319623515 ], [ -98.665928910018579, 18.906039719421827 ], [ -98.664860310359003, 18.887665429543166 ], [ -98.727945709906223, 18.805508999619864 ], [ -98.75349391991071, 18.742969378975658 ], [ -98.715907089609445, 18.739189509128273 ], [ -98.74188227991057, 18.702177169785823 ], [ -98.711426310439279, 18.616454749497748 ], [ -98.706699119991498, 18.44511222996762 ], [ -98.752191350430493, 18.453924199217052 ], [ -98.827766258615569, 18.523885542422146 ], [ -98.850408600234118, 18.478034659432439 ], [ -98.912220620467878, 18.462121629075455 ], [ -98.935151950149574, 18.422903849429918 ], [ -98.985372450438788, 18.42115397980027 ], [ -98.98793867957859, 18.397063769484845 ], [ -99.018175079732686, 18.387784369628594 ], [ -99.065478199712871, 18.332376289314812 ], [ -99.075987109692377, 18.34284188946382 ], [ -99.066295720030894, 18.367780199260661 ], [ -99.128314859722295, 18.427308979372622 ], [ -99.140623349812174, 18.474973089717984 ], [ -99.181315079827641, 18.448417749282704 ], [ -99.177905370157433, 18.424745249608481 ], [ -99.205421629899135, 18.456588799322109 ] ] ] } },
{ "type": "Feature", "properties": { "name": "Estado de México" }, "geometry": { "type": "Polygon", "coordinates": [ [ [ -100.070100950379683, 18.576537369791989 ], [ -100.089951140089482, 18.522160779114948 ], [ -100.174202979619338, 18.481681339312381 ], [ -100.185736249794957, 18.455107229730697 ], [ -100.217076089233032, 18.445923690591226 ], [ -100.236399648796365, 18.416771769359642 ], [ -100.259519909803515, 18.427432689483869 ], [ -100.270891518891446, 18.373732460418648 ], [ -100.291978279996087, 18.381605919785653 ], [ -100.305693398821006, 18.368094079213702 ], [ -100.359441319951742, 18.423461859809464 ], [ -100.385356980141523, 18.426524139194967 ], [ -100.362003178672637, 18.496847229492491 ], [ -100.373701290053631, 18.529113849420565 ], [ -100.395953690270431, 18.540520089850638 ], [ -100.429096950197561, 18.510048059407865 ], [ -100.449361599783757, 18.556561369015586 ], [ -100.429733310388997, 18.59927321938962 ], [ -100.487027689630793, 18.640351649240294 ], [ -100.478337199993248, 18.686864778978688 ], [ -100.447133319942736, 18.701575049681178 ], [ -100.437130429761197, 18.750555249569466 ], [ -100.418085219966528, 18.759514079221063 ], [ -100.43063374987986, 18.783248448992378 ], [ -100.456004349551819, 18.777878148971688 ], [ -100.459391650095327, 18.796892689542364 ], [ -100.490285049892378, 18.78930304982439 ], [ -100.493482709966358, 18.823916719330004 ], [ -100.585493779985271, 18.858765859073994 ], [ -100.612897350426181, 18.893454509206403 ], [ -100.543785859617344, 18.93470370901457 ], [ -100.529852779545848, 19.009331219554021 ], [ -100.410827230220136, 19.063595079217489 ], [ -100.38948228977867, 19.142912859855933 ], [ -100.361591140247754, 19.154706827205271 ], [ -100.37819148028602, 19.171100047199268 ], [ -100.373085120044024, 19.194171967778992 ], [ -100.319883339736805, 19.252991539684849 ], [ -100.323265060245305, 19.306803249201888 ], [ -100.300730629608594, 19.34274427953606 ], [ -100.312374460211927, 19.362361119223245 ], [ -100.293094119555235, 19.395128859646579 ], [ -100.237425170172969, 19.403512259449393 ], [ -100.189872620384108, 19.439704049424634 ], [ -100.206437780014781, 19.470370229597364 ], [ -100.200979750200645, 19.492791709126422 ], [ -100.177694180186805, 19.492624749683898 ], [ -100.201939520181512, 19.499528259746651 ], [ -100.196426679567196, 19.531733109031844 ], [ -100.214696310309719, 19.552765399570003 ], [ -100.2374763202113, 19.557218798995422 ], [ -100.247519220284076, 19.634512770393478 ], [ -100.273989720255187, 19.672251279541598 ], [ -100.234136370022838, 19.72003622983237 ], [ -100.229489980258734, 19.7022057493072 ], [ -100.192112059929244, 19.697137779684233 ], [ -100.148185750112773, 19.728215199608087 ], [ -100.131487140287774, 19.852013859168967 ], [ -100.063356339568799, 19.854553079432762 ], [ -100.130122490456188, 19.916193048955858 ], [ -100.131394119839001, 19.982001859131785 ], [ -100.116023549768826, 20.006129708982872 ], [ -100.155077719963529, 20.007440629103375 ], [ -100.152858649831174, 20.054270320367426 ], [ -100.088817939718552, 20.015018289460258 ], [ -100.000352339742903, 20.077480399236102 ], [ -99.978468220114578, 20.074045449769287 ], [ -99.980192650085115, 20.059147449701669 ], [ -99.926337419890174, 20.064330679833311 ], [ -99.942206449992682, 20.120100339330797 ], [ -99.936212770413832, 20.162523033512322 ], [ -99.927175599794921, 20.157141539161724 ], [ -99.921902819791555, 20.158739969095564 ], [ -99.965543060360304, 20.201695690179783 ], [ -99.981096490076496, 20.271493889040112 ], [ -99.957506949836628, 20.250773939706612 ], [ -99.950933019853068, 20.215903509198764 ], [ -99.918414579743271, 20.211788449061238 ], [ -99.934083569759167, 20.249770029298993 ], [ -99.919500969718044, 20.281665379436362 ], [ -99.859541429890172, 20.26462833895043 ], [ -99.841889600105318, 20.281881419258546 ], [ -99.740188220099483, 20.177861568998313 ], [ -99.676948909579437, 20.162470459277465 ], [ -99.659726617871954, 20.180820539771318 ], [ -99.630602400445852, 20.14569444920317 ], [ -99.59956087954545, 20.169673369611878 ], [ -99.533494450392155, 20.162058019455465 ], [ -99.512240248789581, 20.175100169750202 ], [ -99.501830848721298, 20.153286579166519 ], [ -99.518128199215781, 20.145666658969212 ], [ -99.459758710460719, 20.065457340172177 ], [ -99.436852919559257, 20.001299050055966 ], [ -99.450243599225047, 19.964246890395 ], [ -99.477764939414087, 19.96056640008722 ], [ -99.48398148005073, 19.905176520562879 ], [ -99.463880568883923, 19.8925962205156 ], [ -99.43593320005688, 19.903129149979161 ], [ -99.445208288663437, 19.884321060475163 ], [ -99.414991769118828, 19.850526630015306 ], [ -99.373249908870704, 19.85154185023681 ], [ -99.382445179724357, 19.77120406019996 ], [ -99.344560450382232, 19.779454520695115 ], [ -99.338653910232708, 19.802028249566852 ], [ -99.30660051972383, 19.797693709205056 ], [ -99.296943779525435, 19.835222249213825 ], [ -99.228299689754067, 19.875046799108414 ], [ -99.205602769923289, 19.927500739374732 ], [ -99.227761049774884, 19.951068119651026 ], [ -99.15860311984261, 20.027187709110429 ], [ -99.08544996921168, 20.032487920473521 ], [ -99.063840859064683, 20.014194350293707 ], [ -99.059575740060964, 19.973995819625216 ], [ -99.049430310382689, 20.007697110585312 ], [ -99.031342889744863, 20.01485363011194 ], [ -99.034512968901623, 19.971771780199663 ], [ -99.004120108913199, 19.964952110312563 ], [ -99.021554710108376, 19.987005230003323 ], [ -98.988977890384177, 20.06826191997418 ], [ -98.946654648743248, 20.027475090469341 ], [ -98.942730490019841, 19.979073089746464 ], [ -98.995622818816386, 19.956891720614973 ], [ -98.999778508576952, 19.941825019677434 ], [ -98.956112428648012, 19.92818355034057 ], [ -98.953546938645033, 19.888539889186447 ], [ -99.020581150122752, 19.867682659435559 ], [ -99.008200719258113, 19.828402060394623 ], [ -98.950042399012972, 19.799641289617792 ], [ -98.927631518764841, 19.843392680635603 ], [ -98.906016090032637, 19.845129539252383 ], [ -98.911824800203021, 19.881017260655437 ], [ -98.883162079897332, 19.90152874928113 ], [ -98.865895940348423, 19.892586889575131 ], [ -98.855830019722674, 19.904280149548836 ], [ -98.844033679773531, 19.881988259750905 ], [ -98.795172480388203, 19.856414689256855 ], [ -98.780574119611899, 19.883540549571563 ], [ -98.712820660435, 19.853801919719434 ], [ -98.672658919584379, 19.862834619274672 ], [ -98.697641250365919, 19.832114819262291 ], [ -98.675875419534307, 19.813184349023697 ], [ -98.67479217992144, 19.832396199653807 ], [ -98.660814859807587, 19.835031419676202 ], [ -98.596866659746269, 19.76583974909942 ], [ -98.60810170985232, 19.725075029363968 ], [ -98.63292434033751, 19.722235858983609 ], [ -98.623915400261694, 19.696408049076304 ], [ -98.639897089715532, 19.671083109235951 ], [ -98.619670570288136, 19.661163919795165 ], [ -98.643814139684693, 19.648837799718152 ], [ -98.670054820474604, 19.658676139252908 ], [ -98.66174660032398, 19.610112999144143 ], [ -98.708131739341511, 19.554805569337312 ], [ -98.634822049607877, 19.431241879747258 ], [ -98.660178369773703, 19.432093569259845 ], [ -98.655542709999565, 19.373452339829889 ], [ -98.638079779561409, 19.358910999165467 ], [ -98.660587970265539, 19.35173637932704 ], [ -98.663475889690631, 19.324792379453832 ], [ -98.627524880081566, 19.257759169096179 ], [ -98.643571199744528, 19.238729859660474 ], [ -98.647022379591959, 19.184827889159187 ], [ -98.640657060396293, 19.125455739461628 ], [ -98.625489350094327, 19.119571979810846 ], [ -98.639298169533276, 19.077440489558391 ], [ -98.623470519659449, 19.066381769587593 ], [ -98.629273859945954, 19.017086779196163 ], [ -98.664474479583703, 19.003556859466755 ], [ -98.714037109703511, 18.943032339236161 ], [ -98.792080279943647, 18.935339879519955 ], [ -98.859479649589815, 18.964777939149219 ], [ -98.871026429908937, 19.025393149362646 ], [ -98.903389780372862, 19.038482889376603 ], [ -98.915598170054508, 19.064057279752408 ], [ -98.957778550127401, 19.060294489471012 ], [ -98.97899540045519, 19.074455949215785 ], [ -98.959063509533308, 19.104277949647223 ], [ -98.966455939531585, 19.143870509133997 ], [ -98.954626309891481, 19.149524349140354 ], [ -98.967366399942307, 19.16443868952479 ], [ -98.952385650251784, 19.16863761922118 ], [ -98.968527919613464, 19.210571080038477 ], [ -98.940302820412199, 19.223239649822801 ], [ -98.968586509733953, 19.232217949480269 ], [ -98.97653062971051, 19.253125379292097 ], [ -98.957902629446963, 19.323227620016173 ], [ -98.99193917768585, 19.367598709402955 ], [ -99.058135719687769, 19.400692149321358 ], [ -99.046459066213075, 19.442364561384494 ], [ -99.063862539774803, 19.498778710340027 ], [ -99.12589848960981, 19.52120817943041 ], [ -99.108097220395265, 19.564888489944511 ], [ -99.123706089719263, 19.592757279204957 ], [ -99.158095519269352, 19.55735133945306 ], [ -99.156798120270224, 19.528090769454067 ], [ -99.176011460181385, 19.532036049081835 ], [ -99.177045740386419, 19.529328479158043 ], [ -99.157181109899639, 19.502848888986485 ], [ -99.209257540365599, 19.512409019526057 ], [ -99.222328289633893, 19.426945620304814 ], [ -99.295587290200586, 19.369077289905942 ], [ -99.313087649571344, 19.370448739301185 ], [ -99.356607849762469, 19.306675799295913 ], [ -99.364924200185825, 19.277769249633536 ], [ -99.339159889571278, 19.26769714919174 ], [ -99.342340970077103, 19.241122399003043 ], [ -99.315343349990883, 19.229196489722845 ], [ -99.278695220240238, 19.131701719269813 ], [ -99.318318978969515, 19.087416829461979 ], [ -99.308716398943361, 18.958797740740863 ], [ -99.367036830100574, 18.89399877990606 ], [ -99.406653629227264, 18.895187750487036 ], [ -99.410957018580831, 18.87818386053226 ], [ -99.429354519626358, 18.877569289240444 ], [ -99.425888769981782, 18.826432970456157 ], [ -99.493870219808514, 18.720821089385577 ], [ -99.536434919613555, 18.693751109206964 ], [ -99.569781550134906, 18.705510939490516 ], [ -99.589908919826001, 18.739307219465321 ], [ -99.622866060219351, 18.739838909350745 ], [ -99.630907749961395, 18.720552229324372 ], [ -99.66145586022094, 18.771305459186525 ], [ -99.697215509538111, 18.786336109016073 ], [ -99.709157888957051, 18.768838880566037 ], [ -99.671972380037062, 18.713503939488003 ], [ -99.737031398650657, 18.739832510600664 ], [ -99.793601660343043, 18.630221979587333 ], [ -99.812517520109282, 18.640857909006492 ], [ -99.816558749763303, 18.625003429250945 ], [ -99.848359519556553, 18.620258829614311 ], [ -99.847618080037435, 18.6054903995947 ], [ -99.888462849616076, 18.618663049852028 ], [ -99.947161849737896, 18.587940569153922 ], [ -99.961672260384489, 18.552978909862894 ], [ -100.001603369996531, 18.563930059577643 ], [ -99.99930084979998, 18.583578369487007 ], [ -100.02496362995565, 18.606866749738177 ], [ -100.082413830134968, 18.587949829453862 ], [ -100.070100950379683, 18.576537369791989 ] ] ] } },
{ "type": "Feature", "properties": { "name": "Nayarit" }, "geometry": { "type": "MultiPolygon", "coordinates": [ [ [ [ -104.969198769764034, 20.909018615005923 ], [ -105.006332250304311, 20.922536370474923 ], [ -105.031613340005592, 20.909171229993397 ], [ -105.046804850336827, 20.934283859474323 ], [ -105.080336920010893, 20.931470889342968 ], [ -105.141856620431909, 20.887167249786643 ], [ -105.173942949701782, 20.813943449074205 ], [ -105.16227567971066, 20.792519279010772 ], [ -105.173396550245883, 20.767711379081415 ], [ -105.196961140288977, 20.777171029116662 ], [ -105.239915779995869, 20.747351279495849 ], [ -105.242572660068745, 20.704241539443341 ], [ -105.276334939576955, 20.671994739468531 ], [ -105.347678520394652, 20.759691299772356 ], [ -105.398977339567864, 20.734645319383056 ], [ -105.510613963397375, 20.771816891145551 ], [ -105.538313032305325, 20.762229863064558 ], [ -105.527030059721938, 20.789230303365859 ], [ -105.507249918185593, 20.78262311435947 ], [ -105.487845808286778, 20.796418518619067 ], [ -105.452909695970561, 20.874390701723232 ], [ -105.432915725654809, 20.877129585887143 ], [ -105.401755729315695, 20.931617432051105 ], [ -105.331880059176441, 20.985671855197527 ], [ -105.313504935900426, 21.035150313274578 ], [ -105.273194486853683, 21.023498092519617 ], [ -105.238147485386023, 21.058102176942469 ], [ -105.228667712678785, 21.106172048504881 ], [ -105.23898256953008, 21.132292119664299 ], [ -105.224016563525964, 21.159432143740489 ], [ -105.233253419550735, 21.180683079118801 ], [ -105.216382290377368, 21.205007149339281 ], [ -105.248188550213882, 21.347291379437529 ], [ -105.187860339761173, 21.458295769129297 ], [ -105.22887965222715, 21.523592056941041 ], [ -105.26549955669887, 21.51185179592704 ], [ -105.441299804742044, 21.62785639730658 ], [ -105.533716243836835, 21.812259654682858 ], [ -105.631509152101927, 21.963109344661614 ], [ -105.654291700123892, 22.042856008811007 ], [ -105.649193775075759, 22.174296247312981 ], [ -105.636513790554005, 22.181474897078637 ], [ -105.685416686201251, 22.374677589584234 ], [ -105.759619723581608, 22.537573645627802 ], [ -105.71411626034822, 22.474946059580954 ], [ -105.692476820002199, 22.467176939446535 ], [ -105.671105779828522, 22.481562419190272 ], [ -105.698828370404158, 22.567877569027189 ], [ -105.660562029606012, 22.586362979347623 ], [ -105.639212980392017, 22.576984579650507 ], [ -105.642158420444403, 22.59388864888188 ], [ -105.600476579658292, 22.558887799471542 ], [ -105.597345150435061, 22.536304599399664 ], [ -105.541675940224508, 22.53653687894543 ], [ -105.533596319969249, 22.515031229552278 ], [ -105.503179350052505, 22.527681859310174 ], [ -105.474060288431488, 22.502900429018133 ], [ -105.441724689866632, 22.524268430435278 ], [ -105.4495721099658, 22.624596538988797 ], [ -105.472680619579791, 22.627184999440168 ], [ -105.463963109981819, 22.659238309111643 ], [ -105.49806384979172, 22.651390749220543 ], [ -105.524772230140968, 22.774769889438808 ], [ -105.474588630379259, 22.851416019452802 ], [ -105.484201289928848, 22.858702969279111 ], [ -105.471219910045207, 22.883285949326108 ], [ -105.501263920396653, 22.958560048970508 ], [ -105.453311350362284, 22.977401799577127 ], [ -105.432594569786346, 23.023968799025212 ], [ -105.40895034036744, 23.023640818923525 ], [ -105.412996490074065, 23.074099199559601 ], [ -105.392245380380757, 23.084081978994821 ], [ -105.350471180216928, 23.060575339638177 ], [ -105.353856510218904, 23.019784799142037 ], [ -105.33370491003619, 22.9946820897697 ], [ -105.343049260382841, 22.968159289302896 ], [ -105.323569889751909, 22.941330169556913 ], [ -105.003139420136264, 22.97698267924325 ], [ -105.010039120059986, 22.922362739106447 ], [ -104.987795630098276, 22.888252018892874 ], [ -104.988405229683096, 22.836049319101232 ], [ -104.958967309854785, 22.813604599114125 ], [ -104.918389200152163, 22.819780749559531 ], [ -104.905576320298366, 22.799577519453035 ], [ -104.915636649817984, 22.748537969516956 ], [ -104.892720449895819, 22.737409249169371 ], [ -105.068422510178635, 22.678414149499989 ], [ -105.072368939747236, 22.656499089067868 ], [ -105.007552739955131, 22.585671969517257 ], [ -104.987912540409894, 22.498726579232052 ], [ -104.960525170397631, 22.505311448999674 ], [ -104.862493119746134, 22.607070488955369 ], [ -104.858397059650173, 22.648326709454821 ], [ -104.814677509821777, 22.634249179705989 ], [ -104.788918860250163, 22.647973619770355 ], [ -104.774094319774463, 22.632549779190942 ], [ -104.775375230048738, 22.584201719380971 ], [ -104.73705299960983, 22.558095659784286 ], [ -104.669998319754924, 22.565261739378293 ], [ -104.655754939948196, 22.540069709779441 ], [ -104.655291720301292, 22.462154659591178 ], [ -104.60256060025678, 22.460508079605184 ], [ -104.593084859586114, 22.411954829489893 ], [ -104.506513249720243, 22.345163398938453 ], [ -104.481209680300012, 22.351616919313493 ], [ -104.495389849862121, 22.376324139556175 ], [ -104.371512219602025, 22.421658649656614 ], [ -104.348842919711743, 22.409716648941608 ], [ -104.350040919868732, 22.386405419686184 ], [ -104.293127549818777, 22.365131149039279 ], [ -104.299525679610142, 22.327088489088453 ], [ -104.284865909741612, 22.297093519707808 ], [ -104.328679419657163, 22.245358709547467 ], [ -104.34135932025805, 22.209563199047107 ], [ -104.331836259550826, 22.199789859441381 ], [ -104.3731915098126, 22.102563829441539 ], [ -104.360038619848851, 22.015056829534458 ], [ -104.369863479679481, 21.974784259217753 ], [ -104.32686313959266, 21.975369319338856 ], [ -104.294076860187161, 22.002760949043562 ], [ -104.246005150305393, 21.966937978890417 ], [ -104.193319450025228, 21.985420119168243 ], [ -104.173699219685915, 21.963392849472786 ], [ -104.201040720149365, 21.891478379549508 ], [ -104.186385120409199, 21.868011748935849 ], [ -104.172233260120336, 21.871318908910506 ], [ -104.197000179729741, 21.850772249497595 ], [ -104.161748450019203, 21.809841339701403 ], [ -104.130381599927446, 21.790451318934309 ], [ -104.079856179798924, 21.78240514977405 ], [ -104.052253799514531, 21.794760949339324 ], [ -103.923481910049816, 21.771802319495517 ], [ -103.916129310251478, 21.755768709686325 ], [ -103.931827859950488, 21.743380509477991 ], [ -103.90279061971566, 21.716257999049148 ], [ -103.895913460029391, 21.72774377940237 ], [ -103.887724970034654, 21.697818229182015 ], [ -103.930249450257108, 21.641914429325755 ], [ -103.907698939616651, 21.618676309630644 ], [ -103.919084289996491, 21.616249709095619 ], [ -103.919234549749831, 21.581985879070189 ], [ -103.892578170453902, 21.574143029254628 ], [ -103.881646079854875, 21.552142279360826 ], [ -103.856271720479128, 21.552365419222919 ], [ -103.859924909972278, 21.524749509413507 ], [ -103.823712820286076, 21.493047369385128 ], [ -103.77412947983143, 21.498380709423191 ], [ -103.720895550069059, 21.425431229741026 ], [ -103.764403399983451, 21.410304169157499 ], [ -103.767333199748393, 21.388432999125992 ], [ -103.741332510262282, 21.374055109715741 ], [ -103.74935181960241, 21.336708479741763 ], [ -103.820345630270666, 21.281041379120971 ], [ -103.819391110144011, 21.248435029052423 ], [ -103.861889540314849, 21.248868369748376 ], [ -103.898362749930499, 21.22649001977754 ], [ -103.917898709796432, 21.231027769497889 ], [ -103.931056890476881, 21.26254711917414 ], [ -103.924019979602036, 21.234571739273914 ], [ -103.973454030030396, 21.256328279793838 ], [ -104.017488849781373, 21.227201849405454 ], [ -104.027968820393468, 21.19467248891857 ], [ -104.052838520239661, 21.205413109459897 ], [ -104.068586400222429, 21.186773279789712 ], [ -104.085659259646292, 21.205361109078599 ], [ -104.110844849932192, 21.188595709748267 ], [ -104.202793660231464, 21.192832429628726 ], [ -104.219397980183842, 21.176610579117462 ], [ -104.210860320272531, 21.118601419383761 ], [ -104.242712910395227, 21.02733162978641 ], [ -104.223195709657745, 21.001263659284053 ], [ -104.238474250111523, 20.992150819463461 ], [ -104.23312945039396, 20.968743369573268 ], [ -104.201306349865789, 20.959242179227552 ], [ -104.206587779560095, 20.936373349707342 ], [ -104.228753420120938, 20.935581749430614 ], [ -104.267879549607827, 20.88746107932284 ], [ -104.2909161202017, 20.887795739022053 ], [ -104.279110800259261, 20.86451865961735 ], [ -104.295415890050222, 20.845496059066551 ], [ -104.361768489722863, 20.840931019210558 ], [ -104.364059380092158, 20.813932979222777 ], [ -104.35040233989433, 20.811643969055233 ], [ -104.375892149777769, 20.784072969821381 ], [ -104.328322319616433, 20.798097679655601 ], [ -104.297617400008789, 20.770795199574895 ], [ -104.282856249664931, 20.783480579282159 ], [ -104.241815689983738, 20.713433519622885 ], [ -104.253159800116876, 20.682296379600768 ], [ -104.236460740447399, 20.662897199005332 ], [ -104.26038953962977, 20.642835549288954 ], [ -104.246923820261415, 20.631492399782484 ], [ -104.25363982993639, 20.603418709745558 ], [ -104.282010950075602, 20.628993349008695 ], [ -104.288486599695233, 20.689156619584875 ], [ -104.377548710148133, 20.742373418989864 ], [ -104.414124619717882, 20.793770249621456 ], [ -104.499938139702934, 20.838186459068535 ], [ -104.556921690031189, 20.924152379542274 ], [ -104.590736260264066, 20.934619279537269 ], [ -104.628532720095436, 20.923865689025664 ], [ -104.680999969555685, 20.943840620301714 ], [ -104.681057920383793, 20.960666689136147 ], [ -104.729362769871173, 20.983154140102268 ], [ -104.729989149746942, 21.012288250106131 ], [ -104.838098909884977, 21.020008580317405 ], [ -104.900627480216627, 20.962747200524966 ], [ -104.900526019947335, 20.946340659588579 ], [ -104.953163889910257, 20.930134339991927 ], [ -104.969198769764034, 20.909018615005923 ] ] ], [ [ [ -105.274744419722182, 21.047304379194472 ], [ -105.271066279739401, 21.048776059656106 ], [ -105.271827540186692, 21.046382739606742 ], [ -105.274744419722182, 21.047304379194472 ] ] ], [ [ [ -106.227930031982424, 21.331754151962159 ], [ -106.229787048474989, 21.291858175088933 ], [ -106.25668351944104, 21.292918742273454 ], [ -106.279126790387295, 21.314609946077617 ], [ -106.257723491192891, 21.334972556349534 ], [ -106.227930031982424, 21.331754151962159 ] ] ], [ [ [ -106.460537120490045, 21.494551949673653 ], [ -106.371196489784339, 21.480681619776107 ], [ -106.358637540023622, 21.455273349075412 ], [ -106.380333089603596, 21.448398769028948 ], [ -106.386374850038067, 21.419754418909626 ], [ -106.494008340157606, 21.466203229269883 ], [ -106.460537120490045, 21.494551949673653 ] ] ], [ [ [ -106.660482140279299, 21.693580148988811 ], [ -106.598238770214579, 21.690328769629204 ], [ -106.536307049774763, 21.658084319139576 ], [ -106.537142088316941, 21.632841769677846 ], [ -106.505699880209207, 21.603345229083693 ], [ -106.532201180328371, 21.544769219115931 ], [ -106.628972889640195, 21.598612089700392 ], [ -106.656084939870496, 21.655874079663892 ], [ -106.647297939973228, 21.674533599114692 ], [ -106.660482140279299, 21.693580148988811 ] ] ], [ [ [ -106.672543250422464, 21.774810629151261 ], [ -106.65771566043756, 21.739452689718714 ], [ -106.67795739988442, 21.728686149219843 ], [ -106.687726780445246, 21.759368228905672 ], [ -106.672543250422464, 21.774810629151261 ] ] ], [ [ [ -105.890407757332795, 21.853615865379815 ], [ -105.879842090742045, 21.843132318499219 ], [ -105.886133129050776, 21.840450733070263 ], [ -105.890407757332795, 21.853615865379815 ] ] ] ] } },
{ "type": "Feature", "properties": { "name": "Nuevo León" }, "geometry": { "type": "Polygon", "coordinates": [ [ [ -99.860659980401138, 23.774462489345982 ], [ -99.961187630020063, 23.55688976961471 ], [ -99.921253400277351, 23.379191338947646 ], [ -100.080261430186042, 23.395748198892083 ], [ -100.144950220071422, 23.339515179476013 ], [ -100.078041120445207, 23.30598390950389 ], [ -100.101895289681963, 23.231080400084473 ], [ -100.228236510049129, 23.250476149098741 ], [ -100.206364230241647, 23.307108859430752 ], [ -100.278434980075232, 23.3103683996627 ], [ -100.306256939586689, 23.260942118910449 ], [ -100.374316570057246, 23.265323819346722 ], [ -100.363764309811472, 23.189005379347616 ], [ -100.32351520039758, 23.195627449407297 ], [ -100.331757940369627, 23.1626831792878 ], [ -100.479849679542255, 23.194365349593159 ], [ -100.457083249917375, 23.366409599756519 ], [ -100.517211320411718, 23.421042849122991 ], [ -100.494168679954669, 23.5284063990036 ], [ -100.459176110230274, 23.511566109653344 ], [ -100.469544950274809, 23.56678310927267 ], [ -100.491636889683903, 23.568612509241934 ], [ -100.477378629642715, 23.633818689516058 ], [ -100.449844600358276, 23.656008939127037 ], [ -100.447100429872023, 23.696534519341622 ], [ -100.466483279842024, 23.688941029401921 ], [ -100.497706279931819, 23.73630970930887 ], [ -100.497601720262949, 23.79871268940385 ], [ -100.528791430287598, 23.816352629637418 ], [ -100.525529950346098, 23.839525909137681 ], [ -100.550298690133673, 23.842202579657684 ], [ -100.539845620186, 23.888393058974415 ], [ -100.546767799638317, 23.917436619503139 ], [ -100.562401619890252, 23.919641079411022 ], [ -100.523758999822846, 24.071454948895806 ], [ -100.538683260081001, 24.118516028970948 ], [ -100.519580020251908, 24.118382339180403 ], [ -100.516827490200754, 24.13989667904379 ], [ -100.613399889596266, 24.173944178929013 ], [ -100.593512539941173, 24.178200249735092 ], [ -100.585092909768207, 24.223925429248052 ], [ -100.633066479594873, 24.225980249188598 ], [ -100.599935519995, 24.348791049586541 ], [ -100.603533340362091, 24.401300058886925 ], [ -100.711210090288958, 24.491521829594923 ], [ -100.742324290458399, 24.460435459389331 ], [ -100.799934119799474, 24.556186079189978 ], [ -100.796978248822356, 24.750806910025936 ], [ -100.826132419976318, 24.835004569592716 ], [ -100.727495488895244, 24.918716548862751 ], [ -100.821505598728564, 24.996710830133349 ], [ -100.803130449578816, 25.165258458957737 ], [ -100.708887779902597, 25.236457569432368 ], [ -100.595685549343884, 25.25476251023645 ], [ -100.33200741991358, 25.18628521897493 ], [ -100.325550120362536, 25.222258749889839 ], [ -100.261383509363085, 25.207070569982093 ], [ -100.229575599413764, 25.217916510548335 ], [ -100.262510119961917, 25.254022799174319 ], [ -100.243141909371815, 25.26744334987951 ], [ -100.254138429525753, 25.306908770021693 ], [ -100.313023449289574, 25.33636721902316 ], [ -100.414560680121937, 25.326998110615996 ], [ -100.470098818984113, 25.337789850556518 ], [ -100.451878368876265, 25.410810719621566 ], [ -100.52270309003643, 25.434324719514649 ], [ -100.530883149632146, 25.463467649294508 ], [ -100.58488908858719, 25.470813050011195 ], [ -100.579510309230884, 25.494543978842152 ], [ -100.61909057970098, 25.505691080106661 ], [ -100.59975033939719, 25.519959520321656 ], [ -100.529699320181876, 25.514392880500409 ], [ -100.538435908624862, 25.531853919814139 ], [ -100.614732539397878, 25.542346910418097 ], [ -100.632901848937905, 25.571299349453266 ], [ -100.690286340475311, 25.567100779388909 ], [ -100.729772888962259, 25.633895659169841 ], [ -100.783420247657091, 25.639678429295671 ], [ -100.805613950072356, 25.724301799628385 ], [ -100.861901399625637, 25.818478620527596 ], [ -100.822668939048256, 25.916884540089093 ], [ -100.834424880146784, 25.945042909441209 ], [ -100.905531649831588, 25.956945709405307 ], [ -100.916415660081029, 26.07561054980544 ], [ -100.94289801898411, 26.086789059349382 ], [ -100.982742049910755, 26.139477199376483 ], [ -101.068574659132551, 26.189031030330138 ], [ -101.097619690188495, 26.252910419325897 ], [ -101.206762710050612, 26.369778199593068 ], [ -100.75303544994533, 26.735207798952736 ], [ -100.691228889850279, 26.61378941954321 ], [ -100.614400199787795, 26.68563888960535 ], [ -100.590135830413161, 26.759520659615976 ], [ -100.538155749968055, 26.808558199051571 ], [ -100.551358660354722, 26.858729739399848 ], [ -100.533997849504701, 27.045584429395383 ], [ -100.674242489894013, 27.084604968864461 ], [ -100.682718710331798, 27.111394578988421 ], [ -100.719659619951358, 27.079203378930433 ], [ -100.748620979877415, 27.081252819467771 ], [ -100.735835819945066, 27.047579718792438 ], [ -100.747713539539703, 27.036256778970834 ], [ -100.765863999656176, 27.0633251491018 ], [ -100.799436119998163, 27.045830749440025 ], [ -100.830561400127479, 27.073885479431624 ], [ -100.83412342031302, 27.195173968907508 ], [ -100.678006219766232, 27.334797308837434 ], [ -100.417699549848024, 27.393632749911959 ], [ -100.350609849851892, 27.684598549652517 ], [ -100.188425519733727, 27.799137179261979 ], [ -99.998844829980499, 27.615279399143695 ], [ -99.843222580227476, 27.769862818980585 ], [ -99.813370970029013, 27.774251349553079 ], [ -99.796503400129168, 27.735882169356554 ], [ -99.769360680161228, 27.730887879570535 ], [ -99.73622986033331, 27.690710219204892 ], [ -99.728146739896644, 27.679126219494528 ], [ -99.926418279851006, 27.549156999159568 ], [ -99.919153629515051, 27.491515179653085 ], [ -99.760378819922138, 27.43695871909275 ], [ -99.74767041949444, 27.2772469991611 ], [ -99.678918750181111, 27.102448288997966 ], [ -99.650052829523958, 27.065857889458471 ], [ -99.734168120343256, 26.920612858909649 ], [ -99.770131489628852, 26.928418219004129 ], [ -99.766668890450177, 26.88984190908711 ], [ -99.744346320495794, 26.91215636884305 ], [ -99.721102290334457, 26.896503739370498 ], [ -99.694020419535647, 26.909299339520807 ], [ -99.687222909581948, 26.894546998791249 ], [ -99.661390519524915, 26.900838519664163 ], [ -99.63003012036296, 26.890290419671999 ], [ -99.627052569854087, 26.870457829641538 ], [ -99.591046630184181, 26.862548048971217 ], [ -99.580842820270689, 26.830112549207303 ], [ -99.61285399959911, 26.791630149402906 ], [ -99.618581459591653, 26.726470539450521 ], [ -99.657194829682268, 26.69511797911947 ], [ -99.659164460340463, 26.670365138909723 ], [ -99.538335249764856, 26.664595619004775 ], [ -99.396824819506733, 26.596565538922182 ], [ -99.430946580081113, 26.351301138923581 ], [ -99.401236119655394, 26.304799139443894 ], [ -99.364150259534284, 26.329270149034333 ], [ -99.260001570208118, 26.252849979337348 ], [ -99.197835969980417, 26.258682318905237 ], [ -99.160077480202403, 26.061229549241865 ], [ -99.126311820047775, 26.054022888901706 ], [ -99.130906660435073, 26.068816398866495 ], [ -99.097668860321662, 26.080746768914146 ], [ -99.076542079955729, 26.071864019144485 ], [ -99.02387220048044, 26.104102449250433 ], [ -98.900751950201553, 25.968322739395759 ], [ -98.823226549809377, 26.047648679260767 ], [ -98.585126060300311, 26.01791759906116 ], [ -98.581751579637626, 25.489361739288224 ], [ -98.421576080165366, 25.489355539210752 ], [ -98.423131659943095, 25.447492908964495 ], [ -98.934169940242427, 25.072763179327591 ], [ -99.019055889692766, 25.069925308997217 ], [ -99.02880203037742, 25.110354909509841 ], [ -99.052468139662821, 25.127132629128276 ], [ -99.097613110010386, 25.063121119004904 ], [ -99.160591940105121, 25.055277309203195 ], [ -99.156516509692082, 25.02784782902874 ], [ -99.180949540409415, 25.011541549297732 ], [ -99.158942910338766, 24.915988169241807 ], [ -99.207433349876794, 24.861392149285386 ], [ -99.181971259886993, 24.776041059244761 ], [ -99.212885480381303, 24.771674848835275 ], [ -99.294928489705924, 24.804143709292671 ], [ -99.364376689768477, 24.771755459033926 ], [ -99.389412429672234, 24.739792569001878 ], [ -99.47773549027805, 24.71262096888405 ], [ -99.500726060128827, 24.679171259391801 ], [ -99.499452279600646, 24.641257949535465 ], [ -99.545063020033595, 24.626516599685623 ], [ -99.546220520333563, 24.613074769724566 ], [ -99.609448579988126, 24.622490079126543 ], [ -99.732977770041188, 24.553990779441008 ], [ -99.719803859719065, 24.483710429354037 ], [ -99.636379320206018, 24.5066702489347 ], [ -99.589931110005068, 24.396142369677023 ], [ -99.594289740315986, 24.330913219680383 ], [ -99.647817829974244, 24.218095049202915 ], [ -99.657080630077132, 24.117996579676841 ], [ -99.570901710277539, 24.039366908942366 ], [ -99.541892710059756, 24.033649169470714 ], [ -99.540912060207546, 23.997271629166203 ], [ -99.486939860225434, 23.960500619244748 ], [ -99.456870718774283, 23.86606304903912 ], [ -99.493791079885696, 23.878692979378517 ], [ -99.576680849578295, 23.775462059342171 ], [ -99.602167479773584, 23.762870879290674 ], [ -99.769013890092708, 23.784488119755309 ], [ -99.860659980401138, 23.774462489345982 ] ] ] } },
{ "type": "Feature", "properties": { "name": "Oaxaca" }, "geometry": { "type": "MultiPolygon", "coordinates": [ [ [ [ -97.77053644967512, 15.977029689848781 ], [ -98.206717720377625, 16.229589169371518 ], [ -98.420497252768001, 16.269477729492952 ], [ -98.552632450448925, 16.315952579271951 ], [ -98.533398449717964, 16.351582629630222 ], [ -98.470855369553021, 16.381155139492627 ], [ -98.399157829639876, 16.380512619408826 ], [ -98.349937629702566, 16.4444488595339 ], [ -98.352532279707646, 16.489431449245714 ], [ -98.387332939575487, 16.497786319630368 ], [ -98.395139399706579, 16.546836429727165 ], [ -98.329970000065387, 16.572748259734833 ], [ -98.269426570024223, 16.55845547924222 ], [ -98.203364219201134, 16.587180419962511 ], [ -98.193775780126771, 16.621462690804844 ], [ -98.214206379765798, 16.618795400682092 ], [ -98.228458779159695, 16.63950371079169 ], [ -98.24344229004565, 16.696700080331912 ], [ -98.233534550055722, 16.717366319835019 ], [ -98.201544618747917, 16.712671820122495 ], [ -98.200271059632811, 16.697235090113569 ], [ -98.138993999765731, 16.723783800357381 ], [ -98.124236710114431, 16.749640650215145 ], [ -98.135177830416183, 16.758393109453987 ], [ -98.10815702956431, 16.760951379034942 ], [ -98.07233389044157, 16.874249549120851 ], [ -98.111261309951956, 16.958868399224208 ], [ -98.057494399186041, 17.023776459807664 ], [ -98.030157739941757, 17.01575706018232 ], [ -98.007276400266548, 17.040137339797745 ], [ -98.153423889846351, 17.110402939094367 ], [ -98.222599540445103, 17.122149679670773 ], [ -98.203136229990363, 17.216287419716132 ], [ -98.244342419958897, 17.251466889696097 ], [ -98.288483320333057, 17.238220399441875 ], [ -98.323495219879177, 17.275944149080658 ], [ -98.304810520060784, 17.327519829320455 ], [ -98.28737318006462, 17.329011149101298 ], [ -98.335850749604788, 17.456304629668669 ], [ -98.329013510206778, 17.478727889058163 ], [ -98.311884280130798, 17.477492219141091 ], [ -98.329451830014818, 17.53298094966128 ], [ -98.376971579607968, 17.605349059120332 ], [ -98.4101519401232, 17.599768739093061 ], [ -98.461044739609363, 17.630358859203056 ], [ -98.470704549560111, 17.678095979679146 ], [ -98.486172509947977, 17.680992219412058 ], [ -98.496342680155692, 17.768809449252679 ], [ -98.424956980079358, 17.839594509436775 ], [ -98.424891779542179, 17.865989769226577 ], [ -98.398755380184184, 17.860911919006501 ], [ -98.382603949848345, 17.883669739459553 ], [ -98.34907342957986, 17.893172799679206 ], [ -98.328824910407135, 17.87892645955338 ], [ -98.302074599714473, 17.893108049308115 ], [ -98.282310149569824, 17.935150319729662 ], [ -98.262693080078463, 17.927736999017238 ], [ -98.270196620049859, 17.915598709755677 ], [ -98.246537599562288, 17.878442629835043 ], [ -98.176894629977141, 17.897416919049014 ], [ -98.169609859795216, 17.952833949843551 ], [ -98.130794459689994, 17.988044139266112 ], [ -98.046713750089538, 17.976205799998709 ], [ -98.029786849502969, 17.991836450778177 ], [ -97.979376690308712, 17.964441649082623 ], [ -97.937380319864275, 17.967900849247467 ], [ -97.948849140219693, 17.948156079340489 ], [ -97.936301920107454, 17.917179120394657 ], [ -97.832355770185259, 17.90853233974228 ], [ -97.803374650096558, 17.960458569096328 ], [ -97.767941089963372, 17.976652889256382 ], [ -97.766380999732405, 18.005914879106843 ], [ -97.699742230215236, 18.001636519033251 ], [ -97.698830060240624, 18.021693889791877 ], [ -97.771671090414301, 18.068367549752288 ], [ -97.798543940296099, 18.035802109403754 ], [ -97.790920969386775, 18.004158089545403 ], [ -97.826271910113292, 17.972677149877264 ], [ -97.842604448992915, 17.996081739372492 ], [ -97.834782150463923, 18.049798519060094 ], [ -97.810670319559662, 18.067717169195983 ], [ -97.849459980155601, 18.08374067965168 ], [ -97.867482940247612, 18.144571289847498 ], [ -97.839462260243778, 18.171231149467026 ], [ -97.85922661960646, 18.192289149630085 ], [ -97.82296059963015, 18.223403999423383 ], [ -97.797297019941823, 18.28317485971732 ], [ -97.721273830419776, 18.276048178998639 ], [ -97.65471370955494, 18.293092549200956 ], [ -97.634023650208931, 18.200068059840294 ], [ -97.653175920337318, 18.175288719070721 ], [ -97.60929786016014, 18.15368296970157 ], [ -97.608153510013267, 18.13101065947885 ], [ -97.569619779667448, 18.103387369723425 ], [ -97.54390545976041, 18.033444569519649 ], [ -97.534045660311122, 18.046338349301934 ], [ -97.489244580121778, 18.025591569653958 ], [ -97.465205029965219, 18.028406059042222 ], [ -97.411240080087268, 18.102392849383506 ], [ -97.376553050438176, 18.094512229146538 ], [ -97.303408679858563, 18.159078549232493 ], [ -97.228666648550558, 18.174591820739998 ], [ -97.214348460195524, 18.163667629414629 ], [ -97.16736801956111, 18.200903279506807 ], [ -97.144034770313326, 18.163428579401792 ], [ -97.140506650065234, 18.173330909821903 ], [ -97.133818460066635, 18.174134279467573 ], [ -97.133885219890018, 18.157720319009574 ], [ -97.113758030318593, 18.149468449071996 ], [ -97.042094140157261, 18.156569419675925 ], [ -96.991479429969459, 18.23073942931828 ], [ -96.936835310067295, 18.216031979827079 ], [ -96.921875829523614, 18.240619379570148 ], [ -96.916154199814372, 18.230641849333875 ], [ -96.854760769703717, 18.241228369220835 ], [ -96.817573999577249, 18.300786219446682 ], [ -96.821822800088768, 18.320683549518748 ], [ -96.784213259592718, 18.338328169462947 ], [ -96.754637769541418, 18.392158629087152 ], [ -96.729836369754267, 18.397695119645675 ], [ -96.733056629894222, 18.37412114908058 ], [ -96.700177749723295, 18.382929049541641 ], [ -96.696249909809183, 18.364754479493588 ], [ -96.691831219968464, 18.380849779345013 ], [ -96.674563319727142, 18.381395419744198 ], [ -96.681037250178449, 18.412204429525815 ], [ -96.709707120378212, 18.429954169099663 ], [ -96.705323449572049, 18.456710569638819 ], [ -96.682541910407721, 18.47506216940625 ], [ -96.682275220180657, 18.507118149646477 ], [ -96.726899480428912, 18.529828999089283 ], [ -96.715604779773415, 18.573241489813011 ], [ -96.699630720027017, 18.553342889846178 ], [ -96.70214897972383, 18.581226709326916 ], [ -96.672463520289227, 18.607574119774569 ], [ -96.688696970360695, 18.638792829011955 ], [ -96.683021719715555, 18.669688059420395 ], [ -96.560947090028094, 18.587698619672462 ], [ -96.499749320352961, 18.589502419820302 ], [ -96.457308829795025, 18.570437419336205 ], [ -96.420761979776771, 18.510457799597088 ], [ -96.402984540276748, 18.439919399819146 ], [ -96.352587769812985, 18.41024733975544 ], [ -96.345342800478392, 18.379695459131636 ], [ -96.317327909769801, 18.364537249793177 ], [ -96.309947859867037, 18.322353339149245 ], [ -96.270763749232628, 18.297823349931672 ], [ -96.269163920391676, 18.27398417993399 ], [ -96.288236709450757, 18.259761420726832 ], [ -96.217478089179309, 18.161967399948814 ], [ -96.17069102978661, 18.186383980491826 ], [ -96.188282050117095, 18.151302940609888 ], [ -96.154225938943796, 18.131804888991688 ], [ -96.099183600269981, 18.166843309764708 ], [ -96.051388999601258, 18.126738250664523 ], [ -95.953459460007778, 18.159865119046497 ], [ -95.933341720057527, 18.141667539710184 ], [ -95.914646799896673, 18.15220047975545 ], [ -95.907161460041465, 18.135644489015021 ], [ -95.833166939515024, 18.129026829862045 ], [ -95.799924719594202, 17.950012569485807 ], [ -95.85881556997434, 17.844783489483568 ], [ -95.849336419722547, 17.825847919230288 ], [ -95.866390400357417, 17.774352829359309 ], [ -95.892924309388818, 17.76514132056711 ], [ -95.902773648809799, 17.732652679283742 ], [ -95.892107618913684, 17.720606799609396 ], [ -95.872809718806295, 17.727409050520041 ], [ -95.895293290288507, 17.704493949281421 ], [ -95.871018349761457, 17.702168919078765 ], [ -95.803305599686468, 17.629365749034015 ], [ -95.781114339871309, 17.63887687923922 ], [ -95.773658459943931, 17.605850399131594 ], [ -95.803485779952268, 17.60710028978426 ], [ -95.807549569845804, 17.591841579569678 ], [ -95.791852579957848, 17.586363289358186 ], [ -95.78175124990689, 17.603028259491786 ], [ -95.72689688026027, 17.578029049205242 ], [ -95.725149370153332, 17.536226079581912 ], [ -95.702236060045365, 17.518534179911569 ], [ -95.685154220101438, 17.537531739321604 ], [ -95.648470799996758, 17.539889089388268 ], [ -95.654104349866799, 17.560392799167182 ], [ -95.644492080170579, 17.546544319550375 ], [ -95.605119780105596, 17.549012659315267 ], [ -95.59875226001499, 17.534614969220552 ], [ -95.531996290436112, 17.555834029550244 ], [ -95.506317230325109, 17.590770549546054 ], [ -95.463016450137559, 17.596393909515747 ], [ -95.473141340060621, 17.609113019846326 ], [ -95.454458920179562, 17.611102719492933 ], [ -95.425489949510165, 17.647472489879146 ], [ -95.407162170120628, 17.643332089166424 ], [ -95.343758750027234, 17.683659830651763 ], [ -95.334419170440711, 17.67480130995213 ], [ -95.297808519972293, 17.722141419445133 ], [ -95.267176579758484, 17.716712819022369 ], [ -95.269026050260067, 17.740934059646158 ], [ -95.258672999775371, 17.728543229727709 ], [ -95.23891300006791, 17.739264119761586 ], [ -95.182435349980594, 17.691062629632064 ], [ -95.188131600108179, 17.65070145904857 ], [ -95.241933419578714, 17.634957999030178 ], [ -95.248225629549268, 17.645978059768364 ], [ -95.259001110039534, 17.629010749402717 ], [ -95.248411230317899, 17.625582279304449 ], [ -95.278845400347151, 17.613242799341293 ], [ -95.253047979757994, 17.607806319048141 ], [ -95.076567399749521, 17.372933709864945 ], [ -94.966509179778257, 17.334367659587748 ], [ -94.950979680113221, 17.315649429745797 ], [ -94.927158079759906, 17.325141199294539 ], [ -94.89078155044308, 17.311055999519791 ], [ -94.914765820308489, 17.292577059477317 ], [ -94.895429029803338, 17.256378399200212 ], [ -94.922814780048398, 17.193788429729597 ], [ -93.867426770742384, 17.136964912331027 ], [ -94.139156000009294, 16.461786429955577 ], [ -94.050664849719993, 16.329713919179941 ], [ -94.032960999901618, 16.275944969476818 ], [ -94.048469920188481, 16.216171479390059 ], [ -94.109567599615673, 16.179101249188697 ], [ -94.102763690100005, 16.142515919078054 ], [ -94.036008109714416, 16.022094719726553 ], [ -94.0002188300206, 16.003088719215018 ], [ -94.273277029927257, 16.123267619889024 ], [ -94.540762216753123, 16.191965193144174 ], [ -94.831845050358382, 16.214536779077729 ], [ -95.070130779606217, 16.183364859540919 ], [ -95.142342020210762, 16.188650749275258 ], [ -95.151458952059741, 16.16774810228177 ], [ -95.202900223963454, 16.170608124369739 ], [ -95.196944404838462, 16.160728990539333 ], [ -95.197919984237799, 16.150311710527735 ], [ -95.202531378957659, 16.145650346134492 ], [ -95.198286910085528, 16.159909419345503 ], [ -95.234865874602804, 16.156222291221464 ], [ -95.247492319777209, 16.13334213948707 ], [ -95.280052077252492, 16.121130619307827 ], [ -95.275658970186498, 16.107403249628341 ], [ -95.350409169701479, 16.081640919691996 ], [ -95.378038000239428, 16.046349719323636 ], [ -95.368177182760164, 16.020685432522058 ], [ -95.424132749858558, 15.999712399307498 ], [ -95.435568674210643, 15.975810979546624 ], [ -95.568532165323191, 15.957789198087013 ], [ -95.662643392970082, 15.912354298602722 ], [ -95.770023659726178, 15.894602089565776 ], [ -95.776622715574973, 15.871291346902245 ], [ -95.954029400281655, 15.829636429848211 ], [ -96.076068823032898, 15.766061136501435 ], [ -96.094476333310794, 15.773556439659709 ], [ -96.107025611324744, 15.755586749663982 ], [ -96.119148964923639, 15.767115238056643 ], [ -96.127204779418236, 15.737850148920947 ], [ -96.145606388704863, 15.737747867542236 ], [ -96.192816901264166, 15.704590993235712 ], [ -96.202965301938008, 15.711925682867822 ], [ -96.205155029873694, 15.701586629840669 ], [ -96.225811455843669, 15.697631556590144 ], [ -96.237362790085783, 15.682467360864287 ], [ -96.426455681436195, 15.696030426880162 ], [ -96.494871134223459, 15.658019727092716 ], [ -96.557785154022781, 15.656865272452247 ], [ -96.701728896814842, 15.716936336446759 ], [ -96.860920227162822, 15.739064638846028 ], [ -96.935209556721645, 15.783127147774998 ], [ -97.021566721793135, 15.808261022827283 ], [ -97.061663673246201, 15.859966916424655 ], [ -97.205262182445907, 15.921273898789964 ], [ -97.333812007029294, 15.945696814647313 ], [ -97.422096583779279, 15.941444935313839 ], [ -97.531381698056975, 15.969210112444298 ], [ -97.655756910111478, 15.977796939452762 ], [ -97.67964633011421, 15.962102147951265 ], [ -97.77053644967512, 15.977029689848781 ] ] ], [ [ [ -97.351321473091531, 15.937679971084519 ], [ -97.352691224079251, 15.936521048943034 ], [ -97.352965294124402, 15.937609912546121 ], [ -97.351321473091531, 15.937679971084519 ] ] ], [ [ [ -96.231309548865752, 15.687773351570847 ], [ -96.227946067802833, 15.68550844091838 ], [ -96.228251285229419, 15.685270020969725 ], [ -96.231231615655204, 15.686983570284857 ], [ -96.231309548865752, 15.687773351570847 ] ] ], [ [ [ -96.223325727068939, 15.690839963164239 ], [ -96.222590918065407, 15.689763480973747 ], [ -96.223573195374797, 15.690207513285065 ], [ -96.223325727068939, 15.690839963164239 ] ] ], [ [ [ -96.163999349454897, 15.71817660399916 ], [ -96.16021829730488, 15.718180038115168 ], [ -96.161455489703087, 15.716388194553474 ], [ -96.163999349454897, 15.71817660399916 ] ] ], [ [ [ -96.11891316392466, 15.747929214043996 ], [ -96.118596131371149, 15.74704390243285 ], [ -96.119760361207824, 15.7474585612956 ], [ -96.11891316392466, 15.747929214043996 ] ] ], [ [ [ -96.116987176499052, 15.747775063931186 ], [ -96.117457039138671, 15.748249215988094 ], [ -96.116855300643167, 15.747982039860156 ], [ -96.116987176499052, 15.747775063931186 ] ] ], [ [ [ -96.115927688570338, 15.748985940651261 ], [ -96.116031475041751, 15.748570399226109 ], [ -96.116023144975301, 15.748999273127529 ], [ -96.115927688570338, 15.748985940651261 ] ] ], [ [ [ -96.116243729415672, 15.74913918824293 ], [ -96.116519994024458, 15.749069098824689 ], [ -96.116462662348525, 15.74925996224688 ], [ -96.116243729415672, 15.74913918824293 ] ] ], [ [ [ -96.082848170992719, 15.764424495352221 ], [ -96.084796898058272, 15.762936180917238 ], [ -96.084788939589245, 15.765564838212496 ], [ -96.082848170992719, 15.764424495352221 ] ] ], [ [ [ -96.09482844974859, 15.771537306444854 ], [ -96.09481830323142, 15.771949439670978 ], [ -96.094601204171184, 15.771843009065607 ], [ -96.09482844974859, 15.771537306444854 ] ] ], [ [ [ -95.576121763728139, 15.941911249476332 ], [ -95.575074352949969, 15.940248210260902 ], [ -95.576885206066763, 15.941400377824008 ], [ -95.576121763728139, 15.941911249476332 ] ] ] ] } },
{ "type": "Feature", "properties": { "name": "Puebla" }, "geometry": { "type": "Polygon", "coordinates": [ [ [ -98.282310149569852, 17.935150319729701 ], [ -98.328824910407135, 17.87892645955338 ], [ -98.34907342957986, 17.893172799679206 ], [ -98.382603949848345, 17.883669739459553 ], [ -98.398755380184184, 17.860911919006501 ], [ -98.42076696986598, 17.863694219085428 ], [ -98.444997950048744, 17.922297059377346 ], [ -98.424165060459146, 17.938238349322475 ], [ -98.425094339986231, 17.976933539171736 ], [ -98.448140479945479, 17.990711089361675 ], [ -98.476386660322419, 17.98104361975064 ], [ -98.526724820441032, 17.996288849083854 ], [ -98.529628260338527, 17.975822519785623 ], [ -98.58552348955395, 17.974941029216069 ], [ -98.650538170310355, 17.933161049516009 ], [ -98.731827480380119, 17.982553019381953 ], [ -98.813620720298758, 18.000875829162542 ], [ -98.801259620331251, 18.02205242941087 ], [ -98.767097110460739, 18.019611169335501 ], [ -98.735097860359588, 18.045095119298519 ], [ -98.797070110362611, 18.062646479173019 ], [ -98.811297150324634, 18.050632719419873 ], [ -98.812999739697375, 18.06487534924926 ], [ -98.869811820299589, 18.057216659707585 ], [ -98.852369769386314, 18.117600940468787 ], [ -98.881876888589318, 18.166162090568168 ], [ -99.000066319769289, 18.190204909540412 ], [ -98.989056180452963, 18.249354509352578 ], [ -99.019329949764781, 18.245411049057765 ], [ -99.014707400115597, 18.263265859206928 ], [ -99.031705510271081, 18.272314519175517 ], [ -99.063709889671472, 18.251483029190641 ], [ -99.053228120431982, 18.264156369203985 ], [ -99.069363879792036, 18.283234679015266 ], [ -99.051772550257752, 18.289815249029914 ], [ -99.070494280043292, 18.326839709706942 ], [ -99.018175079732686, 18.387784369628594 ], [ -98.98793867957859, 18.397063769484845 ], [ -98.985372450438788, 18.42115397980027 ], [ -98.935151950149574, 18.422903849429918 ], [ -98.912220620467878, 18.462121629075455 ], [ -98.850408600234118, 18.478034659432439 ], [ -98.827766258615569, 18.523885542422146 ], [ -98.752191350430536, 18.453924199217095 ], [ -98.706699119991512, 18.445112229967631 ], [ -98.711426310439279, 18.616454749497748 ], [ -98.74188227991057, 18.702177169785823 ], [ -98.715907089609445, 18.739189509128273 ], [ -98.75349391991071, 18.742969378975658 ], [ -98.727945709906223, 18.805508999619864 ], [ -98.661315259812326, 18.89780901900966 ], [ -98.681414549702836, 18.907167319623515 ], [ -98.713471509795397, 18.86724361952183 ], [ -98.707343229883563, 18.902855509453705 ], [ -98.678091909755537, 18.923717479315503 ], [ -98.619874629669866, 19.035059569187524 ], [ -98.639298169533276, 19.077440489558391 ], [ -98.625489350094327, 19.119571979810846 ], [ -98.640657060396293, 19.125455739461628 ], [ -98.647022379591959, 19.184827889159187 ], [ -98.643571199744528, 19.238729859660474 ], [ -98.627524880081566, 19.257759169096179 ], [ -98.663475889690631, 19.324792379453832 ], [ -98.660587970265539, 19.35173637932704 ], [ -98.638079779561409, 19.358910999165467 ], [ -98.662847949976566, 19.402998249763801 ], [ -98.660178369773703, 19.432093569259845 ], [ -98.634697110366275, 19.429548089355556 ], [ -98.66143519982721, 19.458090349117914 ], [ -98.65322655045577, 19.465986229500192 ], [ -98.591275649901661, 19.449214199088104 ], [ -98.5702761396429, 19.466769349370463 ], [ -98.523192140333748, 19.460868679070384 ], [ -98.4702777103752, 19.360830909458418 ], [ -98.441272999896427, 19.32525113967576 ], [ -98.407721370037422, 19.315931709575857 ], [ -98.410090829869759, 19.291339260446453 ], [ -98.368915049957522, 19.226121999177433 ], [ -98.330680969666801, 19.200150049179395 ], [ -98.342710289655614, 19.177939739556248 ], [ -98.323929289578828, 19.168661879277458 ], [ -98.30715593871129, 19.189203940345852 ], [ -98.269702799395773, 19.162389879569233 ], [ -98.230241230336432, 19.156728620185643 ], [ -98.223038889351784, 19.136637599125436 ], [ -98.190706689378629, 19.139985739386837 ], [ -98.204347820116041, 19.114928919813639 ], [ -98.166175774440305, 19.105071859644227 ], [ -98.110159317264106, 19.143212050193625 ], [ -98.031686259926289, 19.230938379720197 ], [ -97.928202650326298, 19.164213419754578 ], [ -97.850988289891646, 19.222934229375646 ], [ -97.870494709754084, 19.240060969746608 ], [ -97.854051819004354, 19.257328290262642 ], [ -97.870287049105244, 19.270585978972786 ], [ -97.83842866046524, 19.287264399758453 ], [ -97.839270430219287, 19.301376169855907 ], [ -97.771385520095848, 19.283752649362011 ], [ -97.745091819945728, 19.305259939755537 ], [ -97.738332739890865, 19.287099629011998 ], [ -97.719642950265722, 19.304753229315548 ], [ -97.690933250163084, 19.285888119707966 ], [ -97.626355568716605, 19.323933969455052 ], [ -97.63144614974, 19.355395429441529 ], [ -97.673858819785281, 19.367471459791766 ], [ -97.754801449820221, 19.45754287928963 ], [ -97.79685926006664, 19.472442848991392 ], [ -97.794538679820462, 19.498374599003025 ], [ -97.859422479767517, 19.454345939329276 ], [ -97.862271489811221, 19.456175519696188 ], [ -97.84873908976013, 19.482781909437438 ], [ -97.889748259933839, 19.504579089534655 ], [ -97.871812589548441, 19.561767646059565 ], [ -97.916147572874905, 19.594016026992588 ], [ -97.946706390889091, 19.585630221915505 ], [ -97.980678259466245, 19.62854163176166 ], [ -98.042212020010624, 19.640224709241515 ], [ -98.036436910420122, 19.685843509073621 ], [ -98.060808449939245, 19.728917429130995 ], [ -98.064612829619279, 19.708655219505335 ], [ -98.101007919522971, 19.668049889665554 ], [ -98.117735879806432, 19.688263339143113 ], [ -98.165564309810335, 19.667475859271757 ], [ -98.241067279768927, 19.675836149171239 ], [ -98.255318920282079, 19.718829019762868 ], [ -98.195698799979027, 19.741619659298618 ], [ -98.194375939822478, 19.765371889708995 ], [ -98.234815449723982, 19.777045509760857 ], [ -98.269229770152634, 19.844946749517199 ], [ -98.315004340169992, 19.855115600240296 ], [ -98.269351849807705, 19.89570914040182 ], [ -98.26782019977334, 19.916113919746877 ], [ -98.248072949968332, 19.917530719806745 ], [ -98.251603779335341, 19.948149770145175 ], [ -98.222081689345373, 19.946932059223876 ], [ -98.215941350022348, 19.968521139268624 ], [ -98.180697648689346, 19.959751569982558 ], [ -98.16042797920926, 19.978129569948898 ], [ -98.180902849263632, 20.046985539338625 ], [ -98.159704737973868, 20.092569970646384 ], [ -98.128272659667061, 20.107202648970436 ], [ -98.124607059482415, 20.12406989009806 ], [ -98.108462460432321, 20.120803400689063 ], [ -98.097879450312789, 20.145389660532626 ], [ -98.139582648582405, 20.15014162018803 ], [ -98.127958550420118, 20.185941369363114 ], [ -98.175924938810681, 20.254229539536386 ], [ -98.270546168616875, 20.215806280674439 ], [ -98.284443540431795, 20.262788849729365 ], [ -98.254029648806664, 20.301341881113796 ], [ -98.179077569553954, 20.293808368931355 ], [ -98.1813081101851, 20.336543079167182 ], [ -98.126835510398564, 20.336231019659493 ], [ -98.07048426040339, 20.430273169251397 ], [ -98.011384820363887, 20.45577225020099 ], [ -98.008864779898275, 20.482540999384934 ], [ -97.988791000193345, 20.495385199233176 ], [ -97.997426089791176, 20.506095249200154 ], [ -97.97263034044596, 20.52320242914297 ], [ -97.980816109832645, 20.540708859415783 ], [ -97.909685689860581, 20.586378108960822 ], [ -97.894970819643021, 20.623899399696839 ], [ -97.917831950211863, 20.673937889493949 ], [ -97.89742569027662, 20.703213829134427 ], [ -97.922446599808566, 20.716518779367053 ], [ -97.87911977991908, 20.834275879181874 ], [ -97.842516629679082, 20.839959749017918 ], [ -97.850118429587326, 20.816923829118217 ], [ -97.830698139669806, 20.807996859488185 ], [ -97.773001679969497, 20.827201379351031 ], [ -97.738914940350227, 20.801534629455574 ], [ -97.695179319828554, 20.80003884931989 ], [ -97.725982969920182, 20.791653649820088 ], [ -97.722819920271206, 20.749988539377679 ], [ -97.752967909676698, 20.732369909439953 ], [ -97.756859710312, 20.689492289031769 ], [ -97.737067370229184, 20.67965530952986 ], [ -97.749511219737471, 20.643320459193088 ], [ -97.704468170285082, 20.629224249328086 ], [ -97.715393980312726, 20.609084798977822 ], [ -97.693419080177264, 20.602680679779365 ], [ -97.701903149643996, 20.571866319617222 ], [ -97.684056450029004, 20.57251016960668 ], [ -97.684771910025518, 20.554261199734096 ], [ -97.657294319644748, 20.545068749558268 ], [ -97.648196490223484, 20.566312199122734 ], [ -97.636664509851727, 20.553711719575663 ], [ -97.587953020229449, 20.561070259219665 ], [ -97.541043340150296, 20.489711619077632 ], [ -97.576045549740556, 20.490900169748677 ], [ -97.595883910209665, 20.463991549837061 ], [ -97.635365079570349, 20.452185549617667 ], [ -97.645410720061321, 20.408323629312591 ], [ -97.672075199842439, 20.408529399088685 ], [ -97.709187490082925, 20.455109369431334 ], [ -97.734599319993961, 20.451306339541137 ], [ -97.765641739282771, 20.381228349221086 ], [ -97.744449949801862, 20.380110149425562 ], [ -97.742876519924991, 20.351196769012024 ], [ -97.700689490438648, 20.319919029626547 ], [ -97.67934494024972, 20.349917879098239 ], [ -97.67312512018465, 20.336607289533021 ], [ -97.689857920208368, 20.320087309165501 ], [ -97.681397619535645, 20.302432419584783 ], [ -97.75729750952307, 20.27907899927088 ], [ -97.735111919714285, 20.242391939160836 ], [ -97.731461199845185, 20.181348449063208 ], [ -97.720229739816077, 20.189167919521232 ], [ -97.653025459529033, 20.163432949434625 ], [ -97.63232014969546, 20.183223219559405 ], [ -97.604489110117456, 20.166873619151136 ], [ -97.60273531001971, 20.119313819602624 ], [ -97.578651349617459, 20.102519879592549 ], [ -97.596090660281874, 20.09298419972945 ], [ -97.580257600077374, 20.079007889845258 ], [ -97.561295690465613, 20.086021908967847 ], [ -97.558051289994026, 20.106910889138586 ], [ -97.494838460210616, 20.137348279339335 ], [ -97.505384080039846, 20.153938149299268 ], [ -97.465059400406929, 20.180218399209284 ], [ -97.464293849738979, 20.224227229040189 ], [ -97.445276090446455, 20.246160658966694 ], [ -97.408168780074575, 20.232092059824989 ], [ -97.380605059994267, 20.249881619064038 ], [ -97.365512397951534, 20.21575120008746 ], [ -97.283191260437505, 20.181112059063775 ], [ -97.244041150097203, 20.182278599029488 ], [ -97.164413429677282, 20.151831548956384 ], [ -97.149991199919995, 20.160614259540111 ], [ -97.151363890157015, 20.137540339516033 ], [ -97.122408820090058, 20.136721479252522 ], [ -97.206151910442358, 20.05635491895444 ], [ -97.206927230000062, 20.014667819268329 ], [ -97.260669059629151, 19.977254429267965 ], [ -97.269249089851456, 19.947027279793929 ], [ -97.255808649654782, 19.93246008903354 ], [ -97.30455903042116, 19.870694689748259 ], [ -97.313783799584343, 19.735135399414716 ], [ -97.333140400305879, 19.716779819085399 ], [ -97.303930019885797, 19.671155539784731 ], [ -97.341161570333796, 19.675751749179028 ], [ -97.402747289850893, 19.615343019007874 ], [ -97.418467280259918, 19.627216549504571 ], [ -97.434278519976786, 19.588848459266718 ], [ -97.404555879934279, 19.495866289255094 ], [ -97.348258519518595, 19.484626969726339 ], [ -97.357276280147445, 19.432376718963692 ], [ -97.397356539331, 19.419064229640281 ], [ -97.360453109610688, 19.376029319738908 ], [ -97.337750110433902, 19.392530719413998 ], [ -97.28496820020078, 19.391636738973833 ], [ -97.210206049882729, 19.359441648989865 ], [ -97.215605260361158, 19.323319719395531 ], [ -97.200273460142029, 19.309264749794568 ], [ -97.17020568999618, 19.329022349416149 ], [ -97.101998689722677, 19.303615449791199 ], [ -97.04551136964038, 19.321282619565082 ], [ -97.030990580382138, 19.297326769518705 ], [ -96.98556010972186, 19.279396819228445 ], [ -97.001234510052967, 19.236546019102523 ], [ -97.056154749963383, 19.197666579021 ], [ -97.027051800091343, 19.133236199670748 ], [ -97.055633080156227, 19.134002169587518 ], [ -97.066692710037046, 19.159455319959147 ], [ -97.194589059946381, 19.171812579579807 ], [ -97.209632970236896, 19.159850889170411 ], [ -97.197197940487143, 19.14655910903819 ], [ -97.261399459661604, 19.096627259757103 ], [ -97.266625709971549, 19.030313199470644 ], [ -97.285125770358164, 18.999430849819539 ], [ -97.258258920457436, 18.977714219235104 ], [ -97.241815599992364, 18.902142709216541 ], [ -97.29731157979306, 18.867310289437899 ], [ -97.326345599676173, 18.810246479527972 ], [ -97.353031109647802, 18.791284909827873 ], [ -97.352850309587311, 18.774361279037716 ], [ -97.330058999898711, 18.765974399296777 ], [ -97.350025370172332, 18.717143109260867 ], [ -97.343974580006403, 18.685758999327359 ], [ -97.323178060302112, 18.664308519164301 ], [ -97.303202659997467, 18.674285619518223 ], [ -97.271851920051532, 18.627779149462185 ], [ -97.235429150210905, 18.643569479391136 ], [ -97.14144276992036, 18.596417909320035 ], [ -97.144563079550565, 18.570927859855523 ], [ -97.083471379680191, 18.483942749211369 ], [ -97.079967520169603, 18.454507779630621 ], [ -96.998917340351142, 18.531916459841725 ], [ -96.9543341399648, 18.553829369084553 ], [ -96.925944780029425, 18.534925539143288 ], [ -96.899250980415644, 18.548647949498868 ], [ -96.842357509797623, 18.493388779807702 ], [ -96.813446150121536, 18.517617909701947 ], [ -96.797011830098555, 18.511935179636719 ], [ -96.781011949751033, 18.429069509865929 ], [ -96.763185709954143, 18.427050679144262 ], [ -96.759085050098179, 18.408263659154436 ], [ -96.724683030394019, 18.407387739080914 ], [ -96.780429119832206, 18.363532549047513 ], [ -96.784213259592718, 18.338328169462947 ], [ -96.821822800088768, 18.320683549518748 ], [ -96.817573999577249, 18.300786219446682 ], [ -96.854760769703717, 18.241228369220835 ], [ -96.916154199814372, 18.230641849333875 ], [ -96.921875829523614, 18.240619379570148 ], [ -96.936835310067295, 18.216031979827079 ], [ -96.991479429969459, 18.23073942931828 ], [ -97.042094140157261, 18.156569419675925 ], [ -97.113758030318593, 18.149468449071996 ], [ -97.133885219890018, 18.157720319009574 ], [ -97.133818460066635, 18.174134279467573 ], [ -97.144034770313326, 18.163428579401792 ], [ -97.16736801956111, 18.200903279506807 ], [ -97.214348460195524, 18.163667629414629 ], [ -97.228666648550558, 18.174591820739998 ], [ -97.303408679858563, 18.159078549232493 ], [ -97.37655305043819, 18.094512229146577 ], [ -97.411240080087296, 18.102392849383556 ], [ -97.466918200220306, 18.026951309579761 ], [ -97.534045660311136, 18.046338349301944 ], [ -97.543905459760452, 18.033444569519663 ], [ -97.569619779667448, 18.103387369723425 ], [ -97.608153510013267, 18.13101065947885 ], [ -97.60929786016014, 18.15368296970157 ], [ -97.653175920337347, 18.175288719070771 ], [ -97.634023650208931, 18.200068059840294 ], [ -97.65471370955494, 18.293092549200956 ], [ -97.721273830419776, 18.276048178998639 ], [ -97.797297019941823, 18.28317485971732 ], [ -97.82296059963015, 18.223403999423383 ], [ -97.85922661960646, 18.192289149630085 ], [ -97.839462260243778, 18.171231149467026 ], [ -97.867482940247612, 18.144571289847498 ], [ -97.849459980155601, 18.08374067965168 ], [ -97.810670319559662, 18.067717169195983 ], [ -97.834782150463923, 18.049798519060094 ], [ -97.842604448992887, 17.996081739372478 ], [ -97.826271910113263, 17.972677149877253 ], [ -97.790920969386761, 18.004158089545392 ], [ -97.798543940296099, 18.035802109403754 ], [ -97.771671090414301, 18.068367549752288 ], [ -97.698830060240624, 18.021693889791877 ], [ -97.699742230215236, 18.001636519033251 ], [ -97.766380999732405, 18.005914879106843 ], [ -97.76794108996333, 17.976652889256364 ], [ -97.803374650096529, 17.960458569096289 ], [ -97.832355770185259, 17.90853233974228 ], [ -97.936301920107454, 17.917179120394657 ], [ -97.948849140219693, 17.948156079340489 ], [ -97.937380319864275, 17.967900849247467 ], [ -97.979376690308712, 17.964441649082623 ], [ -98.030411279757871, 17.991874149825495 ], [ -98.046713750089538, 17.976205799998709 ], [ -98.130794459689994, 17.988044139266112 ], [ -98.169609859795258, 17.95283394984358 ], [ -98.17091111045626, 17.902058369332558 ], [ -98.209746400342254, 17.87975813925248 ], [ -98.25477489027395, 17.88362653901649 ], [ -98.262230320159276, 17.926876919504739 ], [ -98.282310149569852, 17.935150319729701 ] ] ] } },
{ "type": "Feature", "properties": { "name": "Querétaro" }, "geometry": { "type": "Polygon", "coordinates": [ [ [ -99.977514420032648, 20.272462309555117 ], [ -99.965229819415768, 20.201157510549187 ], [ -99.921902819791555, 20.158739969095564 ], [ -99.936212770413832, 20.162523033512322 ], [ -99.942206449992682, 20.120100339330797 ], [ -99.926337419890174, 20.064330679833311 ], [ -99.980192650085115, 20.059147449701669 ], [ -99.978468220114578, 20.074045449769287 ], [ -100.000352339742903, 20.077480399236102 ], [ -100.088817939718552, 20.015018289460258 ], [ -100.162194450030938, 20.062538549191153 ], [ -100.164462199668307, 20.078346519445088 ], [ -100.202941090104773, 20.076649369224739 ], [ -100.197392830387429, 20.129888459340709 ], [ -100.235603550041091, 20.143458579842768 ], [ -100.191863848577128, 20.176000079401511 ], [ -100.181144019681781, 20.208800539491367 ], [ -100.260456650181666, 20.267509939188734 ], [ -100.381288570056512, 20.303051619237365 ], [ -100.409995180433114, 20.376006419584037 ], [ -100.476181060391724, 20.389610799148507 ], [ -100.492382120153124, 20.490415538982859 ], [ -100.509755580409504, 20.506526849110013 ], [ -100.504765449895757, 20.555033399095858 ], [ -100.485003379756819, 20.553804218951313 ], [ -100.482091649683099, 20.57150830921637 ], [ -100.496177430073956, 20.616193739459209 ], [ -100.529535279628831, 20.638667259453033 ], [ -100.55112518031936, 20.633766049225137 ], [ -100.596535709619999, 20.717260919411075 ], [ -100.548914620282403, 20.736383419788371 ], [ -100.558328289533918, 20.804571149650656 ], [ -100.577588939868591, 20.816669749357533 ], [ -100.502048619697646, 20.852920459807788 ], [ -100.509023519676362, 20.870706709165443 ], [ -100.485366770222825, 20.908799719639877 ], [ -100.469958289997351, 20.907039349011228 ], [ -100.472232880307303, 20.928446058963555 ], [ -100.453176479846604, 20.923199049792281 ], [ -100.453956020372374, 20.900179379438317 ], [ -100.41339937995744, 20.887431879677163 ], [ -100.333590799973237, 20.890728479646057 ], [ -100.29839429031901, 20.915291718990314 ], [ -100.29920917018184, 20.931327749437312 ], [ -100.265543230354638, 20.929247379192269 ], [ -100.263623290013641, 20.970998849821918 ], [ -100.181527599851464, 20.930401659161443 ], [ -100.135311850127451, 20.937263828962696 ], [ -100.117827780288906, 20.922155119345192 ], [ -100.064171940123231, 20.936288599096276 ], [ -100.080738489778881, 20.949857509536155 ], [ -100.060746309567733, 21.005815779328969 ], [ -100.068949719563832, 21.022813399278888 ], [ -100.022563170448507, 21.01462119955227 ], [ -100.011069570391015, 21.028504629199439 ], [ -100.027543079915276, 21.100253018914749 ], [ -99.996417659782168, 21.182594909546005 ], [ -100.011085740137901, 21.189464339737853 ], [ -99.986368049252647, 21.218310029141129 ], [ -99.831258549594835, 21.157322719056218 ], [ -99.738483459059012, 21.235817769377626 ], [ -99.687854880164508, 21.225780259651618 ], [ -99.699076310313643, 21.26669839960682 ], [ -99.67130261977907, 21.301193749428538 ], [ -99.737253119568862, 21.312884969129986 ], [ -99.734161149539418, 21.301443919063313 ], [ -99.757893570084178, 21.29214036967938 ], [ -99.794522020401786, 21.357399419490338 ], [ -99.775495540174632, 21.374968599642077 ], [ -99.777351860217863, 21.495955449479712 ], [ -99.749292259577032, 21.523173478954234 ], [ -99.746743200403401, 21.578363289173819 ], [ -99.659541970362895, 21.567945229471572 ], [ -99.625800779880919, 21.507301909613801 ], [ -99.549345199753546, 21.447067719083179 ], [ -99.551931319700572, 21.42839305899577 ], [ -99.497520820396957, 21.419226079817481 ], [ -99.469822450399036, 21.4465145397448 ], [ -99.436275689564326, 21.449856029568071 ], [ -99.405921150035923, 21.428271379584345 ], [ -99.386708169522919, 21.50037293898388 ], [ -99.371976217682359, 21.507104089708072 ], [ -99.375906850249351, 21.547930579125001 ], [ -99.305488650011313, 21.532914289042353 ], [ -99.274401910069528, 21.565323259681897 ], [ -99.28071705043368, 21.607903369546612 ], [ -99.243496450194854, 21.615057168983412 ], [ -99.217697549991357, 21.666646479665797 ], [ -99.188175060463593, 21.670005429215227 ], [ -99.171895510202759, 21.627031479295237 ], [ -99.128297369644471, 21.589817049272305 ], [ -99.142282199511939, 21.535439549520049 ], [ -99.092839199724423, 21.381700449406821 ], [ -99.092620750292454, 21.363360479077553 ], [ -99.129455519816858, 21.362046249191604 ], [ -99.137829580206045, 21.329791889554659 ], [ -99.102948850020923, 21.321194429158957 ], [ -99.127558890409929, 21.318336548999053 ], [ -99.104345349764202, 21.289597859739811 ], [ -99.053243820256426, 21.281631349639895 ], [ -99.051176739661813, 21.253429679333308 ], [ -99.073532108638673, 21.230425284577375 ], [ -99.052370490185908, 21.219515579312304 ], [ -99.043079850236296, 21.178677249524604 ], [ -99.06133169043035, 21.154205339304635 ], [ -99.072707430217534, 21.157965829500178 ], [ -99.062412090292469, 21.174308629681139 ], [ -99.076479309830574, 21.173463949668708 ], [ -99.077048489541369, 21.159144659433412 ], [ -99.175478050118443, 21.138378319090084 ], [ -99.215418949908312, 21.106210539232826 ], [ -99.255955089915844, 21.104246879629851 ], [ -99.309205649522283, 21.147299649215132 ], [ -99.341828429625735, 21.123659679056704 ], [ -99.34635966044506, 21.100876659743733 ], [ -99.397366658561538, 21.102003279622171 ], [ -99.387673200115472, 21.067827229765836 ], [ -99.367437459134138, 21.069479689577836 ], [ -99.377079020319286, 21.05661505015664 ], [ -99.363245909599001, 21.041728890270484 ], [ -99.389954519642032, 21.004138379779342 ], [ -99.390626020138157, 20.952274319812659 ], [ -99.415585508567418, 20.924900599007813 ], [ -99.412556858649708, 20.905428939025459 ], [ -99.435226578717945, 20.899396999416222 ], [ -99.446064059509965, 20.853031058971492 ], [ -99.48873181945838, 20.83293288980941 ], [ -99.503816999512793, 20.765787319374827 ], [ -99.548471289315756, 20.737197749814065 ], [ -99.505540318675529, 20.684700519750869 ], [ -99.501922660425137, 20.65896221894981 ], [ -99.565344400007376, 20.640394149098721 ], [ -99.619511279933874, 20.591406949618758 ], [ -99.657870370406926, 20.601799289408653 ], [ -99.696412950344637, 20.574445019246756 ], [ -99.711952079956674, 20.581266619297814 ], [ -99.738683260297179, 20.560520799926561 ], [ -99.828071179116463, 20.543007650649752 ], [ -99.859106420463277, 20.268470549328388 ], [ -99.919500969718044, 20.281665379436362 ], [ -99.934083569759167, 20.249770029298993 ], [ -99.918414579743271, 20.211788449061238 ], [ -99.950933019853068, 20.215903509198764 ], [ -99.977514420032648, 20.272462309555117 ] ] ] } },
{ "type": "Feature", "properties": { "name": "Quintana Roo" }, "geometry": { "type": "MultiPolygon", "coordinates": [ [ [ [ -87.614721684398816, 18.96073358967363 ], [ -87.663050249574368, 18.826516419713606 ], [ -87.669349220334198, 18.763380599148604 ], [ -87.725230510135248, 18.66854382943086 ], [ -87.765809089603408, 18.411968349650802 ], [ -87.827875449018677, 18.310543526188024 ], [ -87.844294679550003, 18.190940049754868 ], [ -87.867511309762932, 18.188238659482799 ], [ -87.902425659708925, 18.142692249321509 ], [ -87.92545256985747, 18.160235819000992 ], [ -88.030298890266181, 18.160361089082418 ], [ -88.030365889959739, 18.414794289127613 ], [ -88.249633650420563, 18.4155524496231 ], [ -88.25009436989906, 18.473072289498443 ], [ -88.326852600096572, 18.490176689864853 ], [ -88.380132970036897, 18.478946349470494 ], [ -88.402395460153997, 18.496658479751655 ], [ -88.447141400452665, 18.475591569577762 ], [ -88.476423140421801, 18.49467436936321 ], [ -88.520587370463502, 18.459250019213513 ], [ -88.551637510420136, 18.376148149726745 ], [ -88.54438474992547, 18.360024449407884 ], [ -88.605831599607171, 18.291741049836933 ], [ -88.61554439974492, 18.223278089256233 ], [ -88.697563919594728, 18.182418579423217 ], [ -88.680088819580575, 18.16018488964615 ], [ -88.718608020182003, 18.10882937958494 ], [ -88.716686619611366, 18.060526309338069 ], [ -88.766651739699483, 18.03429822929624 ], [ -88.784455349624409, 17.979860829158007 ], [ -88.859434799658061, 17.92519105958327 ], [ -88.859766169749363, 17.894461349527759 ], [ -88.913682109617795, 17.910594549154016 ], [ -88.944779680346358, 17.959129919256021 ], [ -88.987223859593371, 17.947284309704163 ], [ -89.000620690122545, 17.984429059830784 ], [ -89.037520709920898, 18.005121689837381 ], [ -89.132705260173125, 17.972034119256573 ], [ -89.151956629628017, 17.940256909677256 ], [ -89.152170090333001, 17.953609979413979 ], [ -89.205872050232813, 17.954099719137727 ], [ -89.206738940349723, 18.021079949153837 ], [ -89.163003830098873, 18.018517309756845 ], [ -89.163360690481042, 18.057885119158097 ], [ -89.144753540115275, 18.057699079416189 ], [ -89.144382859967578, 18.082442939387224 ], [ -89.202457779954599, 18.083276219257179 ], [ -89.200236650208666, 18.144629339907468 ], [ -89.143065970414384, 18.145819599717743 ], [ -89.142872629877914, 18.224163829137755 ], [ -89.158058679998447, 18.221326979167035 ], [ -89.151673660454904, 18.293562629458286 ], [ -89.132359539731567, 18.293402649282793 ], [ -89.138214059980697, 18.385543889476686 ], [ -89.121229199889981, 18.385849629215876 ], [ -89.12549018033539, 18.450625419037443 ], [ -89.150237819659708, 18.451059399772692 ], [ -89.155742249561413, 18.753114749391756 ], [ -89.144381850486738, 18.755918739282759 ], [ -89.135819780114588, 19.132372659287881 ], [ -89.146951430212056, 19.133156659477443 ], [ -89.146666850265689, 19.423861649568025 ], [ -89.296561820367671, 19.551174089179057 ], [ -89.219556570378145, 19.608022249214724 ], [ -89.222868740324515, 19.636656969571558 ], [ -89.190249629706273, 19.63331773938037 ], [ -89.189203140329312, 19.644005939852093 ], [ -89.144861689907827, 19.637398719201954 ], [ -89.149520650464993, 19.581249339120493 ], [ -89.109024460257103, 19.582349379699821 ], [ -89.108391679904088, 19.612338489642127 ], [ -89.133640600383458, 19.614632029080475 ], [ -89.123398519909799, 19.703424149106127 ], [ -89.03620045960821, 19.678039519766511 ], [ -89.030523629818646, 19.708831749132251 ], [ -88.997529380192844, 19.704883889624384 ], [ -88.994741279800209, 19.727439599480981 ], [ -89.048827059716757, 19.721493319730474 ], [ -89.0251629796673, 19.77670967899628 ], [ -89.004087429919466, 19.772007399411297 ], [ -88.999467969830917, 19.797994379779006 ], [ -88.974451769601643, 19.818100829714641 ], [ -88.943852140061182, 19.813442779159516 ], [ -88.945433749586783, 19.791946319417846 ], [ -88.929512460381943, 19.79094854914182 ], [ -88.911103970423895, 19.800937579350766 ], [ -88.900488020167629, 19.861114019713579 ], [ -88.879124830390168, 19.862393229694714 ], [ -88.880191540115106, 19.878124879614234 ], [ -88.825926339722159, 19.879925579105016 ], [ -88.829436720268632, 19.906014599611659 ], [ -88.816503290336357, 19.904473519810608 ], [ -88.783502579806296, 20.008180179783782 ], [ -88.700176170054021, 20.010356719734091 ], [ -88.690608909623606, 20.089856119248243 ], [ -88.576681550005375, 20.148078309129559 ], [ -88.507621199922411, 20.143391089452329 ], [ -88.502345249822639, 20.190077948961118 ], [ -88.44706437022387, 20.182006509706532 ], [ -88.42254142037666, 20.154104119700595 ], [ -88.447064370223899, 20.182006509706572 ], [ -88.502345249822653, 20.190077948961157 ], [ -88.519929952468658, 20.192328032741319 ], [ -88.443426183123108, 20.238149783695221 ], [ -88.415113803847206, 20.232970453771603 ], [ -88.409127742967101, 20.252097322166851 ], [ -88.370807020136454, 20.257789678979414 ], [ -88.308788430139657, 20.253510029489661 ], [ -88.266814949591804, 20.269120319242045 ], [ -88.264634200082511, 20.290342028969832 ], [ -88.136489600397738, 20.281371779693959 ], [ -87.992958111183967, 20.424067709307703 ], [ -87.973546119727445, 20.209551819019278 ], [ -87.985677719990306, 20.34368984965678 ], [ -87.991530429777569, 20.408312749467321 ], [ -87.992958111183938, 20.424067709307664 ], [ -87.995065450625219, 20.447316430628341 ], [ -87.962742050043872, 20.446706029574148 ], [ -87.743651382907686, 20.654785110109625 ], [ -87.611280918086663, 20.652667958828857 ], [ -87.743651382907714, 20.654785110109639 ], [ -87.533145279908481, 20.999602139307182 ], [ -87.534912909530121, 21.490222449321642 ], [ -87.488333230266889, 21.485183139697956 ], [ -87.473243820433595, 21.457225879568494 ], [ -87.43108645004142, 21.468571938971234 ], [ -87.341095969611814, 21.432266349740594 ], [ -87.272129769613102, 21.432341119167596 ], [ -87.273864320169821, 21.443284219721853 ], [ -87.232462180266936, 21.418610779137339 ], [ -87.215639819612392, 21.443261569695302 ], [ -87.188374520065423, 21.439706768966435 ], [ -87.158375180433296, 21.463252999586789 ], [ -87.111731909800781, 21.471221048881322 ], [ -87.099089195632288, 21.532603340026625 ], [ -87.128709340032415, 21.554537339434454 ], [ -87.085747199687844, 21.589413689352568 ], [ -87.010305110404445, 21.557443309687777 ], [ -86.974827199733909, 21.510542419742396 ], [ -86.970204460368834, 21.531332819506897 ], [ -86.981439769849757, 21.53939576940439 ], [ -86.990054750007118, 21.543281779715269 ], [ -86.997659429941663, 21.541354028937469 ], [ -86.992788999480922, 21.562234689741739 ], [ -86.975926689733697, 21.547602309161789 ], [ -86.952455479606598, 21.488594919309882 ], [ -86.886736219686654, 21.403546199172091 ], [ -86.850916260015254, 21.255861849072421 ], [ -86.823467594149577, 21.243991578578001 ], [ -86.836884423745033, 21.272547730250867 ], [ -86.821106102644023, 21.281781601168451 ], [ -86.821325118461075, 21.315974600165035 ], [ -86.792542729130133, 21.34236427453866 ], [ -86.827920690386136, 21.412998049782143 ], [ -86.80983471965294, 21.412905279021366 ], [ -86.799219740017378, 21.388798859508228 ], [ -86.795054080421679, 21.385918089305811 ], [ -86.795804793591714, 21.412256631956751 ], [ -86.790400029615014, 21.345640999306635 ], [ -86.815872600335283, 21.283257859710059 ], [ -86.800743949732393, 21.213544259165563 ], [ -86.839183829357452, 21.211955537728112 ], [ -86.8018426645136, 21.211952206745909 ], [ -86.798176920223284, 21.155132120753777 ], [ -86.740599419562699, 21.134896449288057 ], [ -86.770256669465653, 21.0848238520861 ], [ -86.778628860404936, 21.032534979705282 ], [ -86.812968350144871, 21.023054249392377 ], [ -86.877925080434622, 20.841401829755206 ], [ -86.940453230461102, 20.782329219094436 ], [ -86.962731600437706, 20.730089999263317 ], [ -87.010242579704069, 20.70237410967848 ], [ -87.101948742374347, 20.589856608360943 ], [ -87.128679028130307, 20.56903049364783 ], [ -87.14075511045904, 20.582309879157776 ], [ -87.156845489720254, 20.570001969676223 ], [ -87.190070659597922, 20.584696429133533 ], [ -87.15684548972024, 20.570001969676174 ], [ -87.140755110459011, 20.582309879157727 ], [ -87.128679028130264, 20.569030493647741 ], [ -87.282239630006814, 20.446063059534914 ], [ -87.367573613684087, 20.285954075171436 ], [ -87.424359548135527, 20.224189125032563 ], [ -87.4780319835548, 20.076008910254846 ], [ -87.476231242849309, 19.999200889599617 ], [ -87.452471479994543, 19.933239649231584 ], [ -87.435980221348373, 19.92703187726304 ], [ -87.432138819038059, 19.908241114730998 ], [ -87.429935970634872, 19.886185418010346 ], [ -87.448558401932473, 19.839048280100894 ], [ -87.473867080173747, 19.818753489474098 ], [ -87.469623184276472, 19.780233008544904 ], [ -87.487191029754385, 19.801296029702801 ], [ -87.472497999660504, 19.835836459503231 ], [ -87.451280510393232, 19.83813354976478 ], [ -87.431276180206495, 19.89532676928885 ], [ -87.471695854921578, 19.943823386986704 ], [ -87.463356518076964, 19.893401040647174 ], [ -87.447490802903999, 19.889894357808309 ], [ -87.499998800076057, 19.807103079589378 ], [ -87.499999939740761, 20.13454285955029 ], [ -87.499998800076085, 19.807103079589432 ], [ -87.545241343062813, 19.795726279163365 ], [ -87.554598665225129, 19.808471956204212 ], [ -87.578656204878527, 19.790261108155413 ], [ -87.64280948017597, 19.688030730202193 ], [ -87.65285886490804, 19.649998383667004 ], [ -87.667544350412797, 19.615735079864635 ], [ -87.689395679827584, 19.626224689461381 ], [ -87.660685020384221, 19.63426270945039 ], [ -87.649100000375753, 19.688099999412852 ], [ -87.742233896458856, 19.663731271014147 ], [ -87.748472459995511, 19.599479979186547 ], [ -87.707580660227961, 19.573060029365823 ], [ -87.70199213634605, 19.550209403321773 ], [ -87.676779945384311, 19.569362683128489 ], [ -87.669357089573992, 19.537550719168536 ], [ -87.677725225972722, 19.537866075316781 ], [ -87.686444759808097, 19.533043503399995 ], [ -87.687240304964035, 19.530473383062507 ], [ -87.663799999657144, 19.529399999071853 ], [ -87.669500000245847, 19.500999999008975 ], [ -87.650442940155543, 19.505166649811386 ], [ -87.61007667973486, 19.554100179262388 ], [ -87.550416689957686, 19.566099449173016 ], [ -87.531461149535218, 19.561963749509303 ], [ -87.525700000048261, 19.540499999277426 ], [ -87.49240000008372, 19.570699999078531 ], [ -87.509899999538533, 19.576399999592166 ], [ -87.504788399890359, 19.590131979014558 ], [ -87.495400000506166, 19.585799999023632 ], [ -87.451699999671831, 19.595999999588745 ], [ -87.454454399648739, 19.648017169284351 ], [ -87.410056794643779, 19.598173372218746 ], [ -87.440202519568615, 19.469030509486167 ], [ -87.525710232292241, 19.395272178223511 ], [ -87.545577243216869, 19.391349465411238 ], [ -87.549616863870966, 19.393615882506872 ], [ -87.555064910277139, 19.39144142915459 ], [ -87.564564819879124, 19.393890248982888 ], [ -87.539875090317707, 19.403099599043117 ], [ -87.547895508808821, 19.418572646431812 ], [ -87.541823421669264, 19.420229762107208 ], [ -87.539371784280817, 19.425808805626708 ], [ -87.538632501502619, 19.425793293326475 ], [ -87.535737157808825, 19.428188266674294 ], [ -87.535443056405143, 19.428608122673957 ], [ -87.535456380692679, 19.428996450456911 ], [ -87.553869220043595, 19.427011889792219 ], [ -87.635955480363606, 19.373433909711334 ], [ -87.66907214149137, 19.295181797803256 ], [ -87.661199999701211, 19.260699999480188 ], [ -87.686851120400291, 19.234752419532448 ], [ -87.673596570475169, 19.227952149170793 ], [ -87.686136510416347, 19.220458819562484 ], [ -87.670817140127795, 19.189853889459524 ], [ -87.63361459989936, 19.179147918970379 ], [ -87.577822720049951, 19.269844999396014 ], [ -87.599772847726115, 19.242674624836248 ], [ -87.611987830048378, 19.240121879632564 ], [ -87.546384890275348, 19.302940279624138 ], [ -87.489254279847245, 19.326387100447803 ], [ -87.445389312324707, 19.311704479016658 ], [ -87.527886120405526, 19.227196219073271 ], [ -87.549983430401312, 19.118596779512345 ], [ -88.01704382017958, 19.116608319274686 ], [ -88.144514619787998, 19.141168228991585 ], [ -88.158665738377493, 19.141638309904589 ], [ -88.017043820179552, 19.116608319274611 ], [ -87.549983430401298, 19.118596779512284 ], [ -87.553494268839728, 19.07369788045408 ], [ -87.614721684398816, 18.96073358967363 ] ], [ [ -87.358830770385069, 20.312683689690616 ], [ -87.35883077038504, 20.312683689690576 ], [ -87.356907477964711, 20.311959069346312 ], [ -87.358830770385069, 20.312683689690616 ] ], [ [ -87.627954399699519, 20.134605309230803 ], [ -87.627970380442576, 20.206498489720911 ], [ -87.627970380442619, 20.206498489720911 ], [ -87.627954399699519, 20.134605309230803 ] ], [ [ -88.591799018429043, 19.213650382025442 ], [ -88.655166441530611, 19.217694000547894 ], [ -88.655166441530611, 19.217694000547855 ], [ -88.591799018429043, 19.213650382025442 ] ], [ [ -88.555524350270986, 19.201648199353009 ], [ -88.530533999640966, 19.201052888932015 ], [ -88.48485792008124, 19.202471279861079 ], [ -88.555524350271014, 19.20164819935307 ], [ -88.555269830408164, 19.189499719308259 ], [ -88.589854659617373, 19.189470179014549 ], [ -88.555269830408136, 19.189499719308209 ], [ -88.555524350270986, 19.201648199353009 ] ], [ [ -88.473762579867483, 19.193875249283746 ], [ -88.414740749791036, 19.1981160195194 ], [ -88.385242570387746, 19.198186829374329 ], [ -88.414740749791051, 19.198116019519425 ], [ -88.473762579867497, 19.193875249283785 ], [ -88.482549939923103, 19.195885479734379 ], [ -88.473762579867483, 19.193875249283746 ] ], [ [ -88.423574969965401, 19.096891339619297 ], [ -88.242453179763118, 19.051804279733236 ], [ -88.220040280055628, 19.107154999411463 ], [ -88.219638200042098, 19.113406109591665 ], [ -88.219640909839129, 19.113775028990478 ], [ -88.242453179763146, 19.051804279733247 ], [ -88.328485910054482, 19.076967979351114 ], [ -88.38787336955005, 19.094013339312703 ], [ -88.423574969965401, 19.096891339619297 ] ], [ [ -88.220164497941354, 19.1147073083715 ], [ -88.208424349522829, 19.156602599540118 ], [ -88.193476710151629, 19.153280459159166 ], [ -88.188310429112605, 19.152477060620544 ], [ -88.208424349522858, 19.156602599540207 ], [ -88.220737599726618, 19.115727749774496 ], [ -88.220164497941354, 19.1147073083715 ] ], [ [ -88.187047329291588, 19.152280626236337 ], [ -88.182798319735554, 19.151632049193068 ], [ -88.184603200110047, 19.15190044923331 ], [ -88.187047329291588, 19.152280626236337 ] ], [ [ -88.173061909882605, 19.140873259025767 ], [ -88.174214340098473, 19.140916139461606 ], [ -88.173061909882591, 19.140873259025728 ], [ -88.173061909882605, 19.140873259025767 ] ], [ [ -88.168106580339142, 19.142397379485733 ], [ -88.169496919681222, 19.140321909596924 ], [ -88.168106580339128, 19.142397379485679 ], [ -88.16201543111201, 19.141921542596229 ], [ -88.168106580339142, 19.142397379485733 ] ], [ [ -88.161948393686473, 19.14191630407317 ], [ -88.160399280148795, 19.141795249321206 ], [ -88.158909942420493, 19.141660419758274 ], [ -88.161948393686473, 19.14191630407317 ] ], [ [ -88.475297229748861, 20.037669859247927 ], [ -88.488618939503453, 20.036619999765506 ], [ -88.489490880399387, 20.036765309207393 ], [ -88.49412834954579, 20.037537969264701 ], [ -88.498260049886184, 20.03822622909296 ], [ -88.475297229748861, 20.037669859247927 ] ], [ [ -88.483378200167593, 20.019712979448947 ], [ -88.483378200167593, 20.019712979448943 ], [ -88.4810230908394, 20.019301777796848 ], [ -88.483378200167593, 20.019712979448947 ] ], [ [ -88.391421880172743, 20.016148079152824 ], [ -88.440609229730228, 20.022604859097747 ], [ -88.443168150304331, 20.006804939649051 ], [ -88.484153249943006, 20.009875479750683 ], [ -88.443168150304302, 20.006804939649026 ], [ -88.4406092297302, 20.022604859097708 ], [ -88.391421880172743, 20.016148079152824 ] ], [ [ -88.392872800313, 19.970500649006691 ], [ -88.395155689801157, 19.970245819575794 ], [ -88.395155689801157, 19.970245819575762 ], [ -88.392872800313, 19.970500649006691 ] ], [ [ -88.41028062959063, 19.950925369048974 ], [ -88.410346029808167, 19.957296249008078 ], [ -88.410346029808181, 19.957296249008078 ], [ -88.41028062959063, 19.950925369048974 ] ], [ [ -88.511571734562168, 19.785109736358251 ], [ -88.511877199337803, 19.785603037419769 ], [ -88.511571734562153, 19.785109736358208 ], [ -88.511571734562168, 19.785109736358251 ] ], [ [ -88.5488506510343, 19.749276048003967 ], [ -88.5488506510343, 19.749276048003956 ], [ -88.548742364407261, 19.749231409891689 ], [ -88.5488506510343, 19.749276048003967 ] ], [ [ -88.590587412612592, 19.634061809804333 ], [ -88.590587412612578, 19.634061809804329 ], [ -88.59407070952966, 19.638197460647323 ], [ -88.590587412612592, 19.634061809804333 ] ], [ [ -88.651621888348942, 19.625379182698854 ], [ -88.643106045512084, 19.614211242008782 ], [ -88.651621888348956, 19.625379182698889 ], [ -88.651621888348942, 19.625379182698854 ] ], [ [ -88.618625341359405, 19.596327171142967 ], [ -88.630621564359927, 19.597509111593165 ], [ -88.630928112495454, 19.597899609261475 ], [ -88.630621564359913, 19.59750911159313 ], [ -88.618625341359405, 19.596327171142967 ] ], [ [ -88.645253676240699, 19.451349482460238 ], [ -88.645253676240671, 19.451349482460234 ], [ -88.645191126800995, 19.457151591538764 ], [ -88.645253676240699, 19.451349482460238 ] ], [ [ -88.689731247834459, 19.44389179660179 ], [ -88.689731247834459, 19.4438917966018 ], [ -88.694652268199917, 19.44360055634159 ], [ -88.689731247834459, 19.44389179660179 ] ], [ [ -88.699417755331424, 19.403870253563881 ], [ -88.694120824327243, 19.40183741137804 ], [ -88.697602034414587, 19.403189128473368 ], [ -88.699417755331424, 19.403870253563881 ] ], [ [ -88.674691569016517, 19.403209286799221 ], [ -88.694086849917625, 19.401824219473752 ], [ -88.674691569016517, 19.403209286799179 ], [ -88.674691569016517, 19.403209286799221 ] ], [ [ -88.668875493431756, 19.394745813825832 ], [ -88.674536698558654, 19.395183949668251 ], [ -88.674536698558654, 19.395183949668212 ], [ -88.668875493431756, 19.394745813825832 ] ], [ [ -88.675232049504913, 19.33855421864029 ], [ -88.659459863177617, 19.338359837565413 ], [ -88.625106149566335, 19.338012823172232 ], [ -88.659459863177659, 19.338359837565438 ], [ -88.675232049504913, 19.33855421864029 ] ], [ [ -87.13245545968789, 20.583694599081049 ], [ -87.132455459687918, 20.583694599081049 ], [ -87.125703999642809, 20.576890939211975 ], [ -87.13245545968789, 20.583694599081049 ] ], [ [ -87.522023847548937, 20.592809545612088 ], [ -87.523812273943122, 20.660628248401515 ], [ -87.442179256723222, 20.659637709085047 ], [ -87.433173731853472, 20.659226075783735 ], [ -87.378797069727369, 20.658482345330142 ], [ -87.252443184061207, 20.658223029766759 ], [ -87.523812273943136, 20.660628248401569 ], [ -87.522023847548965, 20.592809545612113 ], [ -87.613571802750897, 20.599874546122024 ], [ -87.522023847548937, 20.592809545612088 ] ], [ [ -87.268384906650169, 20.668683031960573 ], [ -87.238334897873941, 20.70020245421194 ], [ -87.268384906650212, 20.668683031960548 ], [ -87.258186151482789, 20.661991220531185 ], [ -87.268384906650169, 20.668683031960573 ] ], [ [ -87.191949607833379, 20.762829607676721 ], [ -87.191950079180657, 20.870993619848655 ], [ -87.191949621922333, 20.766055649919025 ], [ -87.191949607833408, 20.762829607676775 ], [ -87.245794371430335, 20.705880061483484 ], [ -87.191949607833379, 20.762829607676721 ] ], [ [ -87.09716011255793, 21.098680066001993 ], [ -87.214755395821697, 21.099608477832795 ], [ -87.245445940546858, 21.100388216476929 ], [ -87.245448077879146, 21.100388270310031 ], [ -87.320377092843643, 21.101169286937665 ], [ -87.3217712898646, 20.99794260298054 ], [ -87.321717121672435, 20.997032130470579 ], [ -87.321649642787023, 20.996523330272236 ], [ -87.321718582030954, 20.995539861631098 ], [ -87.321794390629506, 20.993968428246841 ], [ -87.323308855244548, 20.883793445141791 ], [ -87.323309282820517, 20.883679528906832 ], [ -87.323352941142673, 20.87204257272154 ], [ -87.32330885524452, 20.88379344514178 ], [ -87.321649642786994, 20.996523330272197 ], [ -87.320377092843628, 21.101169286937616 ], [ -87.156916430753952, 21.098145781503419 ], [ -87.097160112557887, 21.098680066001954 ], [ -87.097160124331978, 21.21195228880703 ], [ -86.997473737955346, 21.211952300826933 ], [ -86.978112986891972, 21.217154797185604 ], [ -87.097160124332007, 21.211952288807069 ], [ -87.09716011255793, 21.098680066001993 ] ], [ [ -86.978082408711259, 21.211952297753605 ], [ -86.914564327076079, 21.211952302628433 ], [ -86.914564327076079, 21.211952302628472 ], [ -86.978082408711259, 21.211952297753605 ] ], [ [ -86.865111299903518, 21.210062137360161 ], [ -86.848017137177521, 21.211954987401739 ], [ -86.848016636756824, 21.211954989652163 ], [ -86.858383698098407, 21.21195369875355 ], [ -86.860717755632621, 21.211953311666559 ], [ -86.866002939981982, 21.211952304197357 ], [ -86.86511129990356, 21.210062137360186 ], [ -86.914502577709229, 21.210135863222845 ], [ -86.865111299903518, 21.210062137360161 ] ], [ [ -86.83959229010317, 21.213033379263159 ], [ -86.845500370157836, 21.210631779492886 ], [ -86.844944570273128, 21.210718779721251 ], [ -86.84455182975411, 21.210779771440031 ], [ -86.844030550231778, 21.210860999605234 ], [ -86.84353861924113, 21.210937709540588 ], [ -86.843056769166253, 21.211012849356454 ], [ -86.842947669853373, 21.211029856797289 ], [ -86.842947459730752, 21.211029890644532 ], [ -86.83959229010317, 21.213033379263159 ] ], [ [ -86.839591854154378, 21.213032295665066 ], [ -86.839504562698011, 21.212814410261693 ], [ -86.839591931786714, 21.213032487726228 ], [ -86.839591854154378, 21.213032295665066 ] ] ], [ [ [ -87.640289290251019, 19.184541059625055 ], [ -87.645663430309881, 19.187980019278957 ], [ -87.639638539671807, 19.186952619521811 ], [ -87.640289290251019, 19.184541059625055 ] ] ], [ [ [ -87.628616349961433, 19.19097697963354 ], [ -87.632835819604594, 19.194875019112249 ], [ -87.627535139767048, 19.196700199795885 ], [ -87.628616349961433, 19.19097697963354 ] ] ], [ [ [ -87.630142630211949, 19.204335459730089 ], [ -87.628176289658555, 19.202722109595328 ], [ -87.631040020378563, 19.202715029788919 ], [ -87.630142630211949, 19.204335459730089 ] ] ], [ [ [ -87.652024250030649, 19.215542029112704 ], [ -87.640238550142101, 19.218523689395102 ], [ -87.614563679983917, 19.236026089030602 ], [ -87.632501510317837, 19.220812169402652 ], [ -87.640947850353868, 19.217051149746755 ], [ -87.652024250030649, 19.215542029112704 ] ] ], [ [ [ -87.601949659594695, 19.235847249335649 ], [ -87.605294890379071, 19.234134949687675 ], [ -87.606027539782573, 19.235056139652976 ], [ -87.60322091993342, 19.236920829733414 ], [ -87.601949659594695, 19.235847249335649 ] ] ], [ [ [ -87.573503489641212, 19.397024979556061 ], [ -87.565448679526085, 19.397258719603812 ], [ -87.56554689030115, 19.393705319838073 ], [ -87.573503489641212, 19.397024979556061 ] ] ], [ [ [ -87.661849510042131, 19.504691749408622 ], [ -87.658761579522846, 19.506961709538523 ], [ -87.65961678007487, 19.504022089760067 ], [ -87.661849510042131, 19.504691749408622 ] ] ], [ [ [ -87.661630140395019, 19.509291629022563 ], [ -87.657205110139799, 19.515551029819033 ], [ -87.657287799602798, 19.517131949313708 ], [ -87.656414430386448, 19.515635169632571 ], [ -87.657826119944687, 19.511256919475212 ], [ -87.661630140395019, 19.509291629022563 ] ] ], [ [ [ -87.576960000337564, 19.564747979696374 ], [ -87.576901780255767, 19.566034139369119 ], [ -87.576123260085751, 19.566284019582426 ], [ -87.576960000337564, 19.564747979696374 ] ] ], [ [ [ -87.567496000211563, 19.577163139851539 ], [ -87.566508740459369, 19.576967449298859 ], [ -87.567443569537176, 19.576590319628657 ], [ -87.567496000211563, 19.577163139851539 ] ] ], [ [ [ -87.561913710158294, 19.580134579667156 ], [ -87.562259479855157, 19.580769969743159 ], [ -87.561509850336137, 19.581157769017377 ], [ -87.561913710158294, 19.580134579667156 ] ] ], [ [ [ -87.558208579986896, 19.583149519856079 ], [ -87.557712369593034, 19.583565429600238 ], [ -87.557696689917933, 19.583282519779413 ], [ -87.558208579986896, 19.583149519856079 ] ] ], [ [ [ -87.648425079704339, 19.587249629746466 ], [ -87.647197710176457, 19.586853859456941 ], [ -87.648521910100953, 19.58698299970661 ], [ -87.648425079704339, 19.587249629746466 ] ] ], [ [ [ -87.660051220236483, 19.587809139682072 ], [ -87.659125969770287, 19.58753051956289 ], [ -87.659983459928753, 19.587475578979749 ], [ -87.660051220236483, 19.587809139682072 ] ] ], [ [ [ -87.638835260176961, 19.587476319172694 ], [ -87.636400229567997, 19.589346049408999 ], [ -87.635882260131623, 19.588626539143611 ], [ -87.638835260176961, 19.587476319172694 ] ] ], [ [ [ -87.713045850137419, 19.58974627933782 ], [ -87.690584489778146, 19.587930539304178 ], [ -87.675456689710998, 19.587406509798246 ], [ -87.694665290400948, 19.58723414952955 ], [ -87.713045850137419, 19.58974627933782 ] ] ], [ [ [ -87.679103880301994, 19.641625259486958 ], [ -87.678868029880547, 19.646677819577871 ], [ -87.67325427998037, 19.642194569090154 ], [ -87.679103880301994, 19.641625259486958 ] ] ], [ [ [ -87.700018480170996, 19.645016059737564 ], [ -87.69673642964429, 19.644480769404392 ], [ -87.698720449842753, 19.642282139595384 ], [ -87.700018480170996, 19.645016059737564 ] ] ], [ [ [ -87.709563080048397, 19.650105689723961 ], [ -87.705456090403885, 19.64553436900934 ], [ -87.713454149565152, 19.648786019521943 ], [ -87.709563080048397, 19.650105689723961 ] ] ], [ [ [ -87.439241579758573, 18.428457339143172 ], [ -87.447398770062051, 18.460041459754116 ], [ -87.44426620016813, 18.462582819239156 ], [ -87.439241579758573, 18.428457339143172 ] ] ], [ [ [ -87.445371890165319, 18.474970569417934 ], [ -87.445049489952325, 18.500696969740666 ], [ -87.440579820397417, 18.518692849106319 ], [ -87.445371890165319, 18.474970569417934 ] ] ], [ [ [ -87.434605550005401, 18.55897268927173 ], [ -87.439209090383457, 18.560361379423831 ], [ -87.43673875014629, 18.562318399188257 ], [ -87.434605550005401, 18.55897268927173 ] ] ], [ [ [ -87.438492179635645, 18.58497484978195 ], [ -87.435565220092656, 18.588939399336763 ], [ -87.436610399633992, 18.58218604961225 ], [ -87.438492179635645, 18.58497484978195 ] ] ], [ [ [ -87.440738049844455, 18.596886029054915 ], [ -87.440825550108499, 18.612871799634014 ], [ -87.438041449926473, 18.612815219667034 ], [ -87.440738049844455, 18.596886029054915 ] ] ], [ [ [ -87.471243999699695, 19.334828308983791 ], [ -87.464270199990082, 19.328953859070246 ], [ -87.465541820238997, 19.326554219881334 ], [ -87.471243999699695, 19.334828308983791 ] ] ], [ [ [ -87.518427910251063, 19.370812649855882 ], [ -87.483443860122748, 19.344475049324394 ], [ -87.479267600161876, 19.335405719614581 ], [ -87.518427910251063, 19.370812649855882 ] ] ], [ [ [ -87.54939548966594, 19.412374549493965 ], [ -87.555504519768149, 19.410702749162734 ], [ -87.554438650119863, 19.413714779559484 ], [ -87.54939548966594, 19.412374549493965 ] ] ], [ [ [ -87.497718309824208, 19.592584799061708 ], [ -87.499254969704481, 19.591270889444615 ], [ -87.499331889528307, 19.592617969431021 ], [ -87.497718309824208, 19.592584799061708 ] ] ], [ [ [ -87.462320800110561, 19.596695319047459 ], [ -87.464650349660062, 19.597701459345416 ], [ -87.463517620069126, 19.598381979072702 ], [ -87.462320800110561, 19.596695319047459 ] ] ], [ [ [ -87.490338479783645, 19.597634919671574 ], [ -87.493906550000645, 19.595140599690275 ], [ -87.490819060345927, 19.598880569147461 ], [ -87.490338479783645, 19.597634919671574 ] ] ], [ [ [ -87.458266679592128, 19.596136179367793 ], [ -87.455411910344537, 19.598176289230953 ], [ -87.454691940499757, 19.596488399029532 ], [ -87.458266679592128, 19.596136179367793 ] ] ], [ [ [ -87.462213570371702, 19.599180399295541 ], [ -87.472470799622656, 19.601413319260882 ], [ -87.464847939839345, 19.603348259242313 ], [ -87.462213570371702, 19.599180399295541 ] ] ], [ [ [ -87.493872540449587, 19.605757619109045 ], [ -87.48151764963076, 19.597432279107228 ], [ -87.494409479915177, 19.603614719602678 ], [ -87.493872540449587, 19.605757619109045 ] ] ], [ [ [ -87.494296290104273, 19.607111848964397 ], [ -87.492764349573221, 19.611299479720689 ], [ -87.492286510445027, 19.610957379357988 ], [ -87.494296290104273, 19.607111848964397 ] ] ], [ [ [ -87.523008080339423, 19.613208229633106 ], [ -87.520876580326004, 19.606248379789875 ], [ -87.523423649822405, 19.60474517948813 ], [ -87.523008080339423, 19.613208229633106 ] ] ], [ [ [ -87.466403249838876, 19.606958619331049 ], [ -87.465115220086503, 19.613286859358425 ], [ -87.463899620409663, 19.605157779356158 ], [ -87.466403249838876, 19.606958619331049 ] ] ], [ [ [ -87.515031859718704, 19.628930429802892 ], [ -87.520019199679126, 19.622825489398551 ], [ -87.520667140443962, 19.623187479038339 ], [ -87.519057879746782, 19.628573079465134 ], [ -87.515031859718704, 19.628930429802892 ] ] ], [ [ [ -87.459966200173923, 19.695500149489245 ], [ -87.462268350128511, 19.69248017919006 ], [ -87.464271380379571, 19.694702539281856 ], [ -87.459966200173923, 19.695500149489245 ] ] ], [ [ [ -87.465447750053741, 19.698316749807574 ], [ -87.468167370141529, 19.6947712489699 ], [ -87.468107799964486, 19.698983939737445 ], [ -87.465447750053741, 19.698316749807574 ] ] ], [ [ [ -87.478186379498041, 19.704271569598163 ], [ -87.469932890285435, 19.703172679382895 ], [ -87.468314149732876, 19.699173738973894 ], [ -87.478186379498041, 19.704271569598163 ] ] ], [ [ [ -87.479531110133308, 19.703957819589338 ], [ -87.478639319606472, 19.704933379285571 ], [ -87.478515450207055, 19.703864049821686 ], [ -87.479531110133308, 19.703957819589338 ] ] ], [ [ [ -87.505954569889482, 19.710558199629819 ], [ -87.485301170299508, 19.707540629621647 ], [ -87.479742479566241, 19.704631619455835 ], [ -87.505954569889482, 19.710558199629819 ] ] ], [ [ [ -87.391978749741185, 18.374469249600207 ], [ -87.392625200252155, 18.380161379602299 ], [ -87.387799920316766, 18.375371319127449 ], [ -87.391978749741185, 18.374469249600207 ] ] ], [ [ [ -87.399507090107647, 18.379801279866442 ], [ -87.408394149908617, 18.380289259605981 ], [ -87.408051489722993, 18.390481169478207 ], [ -87.399507090107647, 18.379801279866442 ] ] ], [ [ [ -87.412511050286128, 18.391037249367681 ], [ -87.418617779979513, 18.400206049250308 ], [ -87.411550890277027, 18.392069849710087 ], [ -87.412511050286128, 18.391037249367681 ] ] ], [ [ [ -87.429154939517659, 18.404798019718069 ], [ -87.426038829675534, 18.405466709341514 ], [ -87.426975339718197, 18.402873479386393 ], [ -87.429154939517659, 18.404798019718069 ] ] ], [ [ [ -87.438046219684281, 18.422553029269476 ], [ -87.434143740097369, 18.420927089431729 ], [ -87.438914949914746, 18.419300399501513 ], [ -87.438046219684281, 18.422553029269476 ] ] ], [ [ [ -87.380962879871902, 18.374795119839828 ], [ -87.332160460045614, 18.443774629713591 ], [ -87.337019829769133, 18.523015089123216 ], [ -87.314425679560898, 18.555453169305746 ], [ -87.330983630368081, 18.526431739693084 ], [ -87.322931460241946, 18.456561119152656 ], [ -87.359483939546536, 18.38748224931695 ], [ -87.380962879871902, 18.374795119839828 ] ] ], [ [ [ -87.309265740027143, 18.603517549120369 ], [ -87.317792569728155, 18.577812599299552 ], [ -87.341030310494688, 18.573497879182383 ], [ -87.3205273201837, 18.598811689149059 ], [ -87.309265740027143, 18.603517549120369 ] ] ], [ [ [ -87.437660110139078, 18.623457349246205 ], [ -87.42307101967414, 18.659160778967276 ], [ -87.420278600034521, 18.660005399446774 ], [ -87.437660110139078, 18.623457349246205 ] ] ], [ [ [ -87.410061600132707, 18.676394309187465 ], [ -87.397836570107359, 18.708820709501019 ], [ -87.394730999967024, 18.711881598984274 ], [ -87.410061600132707, 18.676394309187465 ] ] ], [ [ [ -87.392691460390864, 18.723169019647077 ], [ -87.387675920296502, 18.722330819667935 ], [ -87.392496739617926, 18.720220119337721 ], [ -87.392691460390864, 18.723169019647077 ] ] ], [ [ [ -87.387515140022856, 18.732523879852888 ], [ -87.383995280227296, 18.732529859112869 ], [ -87.386907029890281, 18.73075045932433 ], [ -87.387515140022856, 18.732523879852888 ] ] ], [ [ [ -87.306889089667067, 18.739714489527902 ], [ -87.303401370046046, 18.738507339754356 ], [ -87.305733770039183, 18.73760967961114 ], [ -87.306889089667067, 18.739714489527902 ] ] ], [ [ [ -87.378811419591401, 18.738416969759253 ], [ -87.376405350107405, 18.749527799119889 ], [ -87.372378149677047, 18.753031579257172 ], [ -87.378811419591401, 18.738416969759253 ] ] ], [ [ [ -87.318227289996642, 18.747863659747726 ], [ -87.315200249912934, 18.746034829658903 ], [ -87.316637350191172, 18.745249539338918 ], [ -87.318227289996642, 18.747863659747726 ] ] ], [ [ [ -87.302687019776926, 18.750176479544439 ], [ -87.298335550257306, 18.748260199436281 ], [ -87.303436279910201, 18.744803199189136 ], [ -87.302687019776926, 18.750176479544439 ] ] ], [ [ [ -87.320318319770777, 18.755925979147854 ], [ -87.319021399565983, 18.753349079170622 ], [ -87.32183909026098, 18.753997049169428 ], [ -87.320318319770777, 18.755925979147854 ] ] ], [ [ [ -87.327222370409089, 18.754805449654381 ], [ -87.328974980161433, 18.763870369273228 ], [ -87.326728180139327, 18.764960999835054 ], [ -87.327222370409089, 18.754805449654381 ] ] ], [ [ [ -87.321941599764017, 18.758921748980619 ], [ -87.320372340203448, 18.762167939606041 ], [ -87.320990799788746, 18.758636349549732 ], [ -87.321941599764017, 18.758921748980619 ] ] ], [ [ [ -87.357773119540283, 18.766815749359683 ], [ -87.353426599637231, 18.768998879498017 ], [ -87.357496419702244, 18.764906339596759 ], [ -87.357773119540283, 18.766815749359683 ] ] ], [ [ [ -87.319342119800552, 18.766632199251529 ], [ -87.318100520059247, 18.77012381969822 ], [ -87.317471709779028, 18.766651029664683 ], [ -87.319342119800552, 18.766632199251529 ] ] ], [ [ [ -87.361101940070739, 18.771975079130168 ], [ -87.356583170159453, 18.772873879883615 ], [ -87.361487420331756, 18.769828399484162 ], [ -87.361101940070739, 18.771975079130168 ] ] ], [ [ [ -87.349129599710267, 18.778047889320881 ], [ -87.340181889806871, 18.786225679576205 ], [ -87.339119280137751, 18.786112829026955 ], [ -87.349129599710267, 18.778047889320881 ] ] ], [ [ [ -87.278864340162244, 18.737850799790735 ], [ -87.245254490197254, 18.681935969889672 ], [ -87.247395459824901, 18.645268309565132 ], [ -87.264536059639426, 18.618789029480233 ], [ -87.252721600020749, 18.667403829378674 ], [ -87.278864340162244, 18.737850799790735 ] ] ], [ [ [ -87.281200460420479, 18.742968319024119 ], [ -87.279378749965161, 18.741704219013485 ], [ -87.280200690128964, 18.740046979436929 ], [ -87.281200460420479, 18.742968319024119 ] ] ], [ [ [ -87.290564829802918, 18.753452019270139 ], [ -87.289016180226767, 18.75437482975644 ], [ -87.289592250251744, 18.751536509388817 ], [ -87.290564829802918, 18.753452019270139 ] ] ], [ [ [ -86.726939199708895, 20.592156779376754 ], [ -86.79356274976665, 20.464839149560678 ], [ -86.830586970371442, 20.438061079490108 ], [ -86.898466539589066, 20.344187579635921 ], [ -86.994375749629668, 20.274540709620034 ], [ -87.017024859363858, 20.299398002323834 ], [ -87.01706143231398, 20.41217043810347 ], [ -86.926218724678236, 20.552528242569302 ], [ -86.896964020303187, 20.565580079609948 ], [ -86.864982926859454, 20.537199960053687 ], [ -86.768712029847364, 20.560635289373849 ], [ -86.726939199708895, 20.592156779376754 ] ] ], [ [ [ -86.865945950076082, 20.547944919670044 ], [ -86.85916498025648, 20.547503739570779 ], [ -86.859086599764126, 20.547185819610334 ], [ -86.862899289931178, 20.545733119277973 ], [ -86.865945950076082, 20.547944919670044 ] ] ], [ [ [ -86.748582289602496, 21.264453739306997 ], [ -86.73892777022391, 21.245508679122846 ], [ -86.710405279883574, 21.201453539381891 ], [ -86.71844664966558, 21.205545219363767 ], [ -86.742552580039984, 21.234361369519078 ], [ -86.730135109897859, 21.221375679169117 ], [ -86.748582289602496, 21.264453739306997 ] ] ], [ [ [ -86.854340850210349, 21.433365089729609 ], [ -86.870446819660287, 21.428678799154746 ], [ -86.878517890098109, 21.420434169017831 ], [ -86.888328909704072, 21.416807519586705 ], [ -86.874821170414137, 21.426330919486677 ], [ -86.883585570370116, 21.433994149824155 ], [ -86.854340850210349, 21.433365089729609 ] ] ], [ [ [ -86.913194519641038, 21.449317488915149 ], [ -86.901934370099241, 21.457299049074336 ], [ -86.903937479961357, 21.451126479108577 ], [ -86.913194519641038, 21.449317488915149 ] ] ], [ [ [ -86.93401142962648, 21.466821109001479 ], [ -86.931797429865455, 21.474205819034164 ], [ -86.92756174018858, 21.46805253897816 ], [ -86.93401142962648, 21.466821109001479 ] ] ], [ [ [ -86.923711290174126, 21.477700179494935 ], [ -86.911223320377829, 21.469419519147142 ], [ -86.911786250058341, 21.466355969609825 ], [ -86.923711290174126, 21.477700179494935 ] ] ], [ [ [ -86.803785740425184, 21.531732979412119 ], [ -86.791523080035191, 21.494037649319989 ], [ -86.784222780033431, 21.45799936911272 ], [ -86.803785740425184, 21.531732979412119 ] ] ], [ [ [ -86.97750780034356, 21.535505679190191 ], [ -86.971999940198671, 21.528829449819412 ], [ -86.974673089624034, 21.526391718870087 ], [ -86.97750780034356, 21.535505679190191 ] ] ], [ [ [ -87.105562030417175, 21.599767629415076 ], [ -87.129533229598096, 21.56836408916865 ], [ -87.209942259788917, 21.519644599712162 ], [ -87.261604189643947, 21.529834530160105 ], [ -87.289846419714706, 21.511123309298164 ], [ -87.328522864430326, 21.549157508896538 ], [ -87.371829904614231, 21.509781857522892 ], [ -87.397251074589462, 21.511242608588709 ], [ -87.334921949642336, 21.5661799191545 ], [ -87.249611180343848, 21.540188449791597 ], [ -87.154686599599984, 21.567952579333753 ], [ -87.103863319962741, 21.605504139358946 ], [ -87.057492659529643, 21.592685819323346 ], [ -87.049277399520136, 21.589621419416893 ], [ -87.046184449612269, 21.585134089171532 ], [ -87.105562030417175, 21.599767629415076 ] ] ], [ [ [ -87.009125450075587, 21.566321769762837 ], [ -87.003656680248454, 21.562060149315407 ], [ -87.009340920454221, 21.559708949238416 ], [ -87.009125450075587, 21.566321769762837 ] ] ], [ [ [ -87.024246829881719, 21.57489411951958 ], [ -87.020697089668914, 21.568782079195838 ], [ -87.025436630141741, 21.57421041953452 ], [ -87.024246829881719, 21.57489411951958 ] ] ], [ [ [ -87.042097150280895, 21.584691859610174 ], [ -86.999985819520234, 21.571380349343801 ], [ -86.992513059503096, 21.563996109524783 ], [ -87.042097150280895, 21.584691859610174 ] ] ] ] } },
{ "type": "Feature", "properties": { "name": "San Luis Potosí" }, "geometry": { "type": "Polygon", "coordinates": [ [ [ -99.188175060463593, 21.670005429215227 ], [ -99.217697549991357, 21.666646479665797 ], [ -99.243496450194854, 21.615057168983412 ], [ -99.28071705043368, 21.607903369546612 ], [ -99.274401910069528, 21.565323259681897 ], [ -99.305488650011313, 21.532914289042353 ], [ -99.375906850249351, 21.547930579125001 ], [ -99.371976217682359, 21.507104089708072 ], [ -99.386708169522919, 21.50037293898388 ], [ -99.404646169982485, 21.428926179698799 ], [ -99.435708149623522, 21.449833249189755 ], [ -99.469129199959696, 21.446755649367905 ], [ -99.503813999756275, 21.418562999290565 ], [ -99.55290040008552, 21.429068719466255 ], [ -99.549345199753546, 21.447067719083179 ], [ -99.625800779880919, 21.507301909613801 ], [ -99.659541970362895, 21.567945229471572 ], [ -99.746743200403401, 21.578363289173819 ], [ -99.749292259577032, 21.523173478954234 ], [ -99.791775460335145, 21.474817888997507 ], [ -99.817074119880019, 21.461690819715642 ], [ -99.839181350473552, 21.462385629525073 ], [ -99.834928890443777, 21.478115949287385 ], [ -99.863775380013365, 21.474310289741577 ], [ -99.905174119552242, 21.448159149532056 ], [ -99.943168780262326, 21.461783769033719 ], [ -99.942333119604612, 21.449619819299091 ], [ -99.959346020166819, 21.483513739374953 ], [ -99.945705289730483, 21.497431689155 ], [ -99.96511059987688, 21.505121379628008 ], [ -99.956822289881714, 21.526227079139904 ], [ -100.062276049638498, 21.523305479326602 ], [ -100.075843690172874, 21.557931679222069 ], [ -100.147194800210286, 21.618125309053354 ], [ -100.171443049679297, 21.60126633947052 ], [ -100.179634739863232, 21.650790489317242 ], [ -100.246311490466283, 21.664932599538723 ], [ -100.272135459898209, 21.687346979217992 ], [ -100.435044250406861, 21.682718459101906 ], [ -100.485685200471764, 21.595277029420391 ], [ -100.460701980409112, 21.571210019753991 ], [ -100.461080279968954, 21.545334849130217 ], [ -100.533950020339603, 21.542326829276856 ], [ -100.614955000320094, 21.505789169108905 ], [ -100.614299310256541, 21.533134549134939 ], [ -100.635447320030622, 21.543191629803232 ], [ -100.657456079922611, 21.524717969732201 ], [ -100.68116791958316, 21.547504599311733 ], [ -100.717630230024639, 21.550231509795452 ], [ -100.734343800137594, 21.578726539106636 ], [ -100.809496110011722, 21.592049829545214 ], [ -100.857678250134967, 21.618986579176241 ], [ -100.834321490134371, 21.664558779792817 ], [ -100.865149879647603, 21.687079599196601 ], [ -100.870112180452963, 21.672493519051478 ], [ -100.9071833696363, 21.681636799510592 ], [ -100.921273459955572, 21.70027356929026 ], [ -100.912577569828827, 21.713648739222684 ], [ -100.981974369808526, 21.75352734924039 ], [ -101.059247969627648, 21.765520739343057 ], [ -101.161266979664347, 21.757505919070091 ], [ -101.219794630083584, 21.802200379549287 ], [ -101.217152339750541, 21.816077028954233 ], [ -101.289685459668206, 21.812139779051307 ], [ -101.319483939772709, 21.835334449384565 ], [ -101.47387340012645, 21.827391019420496 ], [ -101.496331250039233, 21.809939659133558 ], [ -101.503515280341119, 21.830123979199218 ], [ -101.483196229728591, 21.86768077951357 ], [ -101.440674830464403, 21.892716229209768 ], [ -101.441802859565257, 21.909337829335751 ], [ -101.434595920337557, 21.897065058908012 ], [ -101.410227619589577, 21.908693539167224 ], [ -101.429172859964609, 21.934361139316273 ], [ -101.373365719581017, 21.990249349423369 ], [ -101.326510289861162, 21.999728049462671 ], [ -101.352439290259809, 22.01308157896861 ], [ -101.34857244993384, 22.028071119272521 ], [ -101.327208480214438, 22.02149804937801 ], [ -101.351675000256435, 22.043789149680759 ], [ -101.365692290339609, 22.018548428991284 ], [ -101.382755370211967, 22.020737909777271 ], [ -101.369738319924366, 22.027517249240059 ], [ -101.377078369619042, 22.044962139267962 ], [ -101.346587279738017, 22.049690079733399 ], [ -101.354239739745324, 22.071735289275356 ], [ -101.327744979795909, 22.14411205942282 ], [ -101.351305939553455, 22.176759659408948 ], [ -101.324253149525958, 22.209893459584588 ], [ -101.376803820359115, 22.261655829395764 ], [ -101.416258920262109, 22.267345539274487 ], [ -101.391434950373196, 22.299901879512902 ], [ -101.435125419763551, 22.341533979497285 ], [ -101.432972350437765, 22.363276739083052 ], [ -101.381910550194362, 22.357485079107409 ], [ -101.374785749985506, 22.456458369552706 ], [ -101.31372633975343, 22.453490169766855 ], [ -101.285726380031832, 22.507855649114596 ], [ -101.305709080287372, 22.6099303096616 ], [ -101.336936969629491, 22.658756049346017 ], [ -101.359376089694393, 22.653532939556953 ], [ -101.380018250224509, 22.675834919404014 ], [ -101.349233919744464, 22.711779289084014 ], [ -101.411077078756804, 22.747680689751316 ], [ -101.490964539368235, 22.742877349674373 ], [ -101.497003599679019, 22.701541019556423 ], [ -101.567397999915585, 22.656776319446525 ], [ -101.573821020310817, 22.612816109085198 ], [ -101.595287320135853, 22.624072489440206 ], [ -101.590083150484261, 22.589035749267303 ], [ -101.659906459790193, 22.505320399778348 ], [ -101.696018490362562, 22.520422109478648 ], [ -101.746175079593783, 22.50869325935091 ], [ -101.73536074995009, 22.480214949682303 ], [ -101.77153528968617, 22.48816331924267 ], [ -101.783360739683729, 22.465033828960905 ], [ -101.837141050090736, 22.499692139031293 ], [ -101.819891520370476, 22.551294708977821 ], [ -101.872957709512534, 22.563073348925474 ], [ -101.853284229865494, 22.656025109635632 ], [ -101.939756029915827, 22.645725488924555 ], [ -102.12489687957013, 22.782952198895941 ], [ -102.192131770466432, 22.864902059503297 ], [ -102.238081650070029, 23.047643879180377 ], [ -102.260050970474495, 23.045915509707434 ], [ -102.214154630253205, 23.131319859109805 ], [ -102.240974029651213, 23.169380429412413 ], [ -102.239457709622812, 23.209493289096347 ], [ -102.289368980486259, 23.231690939739764 ], [ -102.285825480287599, 23.273320139441946 ], [ -102.244672119552092, 23.276768749365466 ], [ -102.231596849920081, 23.315116349329276 ], [ -102.26953366007119, 23.279912878985648 ], [ -102.296038419876382, 23.320501288989675 ], [ -102.253611480088225, 23.364955889168563 ], [ -102.238150310263535, 23.44690142949419 ], [ -102.193615220040328, 23.447599109537659 ], [ -102.191342260418551, 23.401387919372144 ], [ -102.168614970090374, 23.39890751893676 ], [ -102.168799120069764, 23.361025649259304 ], [ -102.122532459867315, 23.353860089102298 ], [ -102.011943830367187, 23.372748549438949 ], [ -101.775122450188888, 23.447629348966416 ], [ -101.192504950261196, 23.918559139660672 ], [ -101.216746380118281, 24.159731909168475 ], [ -101.065401519825215, 24.207021109055294 ], [ -101.012688679637478, 24.390819139352413 ], [ -100.987327049792739, 24.432519318921472 ], [ -101.009868279774523, 24.385117368948801 ], [ -101.006674630106488, 24.335834779566731 ], [ -100.945285980234047, 24.28119588938138 ], [ -100.850383079932215, 24.343538539460905 ], [ -100.711210090288958, 24.491521829594923 ], [ -100.603533340362091, 24.401300058886925 ], [ -100.599935519995, 24.348791049586541 ], [ -100.633066479594873, 24.225980249188598 ], [ -100.585092909768207, 24.223925429248052 ], [ -100.593512539941173, 24.178200249735092 ], [ -100.613399889596266, 24.173944178929013 ], [ -100.516827490200754, 24.13989667904379 ], [ -100.519580020251908, 24.118382339180403 ], [ -100.538683260081001, 24.118516028970948 ], [ -100.523758999822846, 24.071454948895806 ], [ -100.562401619890252, 23.919641079411022 ], [ -100.546767799638317, 23.917436619503139 ], [ -100.539845620186, 23.888393058974415 ], [ -100.550298690133673, 23.842202579657684 ], [ -100.525529950346098, 23.839525909137681 ], [ -100.528791430287598, 23.816352629637418 ], [ -100.497601720262949, 23.79871268940385 ], [ -100.497706279931819, 23.73630970930887 ], [ -100.466483279842024, 23.688941029401921 ], [ -100.447100429872023, 23.696534519341622 ], [ -100.449844600358276, 23.656008939127037 ], [ -100.477378629642715, 23.633818689516058 ], [ -100.491636889683903, 23.568612509241934 ], [ -100.469544950274809, 23.56678310927267 ], [ -100.459176110230274, 23.511566109653344 ], [ -100.494168679954669, 23.5284063990036 ], [ -100.517211320411718, 23.421042849122991 ], [ -100.457083249917375, 23.366409599756519 ], [ -100.479849679542255, 23.194365349593159 ], [ -100.331757940369627, 23.1626831792878 ], [ -100.32351520039758, 23.195627449407297 ], [ -100.363764309811472, 23.189005379347616 ], [ -100.374316570057246, 23.265323819346722 ], [ -100.306256939586689, 23.260942118910449 ], [ -100.278434980075232, 23.3103683996627 ], [ -100.206364230241647, 23.307108859430752 ], [ -100.228236510049129, 23.250476149098741 ], [ -100.103813350303668, 23.231535379671236 ], [ -100.118286169148718, 23.200545310181386 ], [ -100.115597260137733, 23.125989889600564 ], [ -100.068742968608021, 23.121156259407734 ], [ -100.069029110261866, 23.095941779633737 ], [ -100.011252220211119, 23.063920579436079 ], [ -100.062097419612982, 23.039843659189582 ], [ -100.071655780189957, 22.997357199124707 ], [ -100.097455310192572, 23.013090969218972 ], [ -100.089421019760394, 22.96875747950757 ], [ -100.110846950053585, 22.975718969315007 ], [ -100.110383629615924, 22.916714419029667 ], [ -100.044239080387911, 22.917892399672755 ], [ -100.029384200445151, 22.824393548940893 ], [ -100.101920399600971, 22.762792748985213 ], [ -100.094059939550192, 22.75126516945182 ], [ -100.022343260255013, 22.725924549691385 ], [ -99.956958139704099, 22.751666519445628 ], [ -99.882396980274621, 22.749862309529622 ], [ -99.842819000471025, 22.730557199362607 ], [ -99.847923570269955, 22.678435109566692 ], [ -99.814028980120824, 22.660765779776099 ], [ -99.724085169803573, 22.659608399701899 ], [ -99.682535459728797, 22.681124709080418 ], [ -99.560638290151545, 22.641220489442571 ], [ -99.534691910035946, 22.612764649362656 ], [ -99.494536369549053, 22.620868629749221 ], [ -99.544327380444713, 22.744140148891724 ], [ -99.49678850962232, 22.748497948917976 ], [ -99.477126830082241, 22.740637219134335 ], [ -99.442052880321299, 22.663615709524585 ], [ -99.385553110077439, 22.670268459094711 ], [ -99.373200480067609, 22.629077678951845 ], [ -99.329617679656209, 22.634887778978399 ], [ -99.236838750213465, 22.412861999415231 ], [ -99.060399449537499, 22.415268519723956 ], [ -98.931972719781058, 22.392775139409455 ], [ -98.925544860418654, 22.371746779121931 ], [ -98.889997249592014, 22.35509350971909 ], [ -98.872289490001975, 22.367412979343989 ], [ -98.821467319733387, 22.356255799477246 ], [ -98.758019489528934, 22.366532569428301 ], [ -98.676661579882548, 22.408932848977003 ], [ -98.681546600080523, 22.371574859259223 ], [ -98.579315820465084, 22.37775693894978 ], [ -98.579290650299313, 22.34862810926634 ], [ -98.535214519993573, 22.337878309037979 ], [ -98.475908379789203, 22.288639799083317 ], [ -98.446659030070805, 22.305621279067104 ], [ -98.430371519842126, 22.274602918898943 ], [ -98.396378110250453, 22.276261909753245 ], [ -98.40509330959722, 22.256076288891467 ], [ -98.368136680031469, 22.255373109107396 ], [ -98.374555850274675, 22.236079399619545 ], [ -98.325967050247115, 22.243052799251938 ], [ -98.352261219529879, 22.222798778973193 ], [ -98.330413179901399, 22.201344449607106 ], [ -98.336545020013929, 22.187693249502395 ], [ -98.432016719621984, 22.12826537969292 ], [ -98.438737059963572, 22.111914939472168 ], [ -98.418825059510098, 22.098019219454294 ], [ -98.439452120251048, 22.075647089330744 ], [ -98.434649219503115, 22.05166901977681 ], [ -98.459544480459812, 21.995169059251108 ], [ -98.481476369953342, 21.990514029526555 ], [ -98.468805769764273, 21.964601319184354 ], [ -98.493203369683997, 21.960411599637762 ], [ -98.522000370397137, 21.979430679120615 ], [ -98.550665019529475, 21.960750059699841 ], [ -98.578839110248751, 21.966092249516645 ], [ -98.5660198501011, 21.937644419620998 ], [ -98.515597340205929, 21.951267828963225 ], [ -98.503145659961532, 21.936626419564032 ], [ -98.500452249599519, 21.923148519574475 ], [ -98.54384704965257, 21.932117459765589 ], [ -98.545874230448618, 21.91734793955694 ], [ -98.510797509832784, 21.908697048906308 ], [ -98.520200950461145, 21.896986339295374 ], [ -98.538202970033794, 21.905808219334716 ], [ -98.548033540360819, 21.860105089774166 ], [ -98.528858380261809, 21.863175119684566 ], [ -98.514481139652517, 21.823893429283089 ], [ -98.486320449607277, 21.836268509657117 ], [ -98.493118920398658, 21.813940319006672 ], [ -98.475038290364182, 21.814192049716723 ], [ -98.454700109981161, 21.766426689713057 ], [ -98.467596950017608, 21.770698139366953 ], [ -98.476924180180788, 21.745219259233938 ], [ -98.504218920032855, 21.738048089762103 ], [ -98.498946220424187, 21.727242779121138 ], [ -98.516674200426763, 21.716850509077599 ], [ -98.537410509927852, 21.720624249435161 ], [ -98.520531690135158, 21.710231459304161 ], [ -98.530741570287134, 21.697274539776977 ], [ -98.543840570452872, 21.723393879084366 ], [ -98.567434709516348, 21.717367739303317 ], [ -98.558255479984851, 21.687671859240719 ], [ -98.579200629871494, 21.671947779619082 ], [ -98.62199696981186, 21.682382569447508 ], [ -98.609470480240248, 21.667229088972164 ], [ -98.643630690206749, 21.631681709202905 ], [ -98.621127000280879, 21.627822149431328 ], [ -98.625746660236004, 21.585456049547098 ], [ -98.602247419761824, 21.540430819459232 ], [ -98.532255859617294, 21.501139519073739 ], [ -98.516913059706724, 21.460701709716389 ], [ -98.521636449841537, 21.404748539504116 ], [ -98.503352429994919, 21.391451878953923 ], [ -98.511425799907258, 21.362513139590781 ], [ -98.549566480107785, 21.384598429707221 ], [ -98.599236950245384, 21.358425368980711 ], [ -98.644046649595978, 21.366539459065372 ], [ -98.652750149818033, 21.346844179510704 ], [ -98.683582740208891, 21.34196393927289 ], [ -98.595481140387591, 21.28457487958536 ], [ -98.617976550106405, 21.194284879247505 ], [ -98.650695579539047, 21.18093647961096 ], [ -98.682660060016687, 21.200637859254567 ], [ -98.701820089544881, 21.160771139152789 ], [ -98.705233140021235, 21.187196829857125 ], [ -98.727660769775198, 21.179549420223292 ], [ -98.741618259579624, 21.192760488922996 ], [ -98.772921380222996, 21.171968770305135 ], [ -98.808143199600551, 21.193244909175029 ], [ -98.788795429903999, 21.16638557976896 ], [ -98.821188079834855, 21.160400149698745 ], [ -98.857399800090477, 21.189264220453634 ], [ -98.882658820252843, 21.179610879376998 ], [ -98.944960750287379, 21.311336579579148 ], [ -99.043453379781099, 21.279433019328497 ], [ -99.082990749694005, 21.296346889207737 ], [ -99.104345349764202, 21.289597859739811 ], [ -99.127558890409929, 21.318336548999053 ], [ -99.102948850020923, 21.321194429158957 ], [ -99.137829580206045, 21.329791889554659 ], [ -99.129455519816858, 21.362046249191604 ], [ -99.092620750292454, 21.363360479077553 ], [ -99.142282199511939, 21.535439549520049 ], [ -99.128297369644471, 21.589817049272305 ], [ -99.171895510202759, 21.627031479295237 ], [ -99.188175060463593, 21.670005429215227 ] ] ] } },
{ "type": "Feature", "properties": { "name": "Sinaloa" }, "geometry": { "type": "MultiPolygon", "coordinates": [ [ [ [ -107.207816570355817, 25.331564228930421 ], [ -107.121057118538559, 25.243111219082028 ], [ -107.148774799055047, 25.224548138916433 ], [ -107.124918548918544, 25.186639829413302 ], [ -107.12989162963801, 25.053138799485343 ], [ -107.063571289028104, 25.025255349239863 ], [ -107.018343909544924, 24.933617369370786 ], [ -107.021052879639711, 24.909908279460982 ], [ -107.000575430159614, 24.92824101959647 ], [ -106.934507649802981, 24.880535848872345 ], [ -106.927080258669022, 24.866624379242747 ], [ -106.951418108564752, 24.859023719002536 ], [ -106.93066256989097, 24.820916679712276 ], [ -106.865852879669575, 24.822955338880497 ], [ -106.705948369794342, 24.665261659341361 ], [ -106.645460659663925, 24.528979458963999 ], [ -106.622607000297918, 24.524896678943726 ], [ -106.630067079994504, 24.506503138838291 ], [ -106.560015800449989, 24.472710619584618 ], [ -106.56927602006671, 24.437020579109763 ], [ -106.601588309836202, 24.414565849584754 ], [ -106.527991220454865, 24.295123738952839 ], [ -106.469654660443595, 24.277856949266297 ], [ -106.367544660213994, 24.301940799008257 ], [ -106.33632981959218, 24.355695319452934 ], [ -106.268869419687945, 24.374755289087368 ], [ -106.169975200462005, 24.333650179651844 ], [ -106.152539620345721, 24.338770369429607 ], [ -106.075843230012467, 24.27138919898356 ], [ -106.069948349683514, 24.220200578954614 ], [ -106.043883570137638, 24.220850348851641 ], [ -105.989574849976776, 24.11393102937458 ], [ -106.007883450232441, 24.072506629671231 ], [ -105.998719739904018, 24.043383139386624 ], [ -105.912135849963903, 23.997533858940997 ], [ -105.908461579676981, 23.983426629607152 ], [ -105.945415060067546, 23.948025689378461 ], [ -105.899919399881909, 23.943921289013801 ], [ -105.857587950495855, 23.899296149507709 ], [ -105.867241320219023, 23.875242979542616 ], [ -105.95366198021344, 23.908584578860751 ], [ -105.961265569714172, 23.840742149432231 ], [ -105.92306290841185, 23.747753772361282 ], [ -105.906093347026527, 23.739398852359727 ], [ -105.926633748567511, 23.684135662186652 ], [ -105.892655377559748, 23.552645279950156 ], [ -105.88431791009674, 23.590393858992599 ], [ -105.853596020056543, 23.597287598862785 ], [ -105.845185820410109, 23.583694829306193 ], [ -105.845516019729587, 23.603255539152059 ], [ -105.811643889682585, 23.611028549476877 ], [ -105.769302229572276, 23.55646530913431 ], [ -105.760338580260239, 23.502959289277669 ], [ -105.723444780190874, 23.474840138930421 ], [ -105.738864629519469, 23.445205509061122 ], [ -105.700288749579371, 23.4201705793411 ], [ -105.730689660299376, 23.374897289613305 ], [ -105.694004740120292, 23.340569219176238 ], [ -105.687084110251377, 23.287520019517938 ], [ -105.643208400367726, 23.27647908971662 ], [ -105.629712519847558, 23.202294519543855 ], [ -105.646179259529006, 23.14889057888929 ], [ -105.623969569522515, 23.122388089212023 ], [ -105.554309079957306, 23.098886658946459 ], [ -105.504033750180866, 23.127729419415267 ], [ -105.424427380349627, 23.120292319057967 ], [ -105.392219999741883, 23.085157478949188 ], [ -105.412996490074065, 23.074099199559601 ], [ -105.40895034036744, 23.023640818923525 ], [ -105.432594569786346, 23.023968799025212 ], [ -105.453311350362284, 22.977401799577127 ], [ -105.501263920396653, 22.958560048970508 ], [ -105.471219910045207, 22.883285949326108 ], [ -105.484201289928848, 22.858702969279111 ], [ -105.474588630379259, 22.851416019452802 ], [ -105.524772230140968, 22.774769889438808 ], [ -105.49806384979172, 22.651390749220543 ], [ -105.463963109981819, 22.659238309111643 ], [ -105.472680619579791, 22.627184999440168 ], [ -105.450458620172924, 22.626755478973092 ], [ -105.455986400386692, 22.598739089139396 ], [ -105.437599829821963, 22.584911849703538 ], [ -105.436294629892188, 22.53832148975826 ], [ -105.460836799818978, 22.50856811077783 ], [ -105.474060288431488, 22.502900429018133 ], [ -105.503179350052505, 22.527681859310174 ], [ -105.533596319969249, 22.515031229552278 ], [ -105.552516920456881, 22.539126769148449 ], [ -105.598288230385563, 22.536671139764326 ], [ -105.600476579658292, 22.558887799471542 ], [ -105.642158420444403, 22.59388864888188 ], [ -105.639212980392017, 22.576984579650507 ], [ -105.660562029606012, 22.586362979347623 ], [ -105.700072110474636, 22.56389822890473 ], [ -105.672649309863942, 22.474094979020972 ], [ -105.71411626034822, 22.474946059580954 ], [ -105.809374150197897, 22.637049384159901 ], [ -105.874265110903863, 22.711379180458607 ], [ -105.958205220203311, 22.786102548960713 ], [ -106.034497301106967, 22.829658311670467 ], [ -106.181975856077443, 22.998558028000453 ], [ -106.341358800050685, 23.14055067919579 ], [ -106.39818743375487, 23.183932221498246 ], [ -106.429990419648377, 23.176578369519312 ], [ -106.42189723198662, 23.215911277644423 ], [ -106.493899132231164, 23.304030782933399 ], [ -106.480340349993611, 23.314543618904139 ], [ -106.485479189186393, 23.333760287531685 ], [ -106.695465288042911, 23.569658982204537 ], [ -106.810923257856828, 23.652739741379232 ], [ -106.795710412320062, 23.683204139061381 ], [ -106.881764570401913, 23.795284749100432 ], [ -106.893300000375305, 23.841699998944318 ], [ -107.218995624530976, 24.121427867857669 ], [ -107.405210818709207, 24.232013939642599 ], [ -107.649449508276376, 24.40699550976667 ], [ -107.820581847633818, 24.500689901319344 ], [ -107.840792784139794, 24.550312510132102 ], [ -107.984796556450064, 24.639825001250507 ], [ -108.018925284325164, 24.68164086850042 ], [ -108.026211584269575, 24.736254864288544 ], [ -108.090789520621456, 24.816136036221021 ], [ -108.117995797456445, 24.828577459145638 ], [ -108.227836873320442, 25.018253812944117 ], [ -108.342292239683431, 25.111496735180118 ], [ -108.334372024569205, 25.124785188888769 ], [ -108.357452880412708, 25.169193830554875 ], [ -108.450281580332543, 25.256603599740117 ], [ -108.646912403456511, 25.342096943986672 ], [ -108.801471554717438, 25.37364058702352 ], [ -108.927753598611645, 25.424921169873681 ], [ -109.021030309000608, 25.438291918642733 ], [ -109.119223119561397, 25.544999310573612 ], [ -109.161744704138741, 25.561768460523972 ], [ -109.228055522835504, 25.626784853304894 ], [ -109.300096084441762, 25.645544523692418 ], [ -109.396981142999891, 25.638373535375084 ], [ -109.390499999837402, 25.669600001405474 ], [ -109.432457713175609, 25.807073347869345 ], [ -109.421154197959169, 25.860663039917245 ], [ -109.44469309018946, 25.94788726980325 ], [ -109.434118752851106, 25.997934676191871 ], [ -109.310287549137755, 26.202494689263148 ], [ -109.289423780556291, 26.275244736090261 ], [ -109.258324140274297, 26.319928430084534 ], [ -109.202537739119251, 26.344452550734268 ], [ -109.164943139438662, 26.306847340538177 ], [ -109.12523821885641, 26.297014339993424 ], [ -109.006443489230477, 26.402369889993683 ], [ -108.936522310179839, 26.39018025916339 ], [ -108.91011501996374, 26.421714519255577 ], [ -108.881392449654371, 26.406252479657464 ], [ -108.860339550118667, 26.432770149327336 ], [ -108.876107630139217, 26.447576429420618 ], [ -108.837762020362646, 26.472523309655568 ], [ -108.847479920276385, 26.487217449063252 ], [ -108.914669950112298, 26.479540019364407 ], [ -108.891317539536317, 26.489595309369065 ], [ -108.873152149586005, 26.551071429024258 ], [ -108.787723719885221, 26.565255749560823 ], [ -108.734292890291655, 26.59356808963863 ], [ -108.678830739518716, 26.587015089431794 ], [ -108.678987909843201, 26.642889449006816 ], [ -108.630366349973357, 26.676573449552713 ], [ -108.628385000248315, 26.718387119185117 ], [ -108.601023950040272, 26.727222509559571 ], [ -108.594188889723313, 26.759173429057356 ], [ -108.578329480338098, 26.762777088779902 ], [ -108.580849430413025, 26.789576579669923 ], [ -108.554033799737311, 26.779856978841131 ], [ -108.536912090086346, 26.798428709583085 ], [ -108.557043139521923, 26.823753319282311 ], [ -108.466977680263071, 26.970701849074754 ], [ -108.424270830044208, 26.976229829142238 ], [ -108.502486120069804, 26.987357029123292 ], [ -108.485762079628429, 27.037502429212388 ], [ -108.409640450057182, 27.013404949580444 ], [ -108.350109940024055, 27.022554428792642 ], [ -108.333326220469388, 27.00459630912745 ], [ -108.31655805043188, 27.034488349236138 ], [ -108.284216540266328, 27.01246561957802 ], [ -108.250447599478349, 27.041031488861226 ], [ -108.22585405044417, 27.027221349646283 ], [ -108.19876559977267, 27.035193658868547 ], [ -108.1815240195304, 26.994109919108816 ], [ -108.235015709869316, 26.958619849395394 ], [ -108.23023691012186, 26.905724579308643 ], [ -108.209717490027032, 26.88543764913296 ], [ -108.207390179602697, 26.906000079123764 ], [ -108.183915570245418, 26.899737999129474 ], [ -108.174548629818759, 26.881464829570273 ], [ -108.143101549705577, 26.907884138962434 ], [ -108.144247350156007, 26.867649319401508 ], [ -108.094107249955243, 26.870463679201578 ], [ -108.026820849946631, 26.798466369553097 ], [ -108.037649050033437, 26.769780799268684 ], [ -108.005700739627443, 26.761048798953251 ], [ -108.019230969790016, 26.730666748919777 ], [ -108.011746630303861, 26.689482428942267 ], [ -108.081603449544076, 26.641993829543946 ], [ -108.031809539508515, 26.615924349198501 ], [ -107.961016750162003, 26.526955398796009 ], [ -107.957265309943466, 26.493743948953934 ], [ -107.985622599632109, 26.472099769176406 ], [ -107.969639109534896, 26.470167859137529 ], [ -108.012797020164953, 26.439048059673173 ], [ -107.856264569981533, 26.226035119220676 ], [ -107.854018510167705, 26.196519379146356 ], [ -107.788923910440644, 26.168613779241536 ], [ -107.780690460217158, 26.136937579583197 ], [ -107.755172150116138, 26.134512448884482 ], [ -107.738716029520646, 26.167239689248788 ], [ -107.711075510354135, 26.174413059125037 ], [ -107.635749570243789, 26.154578049212233 ], [ -107.582027280312587, 26.170640119215541 ], [ -107.543277400056823, 26.146348939351977 ], [ -107.520019980257246, 26.104227169084449 ], [ -107.431042689593355, 26.142859919639605 ], [ -107.346527799804676, 26.109523119367527 ], [ -107.304889800399735, 26.076402429566194 ], [ -107.306691719950436, 26.048784148918447 ], [ -107.276346260259245, 26.001976539207028 ], [ -107.296128219803506, 25.9247933989598 ], [ -107.057904770049092, 25.757367969613725 ], [ -107.064223709896851, 25.719074088992429 ], [ -107.043126619726706, 25.697698779442995 ], [ -107.010680030051248, 25.691459379046307 ], [ -106.990298750109645, 25.714924059225968 ], [ -106.965322690174958, 25.697878579053054 ], [ -106.96693982042629, 25.668330819576351 ], [ -106.994395859998676, 25.661794819293007 ], [ -106.973290459760776, 25.629570429073489 ], [ -107.124564860271349, 25.55041437925804 ], [ -107.173879490384465, 25.556552569220916 ], [ -107.178117320038368, 25.515176369555494 ], [ -107.139294969860828, 25.489564858994836 ], [ -107.158690550092189, 25.441992139337554 ], [ -107.210132230315395, 25.417100509502291 ], [ -107.171550799956378, 25.326357878948567 ], [ -107.207816570355817, 25.331564228930421 ] ] ], [ [ [ -108.366778080098996, 25.157955009973691 ], [ -108.354127161106504, 25.161845095144557 ], [ -108.368731856287027, 25.148869484558432 ], [ -108.372009665337671, 25.152197190263657 ], [ -108.373495919849177, 25.153087938136196 ], [ -108.376306569091156, 25.156925359654281 ], [ -108.377784497642864, 25.158204036989904 ], [ -108.377060728796081, 25.167000396697844 ], [ -108.371692134922668, 25.157132418504744 ], [ -108.363030153727792, 25.16861616020261 ], [ -108.366778080098996, 25.157955009973691 ] ] ], [ [ [ -108.379312224035402, 25.170959424477655 ], [ -108.380696714361491, 25.161207325729496 ], [ -108.378545287831585, 25.160136243110902 ], [ -108.377668897948993, 25.15776394639536 ], [ -108.374326492924894, 25.153876673693112 ], [ -108.372995635976906, 25.15257525240251 ], [ -108.372103616924051, 25.152149977576983 ], [ -108.368867964897603, 25.148820568587638 ], [ -108.384055487968155, 25.160242170417238 ], [ -108.380943490019035, 25.181634583381619 ], [ -108.379312224035402, 25.170959424477655 ] ] ], [ [ [ -108.379766752628512, 25.183650826222056 ], [ -108.379105833863775, 25.17126965946921 ], [ -108.380686310145052, 25.180585856551456 ], [ -108.379766752628512, 25.183650826222056 ] ] ], [ [ [ -106.413110752994228, 23.173043702425382 ], [ -106.412958586123693, 23.173319606278255 ], [ -106.412874340950211, 23.173058436047135 ], [ -106.413110752994228, 23.173043702425382 ] ] ], [ [ [ -106.404428703829211, 23.180123392106456 ], [ -106.402820739520763, 23.179729300945343 ], [ -106.403946937000299, 23.178402060149434 ], [ -106.404428703829211, 23.180123392106456 ] ] ], [ [ [ -106.440607700179868, 23.184676086569109 ], [ -106.439324527158419, 23.184012319420333 ], [ -106.440635140760577, 23.183776789683524 ], [ -106.440607700179868, 23.184676086569109 ] ] ], [ [ [ -106.436089908684167, 23.186838067380314 ], [ -106.436647605841415, 23.187685810339175 ], [ -106.435877508317532, 23.187535612731875 ], [ -106.436089908684167, 23.186838067380314 ] ] ], [ [ [ -106.463290149297038, 23.224564702736629 ], [ -106.465383953156106, 23.225956441862799 ], [ -106.463549676175546, 23.227724890901847 ], [ -106.463290149297038, 23.224564702736629 ] ] ], [ [ [ -106.471302032455469, 23.234100925639744 ], [ -106.462314149150089, 23.230907862479452 ], [ -106.46403309700851, 23.227795879274595 ], [ -106.471302032455469, 23.234100925639744 ] ] ], [ [ [ -106.479389771994477, 23.256660635208714 ], [ -106.473557364345652, 23.251549572722663 ], [ -106.479497188754848, 23.250355598257304 ], [ -106.479389771994477, 23.256660635208714 ] ] ] ] } },
{ "type": "Feature", "properties": { "name": "Sonora" }, "geometry": { "type": "MultiPolygon", "coordinates": [ [ [ [ -111.059466890183629, 27.92956682904239 ], [ -111.059270110102744, 27.930885078842604 ], [ -111.05852486007997, 27.929881219085697 ], [ -111.059466890183629, 27.92956682904239 ] ] ], [ [ [ -111.050745289610404, 27.935576799442746 ], [ -111.051782319540763, 27.935729799500773 ], [ -111.051270879916316, 27.936496739439821 ], [ -111.050745289610404, 27.935576799442746 ] ] ], [ [ [ -111.050865120258052, 27.940047179350024 ], [ -111.052314520302943, 27.940628879021801 ], [ -111.052261459792319, 27.94160077911387 ], [ -111.050865120258052, 27.940047179350024 ] ] ], [ [ [ -111.120868689723295, 27.953061939611771 ], [ -111.124804820284595, 27.952745739291679 ], [ -111.119155660217501, 27.959594399192092 ], [ -111.120868689723295, 27.953061939611771 ] ] ], [ [ [ -111.391259859675714, 27.983609779398179 ], [ -111.36714219968411, 27.957242249428525 ], [ -111.367433120249927, 27.952549848810385 ], [ -111.391259859675714, 27.983609779398179 ] ] ], [ [ [ -112.552922308178097, 28.729297362006534 ], [ -112.542105359597272, 28.711471269684356 ], [ -112.553885171560353, 28.671973341824415 ], [ -112.605680018288325, 28.667674251230672 ], [ -112.612154600101448, 28.726562521699808 ], [ -112.552922308178097, 28.729297362006534 ] ] ], [ [ [ -112.298242944970653, 28.735210036269727 ], [ -112.283038772469112, 28.714516793692084 ], [ -112.286191275664677, 28.709341966401766 ], [ -112.298242944970653, 28.735210036269727 ] ] ], [ [ [ -111.965808690234425, 28.809408109050388 ], [ -111.972883850207921, 28.810736679158119 ], [ -111.96390428962286, 28.816262939354647 ], [ -111.965808690234425, 28.809408109050388 ] ] ], [ [ [ -110.587855170156104, 27.51745248944923 ], [ -110.62360930540315, 27.622344715342383 ], [ -110.60090296419088, 27.700541491989636 ], [ -110.613314162548434, 27.773000077333549 ], [ -110.615808488088859, 27.798260776471221 ], [ -110.614789435947955, 27.810257519202306 ], [ -110.61436975001088, 27.795650749591104 ], [ -110.588950840138466, 27.8456475953252 ], [ -110.558385664573763, 27.831821552184689 ], [ -110.520095460803489, 27.845251565533324 ], [ -110.578234777275554, 27.882365869777342 ], [ -110.631862453510351, 27.882454106492119 ], [ -110.648768612789226, 27.903751704390125 ], [ -110.665360328217872, 27.89525803626713 ], [ -110.648684424744886, 27.892238328878598 ], [ -110.608989066717569, 27.858015731591234 ], [ -110.657226689824384, 27.889876713878589 ], [ -110.727006442790028, 27.90835816441907 ], [ -110.853243790291856, 27.91226654228786 ], [ -110.799589685682776, 27.92130454568197 ], [ -110.828236290118014, 27.954336889438565 ], [ -110.906884544313371, 27.897705366817263 ], [ -110.855660607350416, 27.899750100601285 ], [ -110.86698220015397, 27.895336377746364 ], [ -110.863978312852069, 27.878078210376287 ], [ -110.881237544107762, 27.863665766334009 ], [ -110.875833776519983, 27.851291898101834 ], [ -110.889871141737089, 27.839455737475948 ], [ -110.903599523153886, 27.867005601196887 ], [ -110.932906621619153, 27.881441791399798 ], [ -110.950433124711139, 27.868264195240421 ], [ -110.948969018278348, 27.888903900775038 ], [ -110.966571579286509, 27.905242279328885 ], [ -110.946888131500387, 27.92185435429073 ], [ -110.969961858783265, 27.92741694496566 ], [ -110.984527252049858, 27.958643945805296 ], [ -111.025303705060182, 27.96248305718623 ], [ -111.057856915509447, 27.937535033228478 ], [ -111.065409188020325, 27.952914992966836 ], [ -111.060058422419104, 27.927316386509908 ], [ -111.066196501531522, 27.940600702487234 ], [ -111.105716104007627, 27.936063587926391 ], [ -111.104067201836145, 27.944746040033984 ], [ -111.09390936411657, 27.944449462458795 ], [ -111.091288944823148, 27.945137102863153 ], [ -111.090754166310859, 27.94670395941251 ], [ -111.099414620807167, 27.961302816510059 ], [ -111.173769108593149, 27.991514767423247 ], [ -111.211720680046454, 28.041712137905488 ], [ -111.255251376826223, 28.054439352229895 ], [ -111.293682729022336, 28.13094224811362 ], [ -111.330742939740659, 28.157971361371352 ], [ -111.343678427106795, 28.209307319020713 ], [ -111.377110599693182, 28.218802519143281 ], [ -111.390420521937557, 28.270816491234342 ], [ -111.457272847189529, 28.315956044629001 ], [ -111.46859128986533, 28.371944939308207 ], [ -111.71008715249161, 28.456941396807792 ], [ -111.774424049903672, 28.607132779584042 ], [ -111.908185151252823, 28.70243284578055 ], [ -111.952198980115995, 28.759099499475305 ], [ -111.900568526184557, 28.787117095948489 ], [ -111.899674850502279, 28.784446578385758 ], [ -111.904798590818743, 28.780810591212898 ], [ -111.905459974980715, 28.777901228630839 ], [ -111.876473367882667, 28.743820393821068 ], [ -111.853997560442039, 28.760121301825912 ], [ -111.864905802788158, 28.779455777532448 ], [ -111.844233478525808, 28.792203285444241 ], [ -111.844269130812265, 28.803928644363285 ], [ -111.889248178964365, 28.793394426995789 ], [ -111.873570229656607, 28.810849005617705 ], [ -111.886679455797804, 28.825408389881957 ], [ -111.901311019911091, 28.821572732422133 ], [ -111.892474603084665, 28.80535294524844 ], [ -111.905460908234176, 28.796371939757389 ], [ -111.897881300469948, 28.813004458940757 ], [ -111.919361606716151, 28.821076085261485 ], [ -111.914714770420545, 28.790024703816361 ], [ -111.969812480164805, 28.842050749241441 ], [ -112.03099153513557, 28.859143082302495 ], [ -112.047673087139671, 28.898849687567573 ], [ -112.101999542479561, 28.95530790176532 ], [ -112.172267519909624, 28.968966429173754 ], [ -112.150399056862, 28.988686323396323 ], [ -112.166722702916942, 29.009568693403018 ], [ -112.170608767240523, 29.071527750261144 ], [ -112.187942748586991, 29.072718066898975 ], [ -112.165260973261937, 29.114189834378671 ], [ -112.200527891336051, 29.156996133208199 ], [ -112.199456731796616, 29.176225903824744 ], [ -112.229826670610393, 29.178513995634429 ], [ -112.208998796113434, 29.242200574737417 ], [ -112.23183744082327, 29.305039225044698 ], [ -112.257107550054187, 29.327216023825919 ], [ -112.291136280933614, 29.331041572213863 ], [ -112.346247749982851, 29.313561218970648 ], [ -112.334899999554381, 29.291799999264633 ], [ -112.352978829631169, 29.321014249522019 ], [ -112.410368314575223, 29.345155951626332 ], [ -112.421486380208933, 29.376055568777847 ], [ -112.38266848048255, 29.448725029121761 ], [ -112.38081256725313, 29.486717375617552 ], [ -112.428871731314928, 29.519173223571144 ], [ -112.436289701191939, 29.559713290056507 ], [ -112.506891615777675, 29.620408851829982 ], [ -112.544061770834645, 29.689692808508845 ], [ -112.58047759793007, 29.7115071125756 ], [ -112.606625495440184, 29.779361011602514 ], [ -112.651806773684001, 29.834476849546789 ], [ -112.665417863664942, 29.89113584438638 ], [ -112.747042429737462, 29.914359942980681 ], [ -112.733102109669062, 30.000552579145388 ], [ -112.761593305501819, 30.062748109859609 ], [ -112.761502399173423, 30.201693746594124 ], [ -112.817869721968734, 30.263851596530088 ], [ -112.864718385794433, 30.268279737891135 ], [ -112.84634163441757, 30.333422352888643 ], [ -112.866118319010894, 30.41575084074853 ], [ -112.998369990648214, 30.548306434145886 ], [ -113.084907532010163, 30.679831452162365 ], [ -113.127166969692496, 30.81204176897581 ], [ -113.10106193972068, 30.890885708773773 ], [ -113.096455019515787, 30.97004785927723 ], [ -113.12841144951895, 31.058908779262005 ], [ -113.091942310152334, 30.995267658811997 ], [ -113.062048369503685, 31.033436169025681 ], [ -113.05895568040863, 31.072349888820543 ], [ -113.077507680233694, 31.151666889409864 ], [ -113.110273630404407, 31.199616178810295 ], [ -113.120401800432589, 31.191667518931133 ], [ -113.207153520092945, 31.240528539320021 ], [ -113.545405701365738, 31.296273739822777 ], [ -113.558404579325739, 31.317765169974265 ], [ -113.624612949858673, 31.327994489073998 ], [ -113.643894774412018, 31.343234897049836 ], [ -113.612275741487238, 31.343359878076203 ], [ -113.609160215556685, 31.364123897301848 ], [ -113.641027293590753, 31.481154122074614 ], [ -113.680414085636826, 31.514843343067358 ], [ -113.852479340296867, 31.595398689476486 ], [ -113.920000000003768, 31.598299999105077 ], [ -113.979410979697846, 31.631428718781901 ], [ -113.973699999653533, 31.5782999995625 ], [ -113.956200000181582, 31.562399999379092 ], [ -113.986835602027412, 31.529487954433908 ], [ -114.01975222212576, 31.529924293451685 ], [ -114.025899999991765, 31.492199998796728 ], [ -114.169907809993944, 31.497993606796395 ], [ -114.282709330895244, 31.54615072559384 ], [ -114.332356784664654, 31.596769990771424 ], [ -114.497033859179638, 31.676232433251762 ], [ -114.582788909700298, 31.752221339537279 ], [ -114.619231509990087, 31.762903649599217 ], [ -114.692801830214179, 31.763121219406472 ], [ -114.760210580131726, 31.818258519563919 ], [ -114.81885742011842, 31.820905888779723 ], [ -114.844922489910687, 31.864550999075234 ], [ -114.910759479830489, 31.867760798947803 ], [ -114.965484569495089, 31.918423878830421 ], [ -114.957005000217819, 32.038636179148831 ], [ -114.989736339771596, 32.146377649450073 ], [ -114.975318249897938, 32.177995479562988 ], [ -115.053022319504691, 32.245174019101633 ], [ -114.966592479516791, 32.338793519062406 ], [ -114.968453310155283, 32.390653029062911 ], [ -114.931940479824718, 32.439700739171521 ], [ -114.934996580384961, 32.48187467940032 ], [ -114.881544849783367, 32.492249308979957 ], [ -114.848405149512416, 32.473415819047311 ], [ -114.813572770391289, 32.493913168698612 ], [ -114.783460769736848, 32.485605889413925 ], [ -111.075002020183589, 31.332569458722492 ], [ -108.755916139569578, 31.332419019237548 ], [ -108.817231430099781, 31.239005659226876 ], [ -108.879812479949692, 31.238785938926981 ], [ -108.90664748962152, 31.208050918753941 ], [ -108.86068718013118, 31.218927199382133 ], [ -108.848331969498432, 31.195107579365466 ], [ -108.805024660397294, 31.192955538950439 ], [ -108.835012349600959, 31.169334709111379 ], [ -108.845640059664007, 31.135576219413196 ], [ -108.76999685949805, 31.102471829365609 ], [ -108.766156520283772, 31.073628178908621 ], [ -108.729899140436316, 31.052154178922436 ], [ -108.752466019971308, 31.033847509265797 ], [ -108.684386679889272, 31.033739539331787 ], [ -108.683807449596046, 31.005973318785554 ], [ -108.803255460267621, 31.004829258987407 ], [ -108.802392570487171, 30.904100998952636 ], [ -108.939242739816549, 30.907565168928368 ], [ -108.929849250173461, 30.861020919041874 ], [ -108.94830245003088, 30.736911279303655 ], [ -108.918968369633319, 30.739353658942822 ], [ -108.866925250244023, 30.689386629019019 ], [ -108.876465279836395, 30.624574319198075 ], [ -108.76201974997764, 30.587271969278756 ], [ -108.726665659710676, 30.594548079425575 ], [ -108.727439489671852, 30.580476909332699 ], [ -108.677792200162983, 30.557072719120928 ], [ -108.661972909800028, 30.521941889002296 ], [ -108.664771880142041, 30.468151649344325 ], [ -108.603843229717796, 30.465112999459052 ], [ -108.613558679946678, 30.435716378802756 ], [ -108.648652250441529, 30.416864718929116 ], [ -108.619839890412877, 30.374796379237228 ], [ -108.622056489965715, 30.340318168870176 ], [ -108.580005970251392, 30.337482108916486 ], [ -108.542199020507283, 30.283512169551763 ], [ -108.550546660468342, 30.266642179188352 ], [ -108.620217629544328, 30.298229719232516 ], [ -108.606922090024426, 30.028617919221183 ], [ -108.628708970416355, 29.953034398959364 ], [ -108.607199259646436, 29.84714005922574 ], [ -108.63571773979875, 29.829684479234622 ], [ -108.618559600213672, 29.800465999608882 ], [ -108.541258769673831, 29.796137848877045 ], [ -108.534964280063122, 29.751364509390253 ], [ -108.54077557006255, 29.736227969047874 ], [ -108.592751310039802, 29.728391489058481 ], [ -108.5925343803533, 29.717645718874696 ], [ -108.659098950023647, 29.716127399223758 ], [ -108.618280029938646, 29.660525449479607 ], [ -108.654987920247677, 29.649432889282473 ], [ -108.641137119956738, 29.588885659381702 ], [ -108.65950508024406, 29.584040679474047 ], [ -108.638324199674514, 29.558318829343985 ], [ -108.662309139572201, 29.544481658876848 ], [ -108.6487126599026, 29.509101029615337 ], [ -108.625155379962649, 29.501031289143523 ], [ -108.717753859935002, 29.465953829023405 ], [ -108.669732920459055, 29.307416919402929 ], [ -108.682208569706987, 29.26742981942747 ], [ -108.761887629849028, 29.253883578999915 ], [ -108.735408340152645, 29.217712689507838 ], [ -108.753869489554262, 29.20009805937574 ], [ -108.745296910393378, 29.16234273898684 ], [ -108.72885354023559, 29.171801139114212 ], [ -108.69852819950394, 29.127739569280049 ], [ -108.729589520322349, 29.096532689514877 ], [ -108.709438180429572, 29.083003318865075 ], [ -108.724353119542428, 29.069896999387609 ], [ -108.698145369723193, 28.936265659080661 ], [ -108.709797720458468, 28.88951545907452 ], [ -108.678176230006571, 28.863275878970626 ], [ -108.657849549950555, 28.809224488764304 ], [ -108.623817379506178, 28.806122999030084 ], [ -108.645556750026984, 28.794727089415829 ], [ -108.643294420072735, 28.765067549392032 ], [ -108.583785200369221, 28.740139379321974 ], [ -108.580151200371631, 28.632446339434871 ], [ -108.531286849972773, 28.556668579066599 ], [ -108.523286649587774, 28.505910349337192 ], [ -108.507671710219043, 28.508215909181956 ], [ -108.515541399783842, 28.426284319018652 ], [ -108.479701019674749, 28.369551059137294 ], [ -108.501365400122623, 28.355729259572854 ], [ -108.521650999803441, 28.365060628905816 ], [ -108.519637720336419, 28.334762179597668 ], [ -108.55092785051373, 28.318055449449151 ], [ -108.603507429866653, 28.34756190888929 ], [ -108.636180940150666, 28.335228019462917 ], [ -108.641293139668932, 28.291608649155663 ], [ -108.6872251099918, 28.303462489652095 ], [ -108.750983879873345, 28.271569348785064 ], [ -108.796684509649879, 28.267163449474573 ], [ -108.791663180318011, 28.253617059049098 ], [ -108.830422949944463, 28.265049279231931 ], [ -108.856088569511954, 28.251538288863653 ], [ -108.880663340362062, 28.264726429547125 ], [ -108.922014450318059, 28.251491779178487 ], [ -108.967261109763328, 28.264999749126517 ], [ -108.993974380098152, 28.297959659123279 ], [ -108.997443769714778, 28.255054538919129 ], [ -109.02277700013579, 28.27753193939413 ], [ -109.040681950045695, 28.266990019128066 ], [ -109.068696400139615, 28.286138849280537 ], [ -109.058436179881426, 28.267268859248315 ], [ -109.074886169632322, 28.272609418938615 ], [ -109.061990110329958, 28.199201939175666 ], [ -109.072894200334986, 28.148572348867976 ], [ -109.031899619906511, 28.018288029237596 ], [ -108.926511029752561, 27.940594229108072 ], [ -108.914867979945441, 27.854005229351785 ], [ -108.869140220448955, 27.83928633906346 ], [ -108.920294220209797, 27.783973059285593 ], [ -108.895515650285049, 27.744807089500405 ], [ -108.784494630057054, 27.730465248895243 ], [ -108.749313780279508, 27.664730819617137 ], [ -108.739852379738437, 27.599954578914943 ], [ -108.712807710167269, 27.566246479346233 ], [ -108.652405349778519, 27.537032909363464 ], [ -108.661648399923038, 27.464744349291106 ], [ -108.591045120035915, 27.318080479444447 ], [ -108.664375490161348, 27.239395829372786 ], [ -108.662578079805598, 27.219542919614454 ], [ -108.653220550046143, 27.176054599427644 ], [ -108.611426709526711, 27.154144749056073 ], [ -108.602276049567891, 27.036943279194052 ], [ -108.562535280066342, 27.046018939519811 ], [ -108.572247419913595, 27.012655829670365 ], [ -108.551763429706881, 26.997145289019649 ], [ -108.424270830044208, 26.976229829142238 ], [ -108.466977680263071, 26.970701849074754 ], [ -108.557043139521923, 26.823753319282311 ], [ -108.536912090086346, 26.798428709583085 ], [ -108.554033799737311, 26.779856978841131 ], [ -108.580849430413025, 26.789576579669923 ], [ -108.578329480338098, 26.762777088779902 ], [ -108.594188889723313, 26.759173429057356 ], [ -108.601023950040272, 26.727222509559571 ], [ -108.628385000248315, 26.718387119185117 ], [ -108.630366349973357, 26.676573449552713 ], [ -108.678987909843201, 26.642889449006816 ], [ -108.678830739518716, 26.587015089431794 ], [ -108.734292890291655, 26.59356808963863 ], [ -108.787723719885221, 26.565255749560823 ], [ -108.873152149586005, 26.551071429024258 ], [ -108.891317539536317, 26.489595309369065 ], [ -108.914669950112298, 26.479540019364407 ], [ -108.847479920276385, 26.487217449063252 ], [ -108.837762020362646, 26.472523309655568 ], [ -108.876107630139217, 26.447576429420618 ], [ -108.860339550118667, 26.432770149327336 ], [ -108.881392449654371, 26.406252479657464 ], [ -108.91011501996374, 26.421714519255577 ], [ -108.936522310179839, 26.39018025916339 ], [ -109.006443489230477, 26.402369889993683 ], [ -109.12523821885641, 26.297014339993424 ], [ -109.164943139438662, 26.306847340538177 ], [ -109.202537739119251, 26.344452550734268 ], [ -109.247597818996965, 26.315984660420444 ], [ -109.261152319967621, 26.325212309681017 ], [ -109.255227780137943, 26.450054179497908 ], [ -109.285981379817798, 26.535479619376648 ], [ -109.404573503735904, 26.654639617131522 ], [ -109.484968352785032, 26.682769010446687 ], [ -109.430017368608745, 26.671246470819646 ], [ -109.441645794664382, 26.694467630995337 ], [ -109.432537218285091, 26.718923731198377 ], [ -109.471458538184365, 26.716895716082558 ], [ -109.483089343373095, 26.744265466601565 ], [ -109.50819539299566, 26.72189900932737 ], [ -109.513025103781686, 26.754787324386378 ], [ -109.528120404532999, 26.759132219891281 ], [ -109.556075978416885, 26.716960675663362 ], [ -109.508684253246258, 26.704618411550218 ], [ -109.542250119986605, 26.693682408448975 ], [ -109.496365783792172, 26.67016976424004 ], [ -109.623846596703316, 26.695481876143266 ], [ -109.656245968190007, 26.691370949658481 ], [ -109.669241657307452, 26.673412633329939 ], [ -109.773423976949971, 26.709951636444117 ], [ -109.851004279877444, 26.792503595206345 ], [ -109.890250316345927, 26.922511792040385 ], [ -109.944186426101595, 26.99205277612835 ], [ -109.941670850384256, 27.017963629351378 ], [ -109.967207119698045, 27.054180319050701 ], [ -110.056505261527121, 27.078223016924802 ], [ -110.103807361070167, 27.108338269329575 ], [ -110.30666564955105, 27.155372429666652 ], [ -110.432370242021506, 27.267979682285564 ], [ -110.523836595891794, 27.293068427180543 ], [ -110.443608308525839, 27.302366468467394 ], [ -110.474759914356653, 27.312042862055566 ], [ -110.460990271656556, 27.329267464940937 ], [ -110.481666598401205, 27.325866025552454 ], [ -110.480174676402513, 27.374646165933374 ], [ -110.503877677149617, 27.38722756596264 ], [ -110.525846050776735, 27.374032265032643 ], [ -110.536527450891455, 27.372680731225007 ], [ -110.511201062548267, 27.412307680241558 ], [ -110.556467335004641, 27.395428378257776 ], [ -110.539141883629412, 27.432705609377059 ], [ -110.558257879152265, 27.419270577289709 ], [ -110.555612885436844, 27.440924267403666 ], [ -110.573166367190851, 27.439324575038597 ], [ -110.57268750111551, 27.450674604296385 ], [ -110.537114559457351, 27.457292480354038 ], [ -110.58253371046635, 27.456197333319942 ], [ -110.590455531458403, 27.441711472514697 ], [ -110.587855170156104, 27.51745248944923 ] ], [ [ -110.829333780188065, 27.956033488987121 ], [ -110.848375460306968, 27.985008578935467 ], [ -110.866227830370306, 27.98136837884056 ], [ -110.856081490394843, 27.958798059031871 ], [ -110.845170120531023, 27.953041649596297 ], [ -110.841651859606699, 27.95465541899474 ], [ -110.829333780188065, 27.956033488987121 ] ], [ [ -110.84487914026198, 27.952846938963429 ], [ -110.82812785958572, 27.954632308864991 ], [ -110.827763909606517, 27.954970108821954 ], [ -110.839169090293581, 27.954611819338751 ], [ -110.84487914026198, 27.952846938963429 ] ] ], [ [ [ -112.286445547730978, 29.231577796422581 ], [ -112.295297142737624, 29.221857697397599 ], [ -112.261199903785098, 29.192756415070068 ], [ -112.274320252235455, 29.137205518761778 ], [ -112.194751076512119, 29.021049750341607 ], [ -112.216550508028035, 28.960573377850316 ], [ -112.196996048444674, 28.978273891252215 ], [ -112.188872568426163, 28.976679652287348 ], [ -112.21459454179454, 28.956711216233835 ], [ -112.239497980170839, 28.871378985543689 ], [ -112.274890082735766, 28.816499097548508 ], [ -112.27321494318042, 28.783434105950434 ], [ -112.252761096223097, 28.767241874629661 ], [ -112.28121469124838, 28.767774872775718 ], [ -112.310201285270651, 28.74679754517048 ], [ -112.328425425439093, 28.7634512412303 ], [ -112.35957256972199, 28.759721436486878 ], [ -112.407126098137184, 28.799446538321302 ], [ -112.46171093285885, 28.802670707433762 ], [ -112.472055639733071, 28.821504141517 ], [ -112.584251865531698, 28.876667124666739 ], [ -112.489847358886664, 28.949164202832815 ], [ -112.505934384025991, 29.063041772308821 ], [ -112.477771082537203, 29.167433486009823 ], [ -112.456826854426566, 29.194522449387946 ], [ -112.409126749947248, 29.185973449395561 ], [ -112.359979510145706, 29.220228219166444 ], [ -112.286445547730978, 29.231577796422581 ] ] ], [ [ [ -114.68449861326161, 31.756668931744507 ], [ -114.617193392380841, 31.756395839974026 ], [ -114.595721372400988, 31.747252474950088 ], [ -114.619337448375461, 31.72846231610459 ], [ -114.68449861326161, 31.756668931744507 ] ] ], [ [ [ -110.595254356773367, 27.416579266591459 ], [ -110.602706369790923, 27.361592631653306 ], [ -110.582642754359497, 27.346141352074472 ], [ -110.585404476432544, 27.321898344183843 ], [ -110.531923821999797, 27.302685320724748 ], [ -110.534256358440459, 27.288271850139708 ], [ -110.601723951532861, 27.318701365002873 ], [ -110.606102412894643, 27.346835868077232 ], [ -110.595254356773367, 27.416579266591459 ] ] ], [ [ [ -110.951240135590822, 27.867979895131491 ], [ -110.950745937794309, 27.867668558973214 ], [ -110.951086188102224, 27.867373840967634 ], [ -110.951240135590822, 27.867979895131491 ] ] ], [ [ [ -110.952751726669248, 27.875763511434442 ], [ -110.952983953792994, 27.876379000877908 ], [ -110.952382389286541, 27.87680575509259 ], [ -110.952751726669248, 27.875763511434442 ] ] ], [ [ [ -110.859601089537165, 27.880842109264471 ], [ -110.86393762030778, 27.874692398782436 ], [ -110.86596642986791, 27.874648519399987 ], [ -110.859601089537165, 27.880842109264471 ] ] ], [ [ [ -110.955283263824839, 27.884385895023055 ], [ -110.9560530798136, 27.884335931067834 ], [ -110.955101536883362, 27.884968008233368 ], [ -110.955283263824839, 27.884385895023055 ] ] ], [ [ [ -110.839220799509192, 27.89900664902396 ], [ -110.841404540070769, 27.88776373914882 ], [ -110.847875780433895, 27.888113049000637 ], [ -110.839220799509192, 27.89900664902396 ] ] ], [ [ [ -110.900427799628588, 27.899522169147819 ], [ -110.901066649583768, 27.898782349633564 ], [ -110.901215050328119, 27.899542109555309 ], [ -110.900427799628588, 27.899522169147819 ] ] ], [ [ [ -110.899036219623383, 27.900395108994783 ], [ -110.898549599721704, 27.901041948912287 ], [ -110.898403619853809, 27.900430019319618 ], [ -110.899036219623383, 27.900395108994783 ] ] ], [ [ [ -110.968357859513475, 27.909074818905012 ], [ -110.970273450018141, 27.908583738950998 ], [ -110.970924380197317, 27.909244249457842 ], [ -110.968357859513475, 27.909074818905012 ] ] ], [ [ [ -110.879968020004981, 27.908081418916773 ], [ -110.88127882036396, 27.910599769281013 ], [ -110.879348859969241, 27.910969709393168 ], [ -110.879968020004981, 27.908081418916773 ] ] ], [ [ [ -110.874231779968412, 27.911984279530564 ], [ -110.874669079595392, 27.90656939958901 ], [ -110.875386630483234, 27.907245368863386 ], [ -110.874231779968412, 27.911984279530564 ] ] ], [ [ [ -110.991859684363561, 27.925959859192343 ], [ -110.991763645300082, 27.925250523570885 ], [ -110.992394846258179, 27.925738154515564 ], [ -110.991859684363561, 27.925959859192343 ] ] ], [ [ [ -110.993033249737508, 27.934679379127051 ], [ -110.989890430303433, 27.934727349190279 ], [ -110.990866709741354, 27.932918248821284 ], [ -110.993033249737508, 27.934679379127051 ] ] ], [ [ [ -111.029260710289179, 27.952981889114426 ], [ -111.029134420334643, 27.948526489013368 ], [ -111.032088919742321, 27.947053259542468 ], [ -111.029260710289179, 27.952981889114426 ] ] ] ] } },
{ "type": "Feature", "properties": { "name": "Tabasco" }, "geometry": { "type": "Polygon", "coordinates": [ [ [ -92.833902000228292, 17.482187649379114 ], [ -92.84987592032121, 17.468978139419583 ], [ -92.859808750264818, 17.500281549832771 ], [ -92.887356170400523, 17.51046353987952 ], [ -92.939199430138345, 17.502447309626035 ], [ -92.946917709716473, 17.482133779200179 ], [ -92.968042119792727, 17.517972719428844 ], [ -92.98487341976319, 17.511307859037395 ], [ -92.99264832043886, 17.530015719456696 ], [ -92.980489680359995, 17.537562829717054 ], [ -93.041726520103765, 17.612935429272472 ], [ -93.037116080365962, 17.70338190970471 ], [ -93.0577321395523, 17.720186049840823 ], [ -93.042638279706836, 17.768411509125389 ], [ -93.012013399899971, 17.793669029541856 ], [ -93.025436279606538, 17.825418449347112 ], [ -93.043126309052369, 17.842577309880703 ], [ -93.101645459757052, 17.845828339406889 ], [ -93.115640749621676, 17.822212629482785 ], [ -93.131800320066034, 17.852316419246559 ], [ -93.091375939906939, 17.897561249882479 ], [ -93.129128889840473, 17.907852379565526 ], [ -93.192001579532217, 17.956135719767364 ], [ -93.240920979597561, 17.950094689199176 ], [ -93.278322689637235, 17.98528780023624 ], [ -93.298009690060127, 17.938581779749729 ], [ -93.34089685011719, 17.930330659591228 ], [ -93.340585980023846, 17.798120549169969 ], [ -93.366610950188033, 17.802923319700415 ], [ -93.380948488990981, 17.783164950718046 ], [ -93.343111879756464, 17.787516679250906 ], [ -93.349135090105023, 17.767085279442725 ], [ -93.390547830367879, 17.773399709940101 ], [ -93.354302350316033, 17.712882179018447 ], [ -93.356277769967576, 17.648037449748188 ], [ -93.384788719983064, 17.644377939251036 ], [ -93.42048990868166, 17.590047940641316 ], [ -93.445945620244032, 17.585985689656237 ], [ -93.451707049425565, 17.546484229303026 ], [ -93.484145820099272, 17.549876549398054 ], [ -93.514878598641133, 17.490322819751263 ], [ -93.515242429170698, 17.440495029290524 ], [ -93.607939816028747, 17.314930020141638 ], [ -93.635868090076769, 17.314354519476442 ], [ -93.645429980154702, 17.329094969865253 ], [ -93.634958550308454, 17.337701859378079 ], [ -93.694920219733476, 17.387804369654607 ], [ -93.672996309793476, 17.419918309492303 ], [ -93.638206320331079, 17.436086259090271 ], [ -93.636597399652217, 17.455276879099358 ], [ -93.650414029562043, 17.458854659204629 ], [ -93.62410485034988, 17.493457229030078 ], [ -93.637341079868577, 17.50981362961101 ], [ -93.613601120102786, 17.552511280414006 ], [ -93.656712289955877, 17.555342569643614 ], [ -93.71318359981521, 17.630670029652361 ], [ -93.732882600466183, 17.625760229536567 ], [ -93.746582659599298, 17.660114709455659 ], [ -93.738510860126226, 17.679370149844946 ], [ -93.805154659655997, 17.689355509219361 ], [ -93.826586430269657, 17.719191619845756 ], [ -93.869997079854571, 17.713536029101586 ], [ -93.877048779860829, 17.756563579390892 ], [ -93.940107259828665, 17.753169909089149 ], [ -93.967786169565272, 17.845252339858135 ], [ -94.025947430443026, 17.840380619925394 ], [ -94.033158480250364, 17.872557219188174 ], [ -94.083430750186892, 17.869868489418383 ], [ -94.091990120091936, 17.961931939394763 ], [ -94.061400310117151, 17.988124339002574 ], [ -94.066523630204458, 18.009396199097299 ], [ -94.083748660447228, 18.006464089110956 ], [ -94.074358119719449, 18.058593089555028 ], [ -94.097159489945895, 18.078627579263614 ], [ -94.081108249817859, 18.095772539815826 ], [ -94.100443569584726, 18.125915939765349 ], [ -94.09468018036516, 18.160669969113147 ], [ -94.104678860000519, 18.17395002955098 ], [ -94.126918780209365, 18.168250029405492 ], [ -94.130025169589572, 18.212851199222584 ], [ -93.439869567089147, 18.427237318410953 ], [ -93.213865990738711, 18.446966626400403 ], [ -93.210527471000347, 18.430471803985185 ], [ -93.1927587816825, 18.443638472200792 ], [ -93.194320774368052, 18.433358918421078 ], [ -93.186792798615031, 18.431162245381213 ], [ -93.183697123915692, 18.437675854101908 ], [ -93.190334379712439, 18.437878719523081 ], [ -93.18950008080003, 18.447556587498774 ], [ -93.19836290917543, 18.453164999470136 ], [ -93.189771979678341, 18.448594750209491 ], [ -93.18507768622645, 18.441256688595509 ], [ -93.035946188568502, 18.431912274360645 ], [ -92.897989698009567, 18.443151651300372 ], [ -92.773655792238074, 18.505149477430642 ], [ -92.691557095796895, 18.61804126939694 ], [ -92.629688658889137, 18.614528400737715 ], [ -92.468790020074124, 18.650964949769286 ], [ -92.465745049628708, 18.616563419286358 ], [ -92.426229649986482, 18.557041449797744 ], [ -92.414051720377699, 18.487291749367774 ], [ -92.364324509691954, 18.463729179804833 ], [ -92.358317940190787, 18.444350029547628 ], [ -92.322528939785386, 18.473080889292369 ], [ -92.31028748032135, 18.455579369627653 ], [ -92.176147740178806, 18.458233219384919 ], [ -92.172951370205865, 18.27533768984614 ], [ -92.183243850342976, 18.274063229679697 ], [ -92.14893752024993, 18.210406079790324 ], [ -92.164423970144554, 18.197865619196993 ], [ -92.160903000233148, 18.155424169777721 ], [ -92.110108350107566, 18.094406199724631 ], [ -92.081558290390703, 18.085689689823472 ], [ -92.039938820148734, 18.097950339067232 ], [ -92.042095429579305, 18.078318819724711 ], [ -91.978778580003663, 18.042829719228639 ], [ -91.966747709935049, 18.015988449878829 ], [ -91.900354769989022, 18.012146999437128 ], [ -91.86720785976361, 17.983266349629094 ], [ -91.804644219698986, 17.9725505096722 ], [ -91.762266540152538, 17.939014279766724 ], [ -91.760487309888759, 17.957625679198493 ], [ -91.638805939547723, 17.87395377921144 ], [ -91.633089220256792, 17.905016029744239 ], [ -91.612713599743259, 17.912919029380276 ], [ -91.624740379606962, 17.949071849203147 ], [ -91.60950468032074, 18.098438399319374 ], [ -91.572199120077485, 18.142015139865606 ], [ -91.579966019942461, 18.15817979918921 ], [ -91.534505140278313, 18.14617436952787 ], [ -91.50933734019948, 18.171054749515626 ], [ -91.501863539999277, 18.155568719592551 ], [ -91.515212850316843, 18.154952479471199 ], [ -91.516532180243814, 18.130485249904638 ], [ -91.50403590981324, 18.116459139569162 ], [ -91.384425350151588, 18.064065049490129 ], [ -91.327024315832276, 18.062665349265963 ], [ -91.217459546078871, 17.974986851137629 ], [ -91.144726736635761, 17.975159860406222 ], [ -91.151122964642497, 17.962673449407514 ], [ -91.133182256861204, 17.958009720040277 ], [ -91.13066914479603, 17.982250198156766 ], [ -91.113580647264399, 17.975850480473408 ], [ -91.120200304198889, 17.963375258941586 ], [ -90.987951717174866, 17.962545049553906 ], [ -90.987459199927855, 17.251024889677971 ], [ -91.439696859901758, 17.250966879685482 ], [ -91.425180879703746, 17.302305308994754 ], [ -91.390318720210871, 17.299349119181699 ], [ -91.383664219816509, 17.311183109013729 ], [ -91.416775349710946, 17.3456271197369 ], [ -91.419832619841102, 17.374070679899539 ], [ -91.509935539814052, 17.392202709847172 ], [ -91.537244219787979, 17.419736169170179 ], [ -91.557856690253871, 17.422244149528005 ], [ -91.558793540232344, 17.400529579100848 ], [ -91.579688320352176, 17.407343819332915 ], [ -91.672043139561097, 17.444058819249342 ], [ -91.665205599805532, 17.461660229304528 ], [ -91.700137430197358, 17.46751779955758 ], [ -91.662816769722198, 17.479816739511328 ], [ -91.634287739625378, 17.534624260720584 ], [ -91.638827400216982, 17.581469429520965 ], [ -91.663563200057538, 17.612167139173319 ], [ -91.644567490422091, 17.621924550110261 ], [ -91.659898580003713, 17.630447460651553 ], [ -91.654743510089162, 17.676157119366223 ], [ -91.672992490371385, 17.683472429434449 ], [ -91.681377259647178, 17.670133719172615 ], [ -91.738806229898046, 17.710808649565454 ], [ -91.767852620325769, 17.703115450180714 ], [ -91.830661690382129, 17.73767722942992 ], [ -91.790161739968752, 17.746018109639852 ], [ -91.78225311995584, 17.782484628997768 ], [ -91.792371579767931, 17.824516939629945 ], [ -91.779690460194416, 17.851298579530539 ], [ -91.804368740006822, 17.868866449294202 ], [ -91.809943120095298, 17.898248279697256 ], [ -91.849686290168663, 17.882864599780255 ], [ -91.918127689976288, 17.899519649867845 ], [ -91.928061340040969, 17.870822509169809 ], [ -91.948409169635539, 17.863308348999471 ], [ -91.956832769721515, 17.879929909777484 ], [ -91.940304119950184, 17.907412949359568 ], [ -91.978452570276971, 17.913688649685859 ], [ -91.999887890044732, 17.943344649887404 ], [ -91.991289740136793, 17.919612309157085 ], [ -92.003355060087898, 17.890518179811806 ], [ -92.071797050177835, 17.877673649204755 ], [ -92.049407080053285, 17.854772029708354 ], [ -92.102033350384048, 17.850880169303139 ], [ -92.120481630125042, 17.795972689772046 ], [ -92.146582769549454, 17.814675999590058 ], [ -92.130825419760328, 17.766080349676198 ], [ -92.151708170478372, 17.764568879147777 ], [ -92.171950180206878, 17.786567849840438 ], [ -92.27462289028928, 17.692258049554013 ], [ -92.328089970140908, 17.713730029330925 ], [ -92.349897030102767, 17.702784719305544 ], [ -92.350673709638372, 17.617934059734377 ], [ -92.402078599981976, 17.578040109621568 ], [ -92.519984889553839, 17.573049769403344 ], [ -92.530073420161244, 17.549998419884258 ], [ -92.571410919798922, 17.549608619609764 ], [ -92.596989689862838, 17.520359649239783 ], [ -92.605825139854318, 17.477375739715651 ], [ -92.659408279552281, 17.444284739250914 ], [ -92.668185150438433, 17.456694569510077 ], [ -92.678765030025289, 17.378493569885173 ], [ -92.729508340219041, 17.34812850960521 ], [ -92.755006259614021, 17.34340696932906 ], [ -92.770663309891063, 17.360396319211304 ], [ -92.785794709851444, 17.417527289478336 ], [ -92.829399600455289, 17.408599339496973 ], [ -92.82921631978661, 17.396300489440964 ], [ -92.854264460462318, 17.411197629474586 ], [ -92.819630849806785, 17.432745949575487 ], [ -92.833902000228292, 17.482187649379114 ] ] ] } },
{ "type": "Feature", "properties": { "name": "Tamaulipas" }, "geometry": { "type": "Polygon", "coordinates": [ [ [ -99.060399449537499, 22.415268519723956 ], [ -99.236838750213465, 22.412861999415231 ], [ -99.329617679656209, 22.634887778978399 ], [ -99.373200480067609, 22.629077678951845 ], [ -99.385553110077439, 22.670268459094711 ], [ -99.442052880321299, 22.663615709524585 ], [ -99.477126830082241, 22.740637219134335 ], [ -99.49678850962232, 22.748497948917976 ], [ -99.544327380444713, 22.744140148891724 ], [ -99.494536369549053, 22.620868629749221 ], [ -99.534691910035946, 22.612764649362656 ], [ -99.560638290151545, 22.641220489442571 ], [ -99.682535459728797, 22.681124709080418 ], [ -99.724085169803573, 22.659608399701899 ], [ -99.814028980120824, 22.660765779776099 ], [ -99.847923570269955, 22.678435109566692 ], [ -99.842819000471025, 22.730557199362607 ], [ -99.882396980274621, 22.749862309529622 ], [ -99.956958139704099, 22.751666519445628 ], [ -100.022343260255013, 22.725924549691385 ], [ -100.094059939550192, 22.75126516945182 ], [ -100.101920399600971, 22.762792748985213 ], [ -100.029384200445151, 22.824393548940893 ], [ -100.044239080387911, 22.917892399672755 ], [ -100.110383629615924, 22.916714419029667 ], [ -100.110846950053585, 22.975718969315007 ], [ -100.089421019760394, 22.96875747950757 ], [ -100.097455310192572, 23.013090969218972 ], [ -100.071655780189957, 22.997357199124707 ], [ -100.062097419612982, 23.039843659189582 ], [ -100.011355120027261, 23.065359349404186 ], [ -100.069029110261866, 23.095941779633737 ], [ -100.068742968608021, 23.121156259407734 ], [ -100.115597260137733, 23.125989889600564 ], [ -100.118286169148718, 23.200545310181386 ], [ -100.078041120445207, 23.30598390950389 ], [ -100.144950220071422, 23.339515179476013 ], [ -100.080261430186042, 23.395748198892083 ], [ -99.921253400277351, 23.379191338947646 ], [ -99.961187630020063, 23.55688976961471 ], [ -99.860659980401138, 23.774462489345982 ], [ -99.769013890092708, 23.784488119755309 ], [ -99.602167479773584, 23.762870879290674 ], [ -99.576680849578295, 23.775462059342171 ], [ -99.493791079885696, 23.878692979378517 ], [ -99.456870718774283, 23.86606304903912 ], [ -99.486939860225434, 23.960500619244748 ], [ -99.540912060207546, 23.997271629166203 ], [ -99.541892710059756, 24.033649169470714 ], [ -99.570901710277539, 24.039366908942366 ], [ -99.657080630077132, 24.117996579676841 ], [ -99.647817829974244, 24.218095049202915 ], [ -99.594289740315986, 24.330913219680383 ], [ -99.589931110005068, 24.396142369677023 ], [ -99.636379320206018, 24.5066702489347 ], [ -99.719803859719065, 24.483710429354037 ], [ -99.732977770041188, 24.553990779441008 ], [ -99.609448579988126, 24.622490079126543 ], [ -99.546220520333563, 24.613074769724566 ], [ -99.545063020033595, 24.626516599685623 ], [ -99.499452279600646, 24.641257949535465 ], [ -99.500726060128827, 24.679171259391801 ], [ -99.47773549027805, 24.71262096888405 ], [ -99.389412429672234, 24.739792569001878 ], [ -99.364376689768477, 24.771755459033926 ], [ -99.294928489705924, 24.804143709292671 ], [ -99.212885480381303, 24.771674848835275 ], [ -99.181971259886993, 24.776041059244761 ], [ -99.207433349876794, 24.861392149285386 ], [ -99.158942910338766, 24.915988169241807 ], [ -99.180949540409415, 25.011541549297732 ], [ -99.156516509692082, 25.02784782902874 ], [ -99.160591940105121, 25.055277309203195 ], [ -99.097613110010386, 25.063121119004904 ], [ -99.052468139662821, 25.127132629128276 ], [ -99.02880203037742, 25.110354909509841 ], [ -99.019055889692766, 25.069925308997217 ], [ -98.934169940242427, 25.072763179327591 ], [ -98.423131659943095, 25.447492908964495 ], [ -98.421576080165366, 25.489355539210752 ], [ -98.581751579637626, 25.489361739288224 ], [ -98.585126060300311, 26.01791759906116 ], [ -98.823226549809377, 26.047648679260767 ], [ -98.900751950201553, 25.968322739395759 ], [ -99.02387220048044, 26.104102449250433 ], [ -99.076542079955729, 26.071864019144485 ], [ -99.097668860321662, 26.080746768914146 ], [ -99.130906660435073, 26.068816398866495 ], [ -99.126311820047775, 26.054022888901706 ], [ -99.160077480202403, 26.061229549241865 ], [ -99.197835969980417, 26.258682318905237 ], [ -99.260001570208118, 26.252849979337348 ], [ -99.364150259534284, 26.329270149034333 ], [ -99.401236119655394, 26.304799139443894 ], [ -99.430946580081113, 26.351301138923581 ], [ -99.396824819506733, 26.596565538922182 ], [ -99.538335249764856, 26.664595619004775 ], [ -99.659164460340463, 26.670365138909723 ], [ -99.657194829682268, 26.69511797911947 ], [ -99.618581459591653, 26.726470539450521 ], [ -99.61285399959911, 26.791630149402906 ], [ -99.580842820270689, 26.830112549207303 ], [ -99.591046630184181, 26.862548048971217 ], [ -99.627052569854087, 26.870457829641538 ], [ -99.63003012036296, 26.890290419671999 ], [ -99.661390519524915, 26.900838519664163 ], [ -99.687222909581948, 26.894546998791249 ], [ -99.694020419535647, 26.909299339520807 ], [ -99.721102290334457, 26.896503739370498 ], [ -99.744346320495794, 26.91215636884305 ], [ -99.766668890450177, 26.88984190908711 ], [ -99.770131489628852, 26.928418219004129 ], [ -99.734168120343256, 26.920612858909649 ], [ -99.650052829523958, 27.065857889458471 ], [ -99.678918750181111, 27.102448288997966 ], [ -99.74767041949444, 27.2772469991611 ], [ -99.760378819922138, 27.43695871909275 ], [ -99.919153629515051, 27.491515179653085 ], [ -99.926418279851006, 27.549156999159568 ], [ -99.728146739896644, 27.679126219494528 ], [ -99.705499909818755, 27.655254879658731 ], [ -99.690503350220155, 27.669118199055571 ], [ -99.663782909977797, 27.657444029057281 ], [ -99.655467279634834, 27.629259649524027 ], [ -99.595904320339187, 27.63976376935009 ], [ -99.577106149896565, 27.618310779658483 ], [ -99.584235019872125, 27.603458599171955 ], [ -99.554831260135828, 27.614409939516985 ], [ -99.511549199803085, 27.566082019174285 ], [ -99.528187649628222, 27.498153219497453 ], [ -99.493427229816348, 27.497627979539331 ], [ -99.478765260365478, 27.479506509041258 ], [ -99.495336349311714, 27.446578309472461 ], [ -99.48762099949424, 27.411046199615384 ], [ -99.504498739749437, 27.338779769192755 ], [ -99.538132630206647, 27.316452019425405 ], [ -99.494603920002689, 27.303764219345368 ], [ -99.490896780488285, 27.262724708798508 ], [ -99.461951910202856, 27.268386909643148 ], [ -99.441832599923202, 27.250806649121852 ], [ -99.426217739575222, 27.176127289672131 ], [ -99.44254351021533, 27.106829659573176 ], [ -99.428661050012465, 27.091592749014698 ], [ -99.452707520451682, 27.064064999260459 ], [ -99.445692149765179, 27.021863849070805 ], [ -99.41541270990659, 27.017375679278434 ], [ -99.376469000236938, 26.976851679428474 ], [ -99.393757080320341, 26.960227019253779 ], [ -99.385020619979272, 26.939602659221926 ], [ -99.324220979655934, 26.915945399265233 ], [ -99.317141570031481, 26.865461819159847 ], [ -99.268019949992379, 26.842628779215616 ], [ -99.239619749980534, 26.745261768792833 ], [ -99.208603429625782, 26.724448939144391 ], [ -99.1715186202225, 26.543152058907037 ], [ -99.104311000394034, 26.499090739691518 ], [ -99.091649649635514, 26.475317648974475 ], [ -99.113588920326109, 26.432523708967889 ], [ -99.083986080094832, 26.397573119114291 ], [ -99.03728860044852, 26.413568369420322 ], [ -99.010774709682792, 26.392258628971753 ], [ -98.974386770229643, 26.401306769357063 ], [ -98.943241460332899, 26.369437279429892 ], [ -98.92672338045152, 26.394565429148354 ], [ -98.896133230449607, 26.353081089459803 ], [ -98.804601711575756, 26.367626632442764 ], [ -98.788518082445137, 26.330514681962054 ], [ -98.750717861812959, 26.331183111909699 ], [ -98.736072860035321, 26.308323489375773 ], [ -98.754980599807737, 26.307587848932513 ], [ -98.750919061820468, 26.296011621649317 ], [ -98.702459582087656, 26.287092222247093 ], [ -98.719657770705126, 26.272552510727163 ], [ -98.681121630009613, 26.262936049597997 ], [ -98.670564310476465, 26.237002628980605 ], [ -98.634577829619005, 26.242333059226542 ], [ -98.624412340192734, 26.259740429363873 ], [ -98.616258890285138, 26.246488679275462 ], [ -98.58572970972827, 26.257670689175079 ], [ -98.562664568749057, 26.224410489514032 ], [ -98.545740649885119, 26.236528089305619 ], [ -98.554243019634995, 26.247785629603168 ], [ -98.481401030402736, 26.200621850136852 ], [ -98.481815629099174, 26.219304369221874 ], [ -98.444102739698934, 26.224177740264757 ], [ -98.443931799981641, 26.200541368910322 ], [ -98.387320520069778, 26.15842493612886 ], [ -98.366374510348706, 26.157660507332324 ], [ -98.359825660476716, 26.172514646565901 ], [ -98.35209117045828, 26.151055537164538 ], [ -98.335692650191419, 26.16581857712578 ], [ -98.335614748652375, 26.138315027278832 ], [ -98.305338050325929, 26.1028863391595 ], [ -98.296866310411303, 26.120298449878703 ], [ -98.26629614989605, 26.120937120411501 ], [ -98.288374950420518, 26.104691539975832 ], [ -98.193635370502065, 26.053088978830914 ], [ -98.176585539604943, 26.07531487916664 ], [ -98.146865279718298, 26.049138978971502 ], [ -98.131870550217684, 26.074309829694016 ], [ -98.093584620068782, 26.058648819262128 ], [ -98.081331050460633, 26.071301689202166 ], [ -98.072949309945983, 26.036423999385043 ], [ -98.038713019573336, 26.041367288799872 ], [ -98.027930230361207, 26.066983679081069 ], [ -98.011887059537557, 26.056081579443102 ], [ -97.980197119571017, 26.067216979043057 ], [ -97.965874920295008, 26.051666079479521 ], [ -97.933550289773109, 26.052985719416139 ], [ -97.933642919517155, 26.065557019000632 ], [ -97.868976260411557, 26.056777739446204 ], [ -97.861396620158487, 26.070029249346604 ], [ -97.861001649514535, 26.05296141956849 ], [ -97.834261780472247, 26.045602218839321 ], [ -97.819285709905742, 26.056584309435081 ], [ -97.812411179554914, 26.044065579681973 ], [ -97.801092709643498, 26.060210168849785 ], [ -97.777898849573504, 26.029208059373655 ], [ -97.768035490017596, 26.047258908876689 ], [ -97.761538619788098, 26.025561339380552 ], [ -97.720455459944901, 26.023023119701723 ], [ -97.707120079775748, 26.037734569355116 ], [ -97.691559879782432, 26.018817828999165 ], [ -97.693270690325079, 26.032358458976574 ], [ -97.66261400027841, 26.038076479248968 ], [ -97.668137289593247, 26.019425309178708 ], [ -97.639920950481553, 26.023950829135277 ], [ -97.649294979774538, 26.010443679262345 ], [ -97.618361060294816, 26.002315279449061 ], [ -97.634449630243154, 25.990036769459206 ], [ -97.602095199943477, 25.957355459523868 ], [ -97.582121520226337, 25.962378249600675 ], [ -97.578117049862001, 25.942093619210226 ], [ -97.567907580184183, 25.952513859554177 ], [ -97.583274229618667, 25.933216479364464 ], [ -97.537314449559247, 25.930809549244039 ], [ -97.521271630225385, 25.886323749023028 ], [ -97.498190220478705, 25.899162679597751 ], [ -97.497150220283672, 25.879867429074086 ], [ -97.455517460121044, 25.884119249574297 ], [ -97.444612689308542, 25.867806579583178 ], [ -97.454056578641982, 25.854280849475956 ], [ -97.424451799904546, 25.84044002912043 ], [ -97.409454719990151, 25.862269948917206 ], [ -97.406150600151733, 25.837895968959547 ], [ -97.372630779539236, 25.840125149388822 ], [ -97.364211890324057, 25.85086714909129 ], [ -97.376186249934975, 25.855592939061232 ], [ -97.356659060147493, 25.867350519402411 ], [ -97.374172939527242, 25.880277379231362 ], [ -97.356401280055408, 25.887761949409676 ], [ -97.375031880017559, 25.908292489128947 ], [ -97.34791539967641, 25.931310309475947 ], [ -97.326095909908744, 25.917544079597214 ], [ -97.303204710327137, 25.936980569069743 ], [ -97.276822000216285, 25.935197629106483 ], [ -97.283965679990999, 25.95932799897459 ], [ -97.247494370325143, 25.948030548979698 ], [ -97.17553546019947, 25.96575234929006 ], [ -97.145955740052486, 25.952253539091338 ], [ -97.151306456115762, 25.826772769689196 ], [ -97.182335650250891, 25.678789724271255 ], [ -97.507710288198467, 25.064490192847167 ], [ -97.586254060471518, 24.843283999111016 ], [ -97.686917381373433, 24.450560993031971 ], [ -97.727338366562165, 24.092030890844082 ], [ -97.731777060000766, 23.771697538755394 ], [ -97.768528494246823, 23.377687370311481 ], [ -97.765859571824436, 22.89499041609406 ], [ -97.788854503166078, 22.790604853182277 ], [ -97.844974911878396, 22.660258894424899 ], [ -97.859326013730623, 22.566409720223554 ], [ -97.854843374495445, 22.504111098096594 ], [ -97.833531161763233, 22.493042467425106 ], [ -97.858612891738687, 22.489510363043429 ], [ -97.834385569528195, 22.482213057193675 ], [ -97.858298737411076, 22.476158005135932 ], [ -97.8452412070111, 22.405372286455169 ], [ -97.811780021397567, 22.306893762904657 ], [ -97.772952706958108, 22.266863125985854 ], [ -97.832112508997682, 22.238102709995367 ], [ -97.844888290340791, 22.206965829493448 ], [ -97.894962461136643, 22.222378436867331 ], [ -97.956707617373667, 22.293892370733118 ], [ -98.000324048998365, 22.297432489977997 ], [ -97.99894939881365, 22.314326750410714 ], [ -97.983979908705336, 22.304671259011698 ], [ -97.970509738734776, 22.328050220243387 ], [ -97.990020249058347, 22.350863819506152 ], [ -98.074263309843104, 22.347781200255749 ], [ -98.086015309069168, 22.370153659041566 ], [ -98.106213119072649, 22.366712310143722 ], [ -98.11353596958844, 22.395303280267303 ], [ -98.188987520317099, 22.425339449904047 ], [ -98.194995219118624, 22.469558969912612 ], [ -98.247931428889899, 22.471656629348828 ], [ -98.272936889849333, 22.447291050245958 ], [ -98.287369319304091, 22.467028170396155 ], [ -98.316822980055093, 22.468562339014294 ], [ -98.312215180439253, 22.445219198915357 ], [ -98.327361450441074, 22.426469579071462 ], [ -98.313471460054217, 22.41679867931758 ], [ -98.316800910454717, 22.391948119455289 ], [ -98.349310050099561, 22.388260889470189 ], [ -98.355225350376031, 22.407445629291491 ], [ -98.389579310014, 22.390714949112155 ], [ -98.388643889569494, 22.424293029205799 ], [ -98.409543420122944, 22.399926689012698 ], [ -98.433117260134665, 22.41357830947338 ], [ -98.433766089549167, 22.432864459526261 ], [ -98.460959119690813, 22.412191919197454 ], [ -98.466807580459175, 22.428801739396068 ], [ -98.505040110070667, 22.429471539695804 ], [ -98.525361720206106, 22.406780719091586 ], [ -98.574935519903235, 22.393945489040942 ], [ -98.638155999615662, 22.414524029480571 ], [ -98.700819910215046, 22.402572689632329 ], [ -98.758934780055526, 22.366312739625034 ], [ -98.821467319733387, 22.356255799477246 ], [ -98.872289490001975, 22.367412979343989 ], [ -98.889997249592014, 22.35509350971909 ], [ -98.925544860418654, 22.371746779121931 ], [ -98.931972719781058, 22.392775139409455 ], [ -99.060399449537499, 22.415268519723956 ] ] ] } },
{ "type": "Feature", "properties": { "name": "Tlaxcala" }, "geometry": { "type": "Polygon", "coordinates": [ [ [ -98.230241230336432, 19.156728620185643 ], [ -98.312172689561621, 19.190398818991202 ], [ -98.323929289578828, 19.168661879277458 ], [ -98.342710289655614, 19.177939739556248 ], [ -98.330680969666801, 19.200150049179395 ], [ -98.368915049957522, 19.226121999177433 ], [ -98.410090829869759, 19.291339260446453 ], [ -98.407721370037422, 19.315931709575857 ], [ -98.441272999896427, 19.32525113967576 ], [ -98.4702777103752, 19.360830909458418 ], [ -98.523192140333791, 19.460868679070423 ], [ -98.5702761396429, 19.466769349370463 ], [ -98.591275649901661, 19.449214199088104 ], [ -98.65322655045577, 19.465986229500192 ], [ -98.708398578952597, 19.547599689186768 ], [ -98.681379949838899, 19.598284939623497 ], [ -98.609836079555606, 19.60201430923723 ], [ -98.566357800271973, 19.641119659683085 ], [ -98.550399679697833, 19.618578169705934 ], [ -98.535575779605395, 19.634418879577254 ], [ -98.51923880022342, 19.602399289250936 ], [ -98.491613848673936, 19.607367829052965 ], [ -98.490195429873836, 19.619953319102724 ], [ -98.412666539181117, 19.61749908903159 ], [ -98.381696849779075, 19.609361859212761 ], [ -98.381686050040614, 19.609250289614341 ], [ -98.377938490037678, 19.593467649441514 ], [ -98.3765838801054, 19.587846019824692 ], [ -98.381696848823168, 19.609361859189921 ], [ -98.323803140256814, 19.685297649718976 ], [ -98.331667199745084, 19.722319970410624 ], [ -98.255318919300421, 19.718829020645174 ], [ -98.241067279743874, 19.675836150077156 ], [ -98.165564308853973, 19.667475859247563 ], [ -98.117735879806446, 19.688263339143063 ], [ -98.101007918566609, 19.668049889640962 ], [ -98.060808449939259, 19.728917429131023 ], [ -98.036436910393704, 19.685843509979563 ], [ -98.042212020010624, 19.640224709241515 ], [ -97.980678259466259, 19.628541631761632 ], [ -97.950532751254684, 19.602838174907781 ], [ -97.946706390889091, 19.585630221915505 ], [ -97.916147572874905, 19.594016026992588 ], [ -97.871812589548441, 19.561767646059565 ], [ -97.889748259933839, 19.504579089534655 ], [ -97.84873908976013, 19.482781909437438 ], [ -97.862271489811221, 19.456175519696188 ], [ -97.794538679820462, 19.498374599003025 ], [ -97.79685926006664, 19.472442848991392 ], [ -97.754801449820221, 19.45754287928963 ], [ -97.673858819785281, 19.367471459791766 ], [ -97.63144614974, 19.355395429441529 ], [ -97.626355568716605, 19.323933969455052 ], [ -97.690933250163084, 19.285888119707966 ], [ -97.719642950265722, 19.304753229315548 ], [ -97.738332739890865, 19.287099629011998 ], [ -97.745091819945728, 19.305259939755537 ], [ -97.771385520095848, 19.283752649362011 ], [ -97.839270430191618, 19.301376170761351 ], [ -97.838428659484009, 19.287264400637596 ], [ -97.87335401915611, 19.273003379566067 ], [ -97.854051819004354, 19.257328290262642 ], [ -97.870494709754084, 19.240060969746608 ], [ -97.850988289891646, 19.222934229375646 ], [ -97.928202650326298, 19.164213419754578 ], [ -98.031686259926303, 19.230938379720232 ], [ -98.164746564746395, 19.10545152156989 ], [ -98.204347820116041, 19.114928919813639 ], [ -98.190706689378629, 19.139985739386837 ], [ -98.217198539526706, 19.134925250571598 ], [ -98.230241230336432, 19.156728620185643 ] ], [ [ -97.960093708586314, 19.599768709922461 ], [ -97.960093708587237, 19.599768709777752 ], [ -97.955582506745031, 19.603148742474268 ], [ -97.960093708586314, 19.599768709922461 ] ], [ [ -98.371551479992007, 19.591055509148116 ], [ -98.369748259715763, 19.59221105916528 ], [ -98.372621168771147, 19.590374090749453 ], [ -98.371551479992007, 19.591055509148116 ] ], [ [ -98.366208319740423, 19.5944870492646 ], [ -98.366201179705428, 19.594471849548366 ], [ -98.369748259715763, 19.59221105916528 ], [ -98.366208319740423, 19.5944870492646 ] ], [ [ -98.366201179705428, 19.594471849548366 ], [ -98.365750940114168, 19.593575379800047 ], [ -98.364877659672629, 19.591919319200564 ], [ -98.366201179705428, 19.594471849548366 ] ], [ [ -98.363595349801415, 19.589446179413422 ], [ -98.362021910254356, 19.586409599278365 ], [ -98.364877659672629, 19.591919319200564 ], [ -98.363595349801415, 19.589446179413422 ] ], [ [ -98.362010050484884, 19.586388568972382 ], [ -98.36412105996871, 19.585071829565294 ], [ -98.362021910254356, 19.586409599278365 ], [ -98.362010050484884, 19.586388568972382 ] ], [ [ -98.365137600322569, 19.584403779155501 ], [ -98.36515634359516, 19.584386516675288 ], [ -98.365057800450984, 19.584482109170992 ], [ -98.365137600322569, 19.584403779155501 ] ], [ [ -98.368757830377518, 19.57466451904634 ], [ -98.37204089018482, 19.580009709824388 ], [ -98.368917889606422, 19.574811429260162 ], [ -98.368757830377518, 19.57466451904634 ] ], [ [ -98.368757830377518, 19.57466451904634 ], [ -98.368445489906421, 19.574356769758385 ], [ -98.368331549538794, 19.573987919056059 ], [ -98.368757830377518, 19.57466451904634 ] ], [ [ -98.368286850196853, 19.573773659101931 ], [ -98.36825704990305, 19.573581819641557 ], [ -98.368331549538794, 19.573987919056059 ], [ -98.368286850196853, 19.573773659101931 ] ], [ [ -98.354287920124804, 19.571405309062964 ], [ -98.366229250415216, 19.573139379147843 ], [ -98.361571049907212, 19.572450909087362 ], [ -98.354287920124804, 19.571405309062964 ] ], [ [ -98.321661049721115, 19.563265709426808 ], [ -98.339573660426495, 19.569253079138324 ], [ -98.322260279830658, 19.566690029267939 ], [ -98.321661049721115, 19.563265709426808 ] ], [ [ -98.321535680026756, 19.561998999205372 ], [ -98.320488890122093, 19.550276999438228 ], [ -98.322581459789134, 19.545518629399112 ], [ -98.321535680026756, 19.561998999205372 ] ], [ [ -98.322615948808846, 19.542952949432369 ], [ -98.322615949764369, 19.542952949455696 ], [ -98.298624120042419, 19.537624649370443 ], [ -98.322615948808846, 19.542952949432369 ] ], [ [ -98.29865592034939, 19.537570349181735 ], [ -98.298655919369239, 19.537570350064176 ], [ -98.298624120042419, 19.537624649370443 ], [ -98.29865592034939, 19.537570349181735 ] ], [ [ -98.29899741824083, 19.536874311930291 ], [ -98.298857889525038, 19.537343679619998 ], [ -98.29891486045787, 19.537232619179743 ], [ -98.298970170225303, 19.537049969185279 ], [ -98.29899741824083, 19.536874311930291 ] ], [ [ -98.299059800374721, 19.536663719580737 ], [ -98.299089043244862, 19.53650753712903 ], [ -98.299013197673801, 19.536813070361738 ], [ -98.299059800374721, 19.536663719580737 ] ], [ [ -98.299112369734857, 19.536317449825479 ], [ -98.299169659728349, 19.535945829053755 ], [ -98.299239339879378, 19.535763539034441 ], [ -98.299268379883642, 19.53562113935779 ], [ -98.299268419961919, 19.535488249020638 ], [ -98.299315512360664, 19.535342895624797 ], [ -98.299268419006452, 19.535488248997243 ], [ -98.299239338923982, 19.535763539011064 ], [ -98.299169658772968, 19.535945829030403 ], [ -98.299112369734857, 19.536317449825479 ] ], [ [ -98.299358336437336, 19.535277168148721 ], [ -98.299503690199614, 19.53516688967817 ], [ -98.299568786727946, 19.535137448534243 ], [ -98.299358336437336, 19.535277168148721 ] ], [ [ -98.299850921249643, 19.535041152625066 ], [ -98.299980850376357, 19.534982939731172 ], [ -98.300107550149079, 19.534819079636776 ], [ -98.299850921249643, 19.535041152625066 ] ], [ [ -98.300180910028928, 19.534766349838002 ], [ -98.30026024993488, 19.534758059124577 ], [ -98.300107550149079, 19.534819079636776 ], [ -98.300180910028928, 19.534766349838002 ] ], [ [ -98.300603510380341, 19.534432540197677 ], [ -98.300591400351323, 19.534612829703732 ], [ -98.300604219879844, 19.534538179226296 ], [ -98.300603510380341, 19.534432540197677 ] ], [ [ -98.300649710324535, 19.534188339462332 ], [ -98.300639150354669, 19.533915479173658 ], [ -98.300649050344475, 19.533684019492693 ], [ -98.300639149374575, 19.533915480056201 ], [ -98.300649709344512, 19.534188340344738 ], [ -98.300628579761053, 19.534303679470025 ], [ -98.300649710324535, 19.534188339462332 ] ], [ [ -98.300959950073576, 19.532963779131581 ], [ -98.301008320238509, 19.532903649741172 ], [ -98.300829110454231, 19.533239875781195 ], [ -98.300959950073576, 19.532963779131581 ] ], [ [ -98.301024090199235, 19.532852909268826 ], [ -98.301026600121702, 19.532760980770959 ], [ -98.301008320238509, 19.532903649741172 ], [ -98.301024090199235, 19.532852909268826 ] ], [ [ -98.301002919265343, 19.532705879942132 ], [ -98.301002920245438, 19.532705879059652 ], [ -98.300946720413393, 19.532656799143357 ], [ -98.301002919265343, 19.532705879942132 ] ], [ [ -98.300946720413393, 19.532656799143357 ], [ -98.300802459911765, 19.532540829386981 ], [ -98.300765430196378, 19.532447919237885 ], [ -98.300946720413393, 19.532656799143357 ] ], [ [ -98.300788220471034, 19.532271289524715 ], [ -98.300806115256805, 19.532249341322757 ], [ -98.300769244885558, 19.532325343041606 ], [ -98.300788220471034, 19.532271289524715 ] ], [ [ -98.300982340066994, 19.532008309852564 ], [ -98.300995710236961, 19.531913229835563 ], [ -98.300962012801691, 19.532061463933267 ], [ -98.300982340066994, 19.532008309852564 ] ], [ [ -98.301104600276744, 19.531346859207954 ], [ -98.301141722355268, 19.531139088098346 ], [ -98.301025890091964, 19.531597079450318 ], [ -98.301104600276744, 19.531346859207954 ] ], [ [ -98.301256550142469, 19.53078988911092 ], [ -98.301289092879102, 19.530545361136632 ], [ -98.301227353750235, 19.530840263191124 ], [ -98.301256550142469, 19.53078988911092 ] ], [ [ -98.301539780167218, 19.529498619149418 ], [ -98.301334430271993, 19.530042179442805 ], [ -98.301415630044545, 19.529832909400696 ], [ -98.301539780167218, 19.529498619149418 ] ], [ [ -98.301756259946444, 19.529222859306969 ], [ -98.301965709595279, 19.529057619727034 ], [ -98.301679853919325, 19.529289985664921 ], [ -98.301756259946444, 19.529222859306969 ] ], [ [ -98.301965709595279, 19.529057619727034 ], [ -98.302144569602532, 19.528826889045074 ], [ -98.302162549988068, 19.528694429355419 ], [ -98.301965709595279, 19.529057619727034 ] ], [ [ -98.30216293956795, 19.528547918983239 ], [ -98.302125379593292, 19.528342569443492 ], [ -98.302078780249104, 19.528205138982688 ], [ -98.302067349697353, 19.528083659241947 ], [ -98.302084059702537, 19.527865998978481 ], [ -98.302091539880948, 19.527723079267659 ], [ -98.302079570202949, 19.527634178981248 ], [ -98.302045400170982, 19.52756861967649 ], [ -98.30199971028226, 19.527530019826369 ], [ -98.302079569247539, 19.527634178957896 ], [ -98.302067348742028, 19.528083659218542 ], [ -98.302078780224477, 19.528205139888446 ], [ -98.302162938587898, 19.528547919865684 ], [ -98.302162549988068, 19.528694429355419 ], [ -98.30216293956795, 19.528547918983239 ] ], [ [ -98.301618649654628, 19.527527509559761 ], [ -98.301510199668769, 19.527548709489526 ], [ -98.301705349652622, 19.527512599292162 ], [ -98.301618649654628, 19.527527509559761 ] ], [ [ -98.301416230015633, 19.527566859012865 ], [ -98.301319310094499, 19.527561079697854 ], [ -98.301510199668769, 19.527548709489526 ], [ -98.301416230015633, 19.527566859012865 ] ], [ [ -98.301146739770076, 19.527560259014884 ], [ -98.30104538016613, 19.527585049184353 ], [ -98.30131570703675, 19.527561062562995 ], [ -98.301146739770076, 19.527560259014884 ] ], [ [ -98.300921549935907, 19.527643349723441 ], [ -98.300802710249485, 19.527650659040891 ], [ -98.300785659636844, 19.527616169235213 ], [ -98.300921549935907, 19.527643349723441 ] ], [ [ -98.300763019808443, 19.527523619689333 ], [ -98.300748570442963, 19.527393779697157 ], [ -98.300785659636844, 19.527616169235213 ], [ -98.300763019808443, 19.527523619689333 ] ], [ [ -98.300942550056007, 19.526820880693009 ], [ -98.30091669031475, 19.527019079257943 ], [ -98.30093940001106, 19.526937179852712 ], [ -98.300942550056007, 19.526820880693009 ] ], [ [ -98.301037304312302, 19.526284933119381 ], [ -98.300936579740522, 19.526476419141861 ], [ -98.301001250186005, 19.526356769170636 ], [ -98.301037304312302, 19.526284933119381 ] ], [ [ -98.300823969415021, 19.52615047943571 ], [ -98.300823970370345, 19.526150479459062 ], [ -98.302952969913761, 19.519383029729941 ], [ -98.302850849823557, 19.519355029808825 ], [ -98.300823969415021, 19.52615047943571 ] ], [ [ -98.30280342992711, 19.519342949289239 ], [ -98.303103570071215, 19.518434679059471 ], [ -98.302850849823557, 19.519355029808825 ], [ -98.30280342992711, 19.519342949289239 ] ], [ [ -98.303391060019891, 19.517479339010084 ], [ -98.303412137275984, 19.51739738917674 ], [ -98.303363756482256, 19.517572430999802 ], [ -98.303391060019891, 19.517479339010084 ] ], [ [ -98.303566340088963, 19.51691467959855 ], [ -98.303494019745429, 19.517139689376172 ], [ -98.303521340415287, 19.517029279269554 ], [ -98.303566340088963, 19.51691467959855 ] ], [ [ -98.303658689872435, 19.516663819571008 ], [ -98.303690334872698, 19.516574876218769 ], [ -98.303613139934114, 19.516777779464356 ], [ -98.303658689872435, 19.516663819571008 ] ], [ [ -98.303768740129499, 19.51631288928143 ], [ -98.303797361413274, 19.516219568277116 ], [ -98.303717193801759, 19.516491151067942 ], [ -98.303768740129499, 19.51631288928143 ] ], [ [ -98.303905449993948, 19.515859509156627 ], [ -98.303931857569481, 19.515758401797395 ], [ -98.30382542124282, 19.516126519855575 ], [ -98.303905449993948, 19.515859509156627 ] ], [ [ -98.304079080318459, 19.515263849319762 ], [ -98.304109130364409, 19.515171866576861 ], [ -98.304051615574423, 19.515361287642929 ], [ -98.304079080318459, 19.515263849319762 ] ], [ [ -98.304161983818659, 19.515012724909958 ], [ -98.304221799715563, 19.514787369171174 ], [ -98.304266400254193, 19.514668519741871 ], [ -98.304293914620487, 19.514582983653096 ], [ -98.304161983818659, 19.515012724909958 ] ], [ [ -98.304377419661975, 19.514309459625661 ], [ -98.304397442958148, 19.514234682363465 ], [ -98.304319501176238, 19.51450056995062 ], [ -98.304377419661975, 19.514309459625661 ] ], [ [ -98.302247460010904, 19.508864719714229 ], [ -98.304547309857824, 19.513706289227386 ], [ -98.304674060451475, 19.513559569041057 ], [ -98.304799170355764, 19.513180509457275 ], [ -98.304882519622282, 19.512910999319086 ], [ -98.30525072044135, 19.511575429362992 ], [ -98.303272770417792, 19.510858999328267 ], [ -98.303160620000497, 19.510653599718808 ], [ -98.302949829617006, 19.509477679741916 ], [ -98.302782519781829, 19.508978919512554 ], [ -98.302247460010904, 19.508864719714229 ] ], [ [ -98.300278799030139, 19.508301090592528 ], [ -98.300278800009963, 19.508301089710109 ], [ -98.300058510217852, 19.507795059301376 ], [ -98.300278799030139, 19.508301090592528 ] ], [ [ -98.299717079754302, 19.507651939438926 ], [ -98.299717079181008, 19.507651939575631 ], [ -98.300058510217852, 19.507795059301376 ], [ -98.299717079754302, 19.507651939438926 ] ], [ [ -98.298888179887769, 19.508020139514095 ], [ -98.298690258699025, 19.508146897141451 ], [ -98.299215140343193, 19.507771629565454 ], [ -98.298888179887769, 19.508020139514095 ] ], [ [ -98.297843120112489, 19.508694888959933 ], [ -98.297714542760957, 19.508819604934111 ], [ -98.297943647005482, 19.508627708544115 ], [ -98.297843120112489, 19.508694888959933 ] ], [ [ -98.297575119960982, 19.508929908984694 ], [ -98.29751478817829, 19.508972483148131 ], [ -98.297704619470608, 19.508829230144595 ], [ -98.297575119960982, 19.508929908984694 ] ], [ [ -98.296381551846181, 19.50922819035112 ], [ -98.296951549737472, 19.509051979645971 ], [ -98.296790150400369, 19.509091229263507 ], [ -98.296381551846181, 19.50922819035112 ] ], [ [ -98.29613455090572, 19.509420694371087 ], [ -98.294993819896376, 19.510186289372328 ], [ -98.294687509634883, 19.510296719088725 ], [ -98.29613455090572, 19.509420694371087 ] ], [ [ -98.294389770112048, 19.510293939736837 ], [ -98.29373446024519, 19.510255219084797 ], [ -98.294687509634883, 19.510296719088725 ], [ -98.294389770112048, 19.510293939736837 ] ], [ [ -98.29216762024511, 19.510363909245385 ], [ -98.290762290112355, 19.510440079105969 ], [ -98.293593072396277, 19.510265027021795 ], [ -98.29216762024511, 19.510363909245385 ] ], [ [ -98.290762290112355, 19.510440079105969 ], [ -98.289501909794282, 19.51085881960644 ], [ -98.287644909639468, 19.511845659808834 ], [ -98.286451720334, 19.512396569004739 ], [ -98.286425282703874, 19.512420728717046 ], [ -98.290762290112355, 19.510440079105969 ] ], [ [ -98.286326569844803, 19.512414019057228 ], [ -98.286398449155939, 19.512445249337787 ], [ -98.286398449446381, 19.512445249072378 ], [ -98.286326569844803, 19.512414019057228 ] ], [ [ -98.286326569844803, 19.512414019057228 ], [ -98.28571756967321, 19.512140419518992 ], [ -98.285273179766591, 19.511988569290228 ], [ -98.285019310058331, 19.511850849362585 ], [ -98.284181510411997, 19.511482719853156 ], [ -98.278555570044304, 19.509087449718869 ], [ -98.277682550184977, 19.508735599259307 ], [ -98.28527317881148, 19.511988569266759 ], [ -98.286326569844803, 19.512414019057228 ] ], [ [ -98.283326420385293, 19.474866980183894 ], [ -98.283318369330502, 19.474624689730454 ], [ -98.283135689415133, 19.473761169215059 ], [ -98.283326420385293, 19.474866980183894 ] ], [ [ -98.296150490338277, 19.440653309594651 ], [ -98.296547139764883, 19.439769859186264 ], [ -98.295815288727027, 19.441290479339965 ], [ -98.296150490338277, 19.440653309594651 ] ], [ [ -98.298081378996457, 19.411609679700288 ], [ -98.297574058725928, 19.409790479889427 ], [ -98.298579619183784, 19.414432779084752 ], [ -98.298081378996457, 19.411609679700288 ] ], [ [ -98.296397568782695, 19.405805629950283 ], [ -98.295480049732731, 19.403413719599246 ], [ -98.295322200038356, 19.403110059724284 ], [ -98.296397568782695, 19.405805629950283 ] ], [ [ -98.295223379303138, 19.402922939379931 ], [ -98.295005258798838, 19.403048719049096 ], [ -98.295322200038356, 19.403110059724284 ], [ -98.295223379303138, 19.402922939379931 ] ], [ [ -98.292354109819243, 19.403645019969421 ], [ -98.292146659438316, 19.403471060374088 ], [ -98.292626999155814, 19.403909050739056 ], [ -98.292354109819243, 19.403645019969421 ] ], [ [ -98.287765659124233, 19.409624999295129 ], [ -98.287565169290929, 19.409897349338557 ], [ -98.287969689799269, 19.409420709646813 ], [ -98.287765659124233, 19.409624999295129 ] ], [ [ -98.287414338724219, 19.410062019255378 ], [ -98.287169580374069, 19.410314149590516 ], [ -98.287565169290929, 19.409897349338557 ], [ -98.287414338724219, 19.410062019255378 ] ], [ [ -98.283992740260103, 19.413733019179755 ], [ -98.283632920144413, 19.413944510651152 ], [ -98.284521249143125, 19.41334856976858 ], [ -98.283992740260103, 19.413733019179755 ] ], [ [ -98.281825748794489, 19.414088549800415 ], [ -98.28164031028669, 19.413945199855341 ], [ -98.282058749452872, 19.414217078954483 ], [ -98.281825748794489, 19.414088549800415 ] ], [ [ -98.281049398835691, 19.414262749255066 ], [ -98.280934449926562, 19.414241750179546 ], [ -98.281156849753984, 19.414262349150075 ], [ -98.281049398835691, 19.414262749255066 ] ], [ [ -98.280370249930428, 19.413253679012978 ], [ -98.280370250063214, 19.413253679860361 ], [ -98.280423289979964, 19.413234059019324 ], [ -98.280370249930428, 19.413253679012978 ] ], [ [ -98.277775289206645, 19.411219740522988 ], [ -98.278290118863566, 19.411485999332555 ], [ -98.278290119207227, 19.411485999040128 ], [ -98.277775289206645, 19.411219740522988 ] ], [ [ -98.277520490333387, 19.410769179428893 ], [ -98.277365659079251, 19.410608830531864 ], [ -98.277614950198213, 19.410919480310671 ], [ -98.277520490333387, 19.410769179428893 ] ], [ [ -98.276226349973058, 19.410148149559983 ], [ -98.276291770295884, 19.410009150214616 ], [ -98.276195940089508, 19.410220309692729 ], [ -98.276226349973058, 19.410148149559983 ] ], [ [ -98.275991119712003, 19.409494480718287 ], [ -98.275797079816229, 19.409452979623943 ], [ -98.276159309824635, 19.409564770091404 ], [ -98.275991119712003, 19.409494480718287 ] ], [ [ -98.275297370004921, 19.409172120588703 ], [ -98.275177379789483, 19.408852279942924 ], [ -98.275020860331679, 19.408732139297602 ], [ -98.275297370004921, 19.409172120588703 ] ], [ [ -98.274338879824768, 19.408967779747194 ], [ -98.274099479879652, 19.408982400491222 ], [ -98.274603119453658, 19.408904829389098 ], [ -98.274338879824768, 19.408967779747194 ] ], [ [ -98.272234168647046, 19.408311459479702 ], [ -98.272027538552507, 19.407886690370798 ], [ -98.2724152501047, 19.408358780213597 ], [ -98.272234168647046, 19.408311459479702 ] ], [ [ -98.270835060240145, 19.405731179023743 ], [ -98.270706779257665, 19.405431659495115 ], [ -98.270873250375857, 19.405886969150746 ], [ -98.270835060240145, 19.405731179023743 ] ], [ [ -98.267900520098607, 19.403544339164192 ], [ -98.267627770154718, 19.403148170198047 ], [ -98.268192909823171, 19.403761919360971 ], [ -98.267900520098607, 19.403544339164192 ] ], [ [ -98.2659331407, 19.400827619950281 ], [ -98.265933140406844, 19.400827620544771 ], [ -98.266239508956559, 19.401182919705555 ], [ -98.2659331407, 19.400827619950281 ] ], [ [ -98.262563120038237, 19.397528749325819 ], [ -98.262388018767311, 19.397419750047245 ], [ -98.262793909578207, 19.397651719383816 ], [ -98.262563120038237, 19.397528749325819 ] ], [ [ -98.259302369016766, 19.394460399883055 ], [ -98.259302368941633, 19.394460400261089 ], [ -98.259323259805242, 19.394679829313372 ], [ -98.259302369016766, 19.394460399883055 ] ], [ [ -98.258831220330663, 19.392238149351954 ], [ -98.258816479396287, 19.392131569570299 ], [ -98.258825889272075, 19.39239935018276 ], [ -98.258831220330663, 19.392238149351954 ] ], [ [ -98.254452449102658, 19.388911020166432 ], [ -98.254452449127584, 19.388911019260785 ], [ -98.254184020311868, 19.388670150208867 ], [ -98.254452449102658, 19.388911020166432 ] ], [ [ -98.253283719776334, 19.386602049323493 ], [ -98.253095819540292, 19.386514379922108 ], [ -98.253527489336165, 19.386715509693683 ], [ -98.253283719776334, 19.386602049323493 ] ], [ [ -98.25232644878551, 19.386012289710781 ], [ -98.252175029113786, 19.385959380519022 ], [ -98.252501140127876, 19.385995579708265 ], [ -98.25232644878551, 19.386012289710781 ] ], [ [ -98.252055830338847, 19.385897889582637 ], [ -98.252055829667228, 19.38589788970468 ], [ -98.252175029113786, 19.385959380519022 ], [ -98.252055830338847, 19.385897889582637 ] ], [ [ -98.25105992007947, 19.38586241934836 ], [ -98.250957169194407, 19.38578869041249 ], [ -98.251277220282077, 19.385985340593109 ], [ -98.25105992007947, 19.38586241934836 ] ], [ [ -98.250255049626745, 19.385401549625005 ], [ -98.25014051931926, 19.38529078031603 ], [ -98.250378119280768, 19.38544274963672 ], [ -98.250255049626745, 19.385401549625005 ] ], [ [ -98.255304539387566, 19.366453569590554 ], [ -98.255103918977127, 19.366276000353871 ], [ -98.255541999066949, 19.366629490563138 ], [ -98.255304539387566, 19.366453569590554 ] ], [ [ -98.255562950213942, 19.360103779169641 ], [ -98.255554170028532, 19.360026999257339 ], [ -98.255562950097485, 19.360103779274592 ], [ -98.255562950213942, 19.360103779169641 ] ], [ [ -98.254929320290685, 19.358827950197778 ], [ -98.254929319336554, 19.358827950174081 ], [ -98.2552070895604, 19.358912049551833 ], [ -98.254929320290685, 19.358827950197778 ] ], [ [ -98.253597199722662, 19.357691119669315 ], [ -98.253346339531333, 19.357742909771122 ], [ -98.253698819484214, 19.357762830411165 ], [ -98.253597199722662, 19.357691119669315 ] ], [ [ -98.252623199083331, 19.357539229420041 ], [ -98.252440218886576, 19.357364169090935 ], [ -98.25281753941438, 19.357672079407543 ], [ -98.252623199083331, 19.357539229420041 ] ], [ [ -98.25241299951, 19.357146920024764 ], [ -98.252407780049197, 19.357003629626373 ], [ -98.252440218886576, 19.357364169090935 ], [ -98.25241299951, 19.357146920024764 ] ], [ [ -98.242471540059327, 19.357000569427456 ], [ -98.24224108872248, 19.356822080074092 ], [ -98.2428780897325, 19.357190220414406 ], [ -98.242471540059327, 19.357000569427456 ] ], [ [ -98.236913089981016, 19.356866449286063 ], [ -98.236839369432616, 19.356575819068311 ], [ -98.237160920107797, 19.356926309213517 ], [ -98.236913089981016, 19.356866449286063 ] ], [ [ -98.226175175072314, 19.337777780232408 ], [ -98.226175253453917, 19.337777432387131 ], [ -98.226176489897696, 19.33781674911274 ], [ -98.226175175072314, 19.337777780232408 ] ], [ [ -98.223295377147537, 19.331647493545709 ], [ -98.22323950958048, 19.331712249869927 ], [ -98.223239509987522, 19.331712250274595 ], [ -98.223295377147537, 19.331647493545709 ] ], [ [ -98.223545119514768, 19.331371021389707 ], [ -98.223545119373725, 19.331371020668037 ], [ -98.223295377147537, 19.331647493545709 ], [ -98.223545119514768, 19.331371021389707 ] ], [ [ -98.224791987432184, 19.330230471713527 ], [ -98.225148218994107, 19.330243542556733 ], [ -98.224719604611181, 19.33022782070049 ], [ -98.224791987432184, 19.330230471713527 ] ], [ [ -98.231947780252156, 19.326080032248989 ], [ -98.231980225119898, 19.326061902576519 ], [ -98.231921264690854, 19.326094865779442 ], [ -98.231947780252156, 19.326080032248989 ] ], [ [ -98.235206719977924, 19.324382082482678 ], [ -98.235223003038257, 19.32437356577266 ], [ -98.233417399315826, 19.325318280532251 ], [ -98.235206719977924, 19.324382082482678 ] ], [ [ -98.23652331875509, 19.323709542022826 ], [ -98.236729619712747, 19.32360034030923 ], [ -98.236501149591319, 19.323721279655814 ], [ -98.23652331875509, 19.323709542022826 ] ], [ [ -98.24181004813515, 19.322995541886979 ], [ -98.24176705284772, 19.323058995035652 ], [ -98.24201746690666, 19.322689433732879 ], [ -98.24181004813515, 19.322995541886979 ] ], [ [ -98.247572089287985, 19.324269780111656 ], [ -98.247534952272233, 19.32426202013556 ], [ -98.247534952224015, 19.324262020301131 ], [ -98.247572089287985, 19.324269780111656 ] ], [ [ -98.253667620195614, 19.320613471697584 ], [ -98.253726148636076, 19.32056825028079 ], [ -98.253631094346531, 19.320641694737876 ], [ -98.253667620195614, 19.320613471697584 ] ], [ [ -98.264324867091446, 19.309241928712719 ], [ -98.264430059660356, 19.309089060049484 ], [ -98.264102349038396, 19.309546199524316 ], [ -98.264324867091446, 19.309241928712719 ] ], [ [ -98.293370979214544, 19.2879861998167 ], [ -98.293074448715913, 19.288128369041086 ], [ -98.293370979447175, 19.287986200185877 ], [ -98.293370979214544, 19.2879861998167 ] ], [ [ -98.262626829580341, 19.270908910614704 ], [ -98.262626827980228, 19.270908909978044 ], [ -98.262011169808119, 19.271010749606468 ], [ -98.262626829580341, 19.270908910614704 ] ], [ [ -98.26128454949226, 19.270403509664874 ], [ -98.261262758896521, 19.270450178480846 ], [ -98.261284550445865, 19.270403509688535 ], [ -98.26128454949226, 19.270403509664874 ] ], [ [ -98.257368449850432, 19.263652459187259 ], [ -98.257258659572614, 19.263642920726419 ], [ -98.257368449609359, 19.263652460074042 ], [ -98.257368449850432, 19.263652459187259 ] ], [ [ -98.25346127994051, 19.261337739085523 ], [ -98.253408289715139, 19.261169339753803 ], [ -98.253592658812082, 19.261317890689114 ], [ -98.25346127994051, 19.261337739085523 ] ], [ [ -98.118046829882672, 19.215346720492924 ], [ -98.118046829402033, 19.2153467205681 ], [ -98.118264680459831, 19.215392659885296 ], [ -98.118046829882672, 19.215346720492924 ] ], [ [ -98.116073739922896, 19.215437949078503 ], [ -98.11590429025054, 19.215392029673922 ], [ -98.116182679473511, 19.215437980473627 ], [ -98.116073739922896, 19.215437949078503 ] ], [ [ -98.110065978925135, 19.207671289377476 ], [ -98.109939318869436, 19.207362770497767 ], [ -98.110175349208248, 19.208057230043483 ], [ -98.110065978925135, 19.207671289377476 ] ], [ [ -98.109910850395678, 19.207135689076125 ], [ -98.109907998701033, 19.206911149045329 ], [ -98.109939318869436, 19.207362770497767 ], [ -98.109910850395678, 19.207135689076125 ] ], [ [ -98.108681459631853, 19.202387119387677 ], [ -98.108632708727697, 19.202228489512475 ], [ -98.108785019443786, 19.202527909506514 ], [ -98.108681459631853, 19.202387119387677 ] ], [ [ -98.106266230174711, 19.196762119084475 ], [ -98.105852479859266, 19.195444719542643 ], [ -98.106365340028901, 19.197187260207233 ], [ -98.106266230174711, 19.196762119084475 ] ], [ [ -98.105273549973546, 19.194228049059287 ], [ -98.105169319691925, 19.193628280735503 ], [ -98.105312060146105, 19.194566139325428 ], [ -98.105273549973546, 19.194228049059287 ] ], [ [ -98.103646819755468, 19.194196049769385 ], [ -98.103511519578262, 19.193955449548636 ], [ -98.103887920028384, 19.194485200761591 ], [ -98.103646819755468, 19.194196049769385 ] ], [ [ -98.102236339302749, 19.185560619238476 ], [ -98.10195880016623, 19.185100680248521 ], [ -98.10267877955998, 19.186318459488664 ], [ -98.102236339302749, 19.185560619238476 ] ], [ [ -98.101717029321691, 19.179621249480309 ], [ -98.101684819091417, 19.179415479352006 ], [ -98.101717029266283, 19.17962125019714 ], [ -98.101717029321691, 19.179621249480309 ] ], [ [ -98.231512418133747, 19.225050937826996 ], [ -98.231512417830317, 19.225050938972757 ], [ -98.231651998583047, 19.225105568561947 ], [ -98.231512418133747, 19.225050937826996 ] ], [ [ -98.232327245474281, 19.225369829523832 ], [ -98.232837149904427, 19.225569380670951 ], [ -98.231651998583047, 19.225105568561947 ], [ -98.232327245474281, 19.225369829523832 ] ], [ [ -98.230622706285445, 19.222014419423459 ], [ -98.230622708191888, 19.22201441947114 ], [ -98.2306948590644, 19.222003969762909 ], [ -98.230622706285445, 19.222014419423459 ] ], [ [ -98.253193309797496, 19.260691339745556 ], [ -98.253193308843976, 19.260691339721905 ], [ -98.253214819578687, 19.260826279671395 ], [ -98.253193309797496, 19.260691339745556 ] ], [ [ -98.253395319938235, 19.260142740498384 ], [ -98.253407169559964, 19.260276489142136 ], [ -98.253395320025078, 19.260142740292025 ], [ -98.253395319938235, 19.260142740498384 ] ], [ [ -98.253544659942222, 19.257895829689186 ], [ -98.253581050054294, 19.258350629234862 ], [ -98.253543690345552, 19.258113179163622 ], [ -98.253544659942222, 19.257895829689186 ] ], [ [ -98.253411689662059, 19.257202168951093 ], [ -98.25280677025205, 19.256570479251451 ], [ -98.25354783023991, 19.257427549181021 ], [ -98.253411689662059, 19.257202168951093 ] ], [ [ -98.25280677025205, 19.256570479251451 ], [ -98.252427090187297, 19.255990119399041 ], [ -98.252201859700136, 19.255764949050466 ], [ -98.25280677025205, 19.256570479251451 ] ], [ [ -98.250536340400132, 19.254527429299305 ], [ -98.251018880149203, 19.254934369532812 ], [ -98.250727050273653, 19.254739969429792 ], [ -98.250536340400132, 19.254527429299305 ] ], [ [ -98.250536340400132, 19.254527429299305 ], [ -98.249974740004831, 19.254248539769357 ], [ -98.249333509882433, 19.253686969397563 ], [ -98.249974739051353, 19.254248539745685 ], [ -98.250536340400132, 19.254527429299305 ] ], [ [ -98.249116050366254, 19.253429179483518 ], [ -98.248284940029819, 19.252553509836044 ], [ -98.248215539719254, 19.252250852906723 ], [ -98.249116050366254, 19.253429179483518 ] ], [ [ -98.27080235009133, 19.223795749928875 ], [ -98.270802350116114, 19.223795749023424 ], [ -98.269498519877246, 19.223406339548958 ], [ -98.27080235009133, 19.223795749928875 ] ], [ [ -98.269498519877246, 19.223406339548958 ], [ -98.267389279841836, 19.222939179394082 ], [ -98.266635398800872, 19.222823029353766 ], [ -98.269498519877246, 19.223406339548958 ] ], [ [ -98.266635398800872, 19.222823029353766 ], [ -98.26488119977374, 19.222481999021014 ], [ -98.263527509907505, 19.222222379389699 ], [ -98.265656259019522, 19.222744490295817 ], [ -98.266635398800872, 19.222823029353766 ] ], [ [ -98.242370817728826, 19.231452218904135 ], [ -98.242370818682161, 19.231452218927895 ], [ -98.242425309481405, 19.231387450002067 ], [ -98.242370817728826, 19.231452218904135 ] ], [ [ -98.269516139395179, 19.227307030353 ], [ -98.269454571200271, 19.227397928084237 ], [ -98.269562451696729, 19.227242957524915 ], [ -98.269516139395179, 19.227307030353 ] ], [ [ -98.268724378890838, 19.228531880731524 ], [ -98.268724379868871, 19.228531879849594 ], [ -98.268895799845183, 19.228326059322011 ], [ -98.269068889857806, 19.228061969431952 ], [ -98.269301326919802, 19.227640021299198 ], [ -98.269068888904499, 19.228061969408405 ], [ -98.268724378890838, 19.228531880731524 ] ], [ [ -98.268298889326559, 19.228993419792747 ], [ -98.268137529412328, 19.229072552771775 ], [ -98.268465239487142, 19.228847686702515 ], [ -98.268298889326559, 19.228993419792747 ] ], [ [ -98.265835488762221, 19.230295249194583 ], [ -98.265606366274554, 19.230480231010556 ], [ -98.266060232895995, 19.230164155341367 ], [ -98.265835488762221, 19.230295249194583 ] ], [ [ -98.265312781424186, 19.23098127645784 ], [ -98.265579750278164, 19.230501719409169 ], [ -98.265579749393183, 19.230501720123659 ], [ -98.265312781424186, 19.23098127645784 ] ], [ [ -98.264846509032893, 19.231861419245998 ], [ -98.264610145386769, 19.232361437096756 ], [ -98.264987699521214, 19.231578278184106 ], [ -98.264846509032893, 19.231861419245998 ] ], [ [ -98.264610133689359, 19.23236146252329 ], [ -98.264211179555303, 19.233247879456631 ], [ -98.264353620137214, 19.232933549177989 ], [ -98.264610133689359, 19.23236146252329 ] ], [ [ -98.263398290174891, 19.234993459547731 ], [ -98.263584074406339, 19.234558591168661 ], [ -98.263314537146428, 19.235176575243713 ], [ -98.263398290174891, 19.234993459547731 ] ], [ [ -98.263130368613034, 19.235482109583668 ], [ -98.262974598897173, 19.235711220904196 ], [ -98.263208565963225, 19.235370733341149 ], [ -98.263130368613034, 19.235482109583668 ] ], [ [ -98.262143429590651, 19.236656630380612 ], [ -98.262685350194133, 19.236107539484582 ], [ -98.261567429883954, 19.237321549027243 ], [ -98.262143429590651, 19.236656630380612 ] ], [ [ -98.258035030909539, 19.239266449904608 ], [ -98.258132799680922, 19.239071060286825 ], [ -98.258132798748591, 19.23907106022137 ], [ -98.258035030909539, 19.239266449904608 ] ], [ [ -98.269857750091674, 19.226536749596349 ], [ -98.269857749138467, 19.226536749572819 ], [ -98.269774908979016, 19.226813446482375 ], [ -98.269857750091674, 19.226536749596349 ] ], [ [ -98.270417079618753, 19.225343479083271 ], [ -98.270417078640662, 19.225343479965215 ], [ -98.270149663813839, 19.22585937213799 ], [ -98.270417079618753, 19.225343479083271 ] ], [ [ -98.276089940147727, 19.508081050305904 ], [ -98.276195320131549, 19.508101249367343 ], [ -98.276089940925985, 19.508081049544515 ], [ -98.276089940147727, 19.508081050305904 ] ], [ [ -98.278951180320803, 19.505281799840375 ], [ -98.278951179365635, 19.505281799816931 ], [ -98.277461156842591, 19.506739541011758 ], [ -98.278951180320803, 19.505281799840375 ] ], [ [ -98.280851998628464, 19.502495309394114 ], [ -98.281295709169399, 19.503225250088697 ], [ -98.281160186900507, 19.5017984695724 ], [ -98.280851998628464, 19.502495309394114 ] ], [ [ -98.285978090199563, 19.495063059802266 ], [ -98.283008490364196, 19.498914339614469 ], [ -98.284741020211669, 19.496690619472549 ], [ -98.285978090199563, 19.495063059802266 ] ], [ [ -98.286664370035226, 19.493501909209581 ], [ -98.286664369080142, 19.493501909186204 ], [ -98.286338574664455, 19.494228068480918 ], [ -98.286664370035226, 19.493501909209581 ] ], [ [ -98.288100289637242, 19.489988539431341 ], [ -98.288100288682188, 19.489988539407886 ], [ -98.287917076191846, 19.490722023262002 ], [ -98.288100289637242, 19.489988539431341 ] ], [ [ -98.289107909877174, 19.486173179287437 ], [ -98.289049739968391, 19.486452140059932 ], [ -98.289107909852461, 19.486173180193237 ], [ -98.289107909877174, 19.486173179287437 ] ], [ [ -98.175551820328366, 19.203502219276924 ], [ -98.175548380400571, 19.203400569042604 ], [ -98.175593968651128, 19.203592949748131 ], [ -98.175551820328366, 19.203502219276924 ] ], [ [ -98.176015539974969, 19.201737829200244 ], [ -98.175676288782213, 19.201650489387013 ], [ -98.176015539688152, 19.201737830038422 ], [ -98.176015539974969, 19.201737829200244 ] ], [ [ -98.173817519106677, 19.201868379197617 ], [ -98.173817520059615, 19.201868379221775 ], [ -98.17375454889978, 19.201775769517507 ], [ -98.173817519106677, 19.201868379197617 ] ], [ [ -98.155700148690826, 19.204437420571036 ], [ -98.155700149643863, 19.204437420595273 ], [ -98.155594259455086, 19.204414539183972 ], [ -98.155700148690826, 19.204437420571036 ] ], [ [ -98.153333968595135, 19.204817798944255 ], [ -98.153333969548157, 19.204817798968506 ], [ -98.15332645978836, 19.204758180207101 ], [ -98.153333968595135, 19.204817798944255 ] ], [ [ -98.144260398926761, 19.207429660398486 ], [ -98.144260399879812, 19.207429660422811 ], [ -98.144183579040231, 19.207397660594822 ], [ -98.144260398926761, 19.207429660398486 ] ], [ [ -98.140626938963493, 19.208997369580224 ], [ -98.140626939916544, 19.20899736960455 ], [ -98.140596310238337, 19.208987489095662 ], [ -98.140626938963493, 19.208997369580224 ] ], [ [ -98.139956029895416, 19.209136490463944 ], [ -98.13995602894235, 19.209136490439519 ], [ -98.139996179626976, 19.20915434002913 ], [ -98.139956029895416, 19.209136490463944 ] ], [ [ -98.196445369808131, 19.21634833968745 ], [ -98.196445368829643, 19.216348340568885 ], [ -98.196980241316723, 19.216054152648447 ], [ -98.196445369808131, 19.21634833968745 ] ], [ [ -98.196240429677246, 19.214421679917063 ], [ -98.196240428724238, 19.214421679892968 ], [ -98.196203349544405, 19.214875280476377 ], [ -98.196240429677246, 19.214421679917063 ] ], [ [ -98.196476910512075, 19.213354451675016 ], [ -98.196476909609444, 19.213354449840114 ], [ -98.196379819474416, 19.213751907533037 ], [ -98.196476910512075, 19.213354451675016 ] ], [ [ -98.19425747746584, 19.211982086919921 ], [ -98.194257476512746, 19.211982086895876 ], [ -98.19422947691605, 19.212117953956909 ], [ -98.19425747746584, 19.211982086919921 ] ], [ [ -98.194384696072717, 19.211364743813057 ], [ -98.194384695119538, 19.211364743788923 ], [ -98.194379772779101, 19.211388636239235 ], [ -98.194384696072717, 19.211364743813057 ] ], [ [ -97.96068190897347, 19.599033059731461 ], [ -97.960097799842615, 19.599124229030824 ], [ -97.960681908889924, 19.59903306047142 ], [ -97.96068190897347, 19.599033059731461 ] ], [ [ -97.960567459818023, 19.596569519282088 ], [ -97.960567459791022, 19.596569520187909 ], [ -97.960586161385251, 19.596502674824691 ], [ -97.960567459818023, 19.596569519282088 ] ], [ [ -97.960776659712593, 19.595992510004358 ], [ -97.960776659739523, 19.595992509098622 ], [ -97.960743199615166, 19.596060626416296 ], [ -97.960776659712593, 19.595992510004358 ] ], [ [ -97.960983710054578, 19.595360450549844 ], [ -97.960983710081493, 19.595360449644048 ], [ -97.960951421615547, 19.595408344184325 ], [ -97.960983710054578, 19.595360450549844 ] ], [ [ -97.961694448915097, 19.594601890232873 ], [ -97.961435110417668, 19.594546279710706 ], [ -97.96143511017668, 19.594546279838465 ], [ -97.961694448915097, 19.594601890232873 ] ], [ [ -97.961741479787307, 19.594048980129941 ], [ -97.961741479814222, 19.594048979224155 ], [ -97.961734189616067, 19.594078254048924 ], [ -97.961741479787307, 19.594048980129941 ] ], [ [ -97.962519429110031, 19.593672519515174 ], [ -97.962244599890823, 19.593722799119227 ], [ -97.962519429205329, 19.5936725201983 ], [ -97.962519429110031, 19.593672519515174 ] ], [ [ -97.962136799956895, 19.588487630180619 ], [ -97.963175317294258, 19.588302939314417 ], [ -97.962133434394048, 19.58850201597873 ], [ -97.962136799956895, 19.588487630180619 ] ], [ [ -97.963535709832925, 19.587016290631901 ], [ -97.963535709859812, 19.587016289726101 ], [ -97.963517563546603, 19.587080181297797 ], [ -97.963535709832925, 19.587016290631901 ] ], [ [ -97.963727340312161, 19.587322999999206 ], [ -97.964160260425629, 19.587500940235401 ], [ -97.963555090101465, 19.58702053897246 ], [ -97.963727340312161, 19.587322999999206 ] ], [ [ -97.965283090249784, 19.585421890662108 ], [ -97.965283090276671, 19.585421889756283 ], [ -97.96492144887921, 19.585823864952573 ], [ -97.965283090249784, 19.585421890662108 ] ], [ [ -97.965138319942014, 19.584604920606573 ], [ -97.965138319968915, 19.584604919700674 ], [ -97.965030049996642, 19.584705117102455 ], [ -97.965138319942014, 19.584604920606573 ] ], [ [ -97.963745380223386, 19.580611290690129 ], [ -97.963899101192752, 19.580526968899015 ], [ -97.963586519531844, 19.580735319564241 ], [ -97.963745380223386, 19.580611290690129 ] ], [ [ -97.963911089549356, 19.580525169069912 ], [ -97.963911088908816, 19.580525169166076 ], [ -97.964005490448912, 19.580561629448159 ], [ -97.963911089549356, 19.580525169069912 ] ], [ [ -97.964005490448912, 19.580561629448159 ], [ -97.964175949040708, 19.580717090311023 ], [ -97.964209280417705, 19.580800969300178 ], [ -97.964005490448912, 19.580561629448159 ] ], [ [ -97.964209280417705, 19.580800969300178 ], [ -97.964309849914983, 19.580897969872758 ], [ -97.964435850151929, 19.580942829694319 ], [ -97.964209280417705, 19.580800969300178 ] ], [ [ -97.964435850151929, 19.580942829694319 ], [ -97.96473767941707, 19.580962199924528 ], [ -97.964884660192013, 19.580969889796162 ], [ -97.964435850151929, 19.580942829694319 ] ], [ [ -97.965130510023414, 19.581088710302382 ], [ -97.965365769812095, 19.581385579764273 ], [ -97.965038490166336, 19.581015489615577 ], [ -97.965130510023414, 19.581088710302382 ] ], [ [ -97.965365769812095, 19.581385579764273 ], [ -97.965508830291938, 19.581728430711106 ], [ -97.965592630226709, 19.581773719702504 ], [ -97.965365769812095, 19.581385579764273 ] ], [ [ -97.965592630226709, 19.581773719702504 ], [ -97.965996089628476, 19.581757569875126 ], [ -97.96624579989664, 19.581758849196252 ], [ -97.965996089655363, 19.581757568969351 ], [ -97.965592630226709, 19.581773719702504 ] ], [ [ -97.96624579989664, 19.581758849196252 ], [ -97.966645749924666, 19.581861000628059 ], [ -97.966859849931382, 19.58202425963022 ], [ -97.96624579989664, 19.581758849196252 ] ], [ [ -97.967046048809678, 19.582061510158418 ], [ -97.967168910375904, 19.582129369401418 ], [ -97.966859849931382, 19.58202425963022 ], [ -97.967046048809678, 19.582061510158418 ] ], [ [ -97.967168910375904, 19.582129369401418 ], [ -97.967329399272998, 19.582268180280863 ], [ -97.967408768222555, 19.582270288762736 ], [ -97.967168910375904, 19.582129369401418 ] ], [ [ -97.967654579641348, 19.582212280728839 ], [ -97.967764088795121, 19.582156000462302 ], [ -97.967923689811528, 19.582133339944416 ], [ -97.96812442952627, 19.582063349552261 ], [ -97.967764089777731, 19.582155999582014 ], [ -97.967654579668221, 19.582212279823015 ], [ -97.967517510288943, 19.582240909062214 ], [ -97.967443112237362, 19.582261012174673 ], [ -97.967654579641348, 19.582212280728839 ] ], [ [ -97.968572148784602, 19.582086049099985 ], [ -97.968891599954958, 19.5822237096679 ], [ -97.968289539626483, 19.582046229259156 ], [ -97.968572148784602, 19.582086049099985 ] ], [ [ -97.969841397300897, 19.582901659257097 ], [ -97.969192510025835, 19.58266326069322 ], [ -97.969296888924177, 19.582807090492373 ], [ -97.969396179162644, 19.58285168052517 ], [ -97.969624259406459, 19.582895879882525 ], [ -97.969841397300897, 19.582901659257097 ] ], [ [ -97.972287170169921, 19.580783219022905 ], [ -97.972287169403756, 19.580783219836903 ], [ -97.972365847812057, 19.580759096642208 ], [ -97.972287170169921, 19.580783219022905 ] ], [ [ -97.973080878816731, 19.580636200629197 ], [ -97.973080879799127, 19.58063619974887 ], [ -97.972839246994141, 19.580689371823095 ], [ -97.973080878816731, 19.580636200629197 ] ], [ [ -97.973650999184073, 19.580398480033363 ], [ -97.973651000166541, 19.580398479153011 ], [ -97.973413720291404, 19.580532429495118 ], [ -97.973650999184073, 19.580398480033363 ] ], [ [ -97.97382008908663, 19.580291350396379 ], [ -97.973820090069182, 19.580291349516003 ], [ -97.973800229121764, 19.580283430112623 ], [ -97.97382008908663, 19.580291350396379 ] ], [ [ -97.985112399701208, 19.565516120100984 ], [ -97.985483388394798, 19.565081725561985 ], [ -97.985053145208227, 19.565600213746382 ], [ -97.985112399701208, 19.565516120100984 ] ], [ [ -97.987353459876616, 19.563501850686535 ], [ -97.98735345990336, 19.563501849780746 ], [ -97.987150379752549, 19.563734019510559 ], [ -97.987353459876616, 19.563501850686535 ] ], [ [ -97.988135510023966, 19.562419939922712 ], [ -97.988478507157453, 19.56187659391529 ], [ -97.987573949998364, 19.563233979773415 ], [ -97.988135510023966, 19.562419939922712 ] ], [ [ -97.990308849740302, 19.559925750665549 ], [ -97.991760020261253, 19.558965779282875 ], [ -97.989967660211875, 19.560132949286334 ], [ -97.990308849740302, 19.559925750665549 ] ], [ [ -97.992098780162664, 19.558675680318967 ], [ -97.992181353755626, 19.558578497458711 ], [ -97.991760020261253, 19.558965779282875 ], [ -97.992098780162664, 19.558675680318967 ] ], [ [ -97.992672050315619, 19.557730539943517 ], [ -97.992672050342307, 19.557730539037752 ], [ -97.992635159889247, 19.557818166817313 ], [ -97.992672050315619, 19.557730539943517 ] ], [ [ -97.992982619838301, 19.557147450756108 ], [ -97.993250649475812, 19.556922060448198 ], [ -97.99279885022122, 19.557410449604646 ], [ -97.992982619838301, 19.557147450756108 ] ], [ [ -97.99344086626283, 19.556808497685974 ], [ -97.993250650457995, 19.55692205956769 ], [ -97.993250649475812, 19.556922060448198 ], [ -97.99344086626283, 19.556808497685974 ] ], [ [ -97.994081679736809, 19.556269659901115 ], [ -97.994081679763511, 19.556269658995287 ], [ -97.994024706083124, 19.556362917752303 ], [ -97.994081679736809, 19.556269659901115 ] ], [ [ -97.994252489587666, 19.552900340541481 ], [ -97.994802290414256, 19.551423859108013 ], [ -97.994043723909627, 19.553706185777319 ], [ -97.994252489587666, 19.552900340541481 ] ], [ [ -97.994897459759372, 19.551212460296135 ], [ -97.994947719224101, 19.551142738093581 ], [ -97.994802290414256, 19.551423859108013 ], [ -97.994897459759372, 19.551212460296135 ] ], [ [ -97.99648225962838, 19.549173770219742 ], [ -97.996482259655053, 19.549173769313953 ], [ -97.996466781061784, 19.549218072121779 ], [ -97.99648225962838, 19.549173770219742 ] ], [ [ -97.999211650023369, 19.545419690694313 ], [ -97.999211650050043, 19.545419689788588 ], [ -97.998964053719575, 19.545827688359022 ], [ -97.999211650023369, 19.545419690694313 ] ], [ [ -97.999710019593465, 19.544225120139718 ], [ -97.99971001962011, 19.544225119233925 ], [ -97.999657119956822, 19.544419619173528 ], [ -97.999710019593465, 19.544225120139718 ] ], [ [ -98.000100709661709, 19.542958770124077 ], [ -98.000100709688354, 19.542958769218298 ], [ -98.000042749771339, 19.543043549807528 ], [ -98.000100709661709, 19.542958770124077 ] ], [ [ -98.000686338624973, 19.542436780419262 ], [ -98.000686339607086, 19.542436779538736 ], [ -98.000603535173653, 19.542489286332444 ], [ -98.000686338624973, 19.542436780419262 ] ], [ [ -98.002404779600766, 19.54163637019531 ], [ -98.002404779627412, 19.541636369289513 ], [ -98.001989435233554, 19.541859143405702 ], [ -98.002404779600766, 19.54163637019531 ] ], [ [ -98.003899910308476, 19.540744380057099 ], [ -98.005003599812028, 19.540098999372148 ], [ -98.003403261478653, 19.541061976537566 ], [ -98.003899910308476, 19.540744380057099 ] ], [ [ -98.005505140348305, 19.540150739057413 ], [ -98.012808489039784, 19.541990169809068 ], [ -98.013896399844427, 19.542579219070646 ], [ -98.005505140348305, 19.540150739057413 ] ], [ [ -98.013896399844427, 19.542579219070646 ], [ -98.019309780421281, 19.545415720188906 ], [ -98.019907375772974, 19.544731529357495 ], [ -98.013896399844427, 19.542579219070646 ] ], [ [ -98.020073659490976, 19.544541150283454 ], [ -98.021183340445049, 19.544257250140461 ], [ -98.023048739644437, 19.544630259424839 ], [ -98.021183340471552, 19.544257249234668 ], [ -98.020073659490976, 19.544541150283454 ] ], [ [ -98.024780659235603, 19.545196229413261 ], [ -98.024724368189482, 19.545298513446131 ], [ -98.023048739644437, 19.544630259424839 ], [ -98.024780659235603, 19.545196229413261 ] ], [ [ -98.024593132506894, 19.545536971810016 ], [ -98.024995539369073, 19.548570969065302 ], [ -98.026608849608991, 19.550305779753899 ], [ -98.024593132506894, 19.545536971810016 ] ], [ [ -98.026608849608991, 19.550305779753899 ], [ -98.027840278844494, 19.551898349960247 ], [ -98.02780665636773, 19.55193867917653 ], [ -98.026608849608991, 19.550305779753899 ] ], [ [ -98.027556489418501, 19.552285680339562 ], [ -98.027556490400499, 19.552285679458887 ], [ -98.027618525272828, 19.552192024204523 ], [ -98.027556489418501, 19.552285680339562 ] ], [ [ -98.027479680323125, 19.552439829152966 ], [ -98.027489370354928, 19.55285209050102 ], [ -98.027625370404735, 19.553295779283783 ], [ -98.027479680323125, 19.552439829152966 ] ], [ [ -98.027652429291678, 19.553546429631414 ], [ -98.027633626799954, 19.553812598915087 ], [ -98.027625370404735, 19.553295779283783 ], [ -98.027652429291678, 19.553546429631414 ] ], [ [ -98.027487888796827, 19.554471229380528 ], [ -98.027487889752365, 19.554471229405607 ], [ -98.027610431136523, 19.553923428075926 ], [ -98.027487888796827, 19.554471229380528 ] ], [ [ -98.027493459494309, 19.55479705029104 ], [ -98.027913318808871, 19.555375950350697 ], [ -98.028018848757455, 19.555436859657785 ], [ -98.028216398633276, 19.555495339220283 ], [ -98.028470249267187, 19.555550459856946 ], [ -98.028756739961636, 19.555713019211829 ], [ -98.027493459494309, 19.55479705029104 ] ], [ [ -98.029377674597143, 19.555926933564763 ], [ -98.029129029409418, 19.555909109541506 ], [ -98.029279108738152, 19.555929540168957 ], [ -98.029377674597143, 19.555926933564763 ] ], [ [ -98.030942549479136, 19.555400767319657 ], [ -98.030451510035689, 19.555471220039966 ], [ -98.030648550286713, 19.555470890543155 ], [ -98.030942549479136, 19.555400767319657 ] ], [ [ -98.031618419899374, 19.555110849411381 ], [ -98.031559584245542, 19.555141354244103 ], [ -98.031618419472707, 19.555110850004169 ], [ -98.031618419899374, 19.555110849411381 ] ], [ [ -98.031740800413573, 19.554888749916874 ], [ -98.031740800440005, 19.554888749011091 ], [ -98.031731718886149, 19.554907905917794 ], [ -98.031740800413573, 19.554888749916874 ] ], [ [ -98.031957448902148, 19.554812020227761 ], [ -98.032078439453883, 19.5547730926437 ], [ -98.031841650167451, 19.554808969595232 ], [ -98.031957448902148, 19.554812020227761 ] ], [ [ -98.032186324691409, 19.554713601687645 ], [ -98.032186325673322, 19.55471360080692 ], [ -98.032155040397413, 19.554730852251563 ], [ -98.032186324691409, 19.554713601687645 ] ], [ [ -98.032331420032946, 19.554706419535755 ], [ -98.032331419301229, 19.554706419571971 ], [ -98.032720401686248, 19.554812978730123 ], [ -98.032331420032946, 19.554706419535755 ] ], [ [ -98.032720401686248, 19.554812978730123 ], [ -98.033332349923924, 19.554367680635771 ], [ -98.033973739569717, 19.553830649028235 ], [ -98.032720401686248, 19.554812978730123 ] ], [ [ -98.034533600000387, 19.553321599914248 ], [ -98.034940948429053, 19.552783995998318 ], [ -98.033973739569717, 19.553830649028235 ], [ -98.034533600000387, 19.553321599914248 ] ], [ [ -98.035709620263546, 19.551734920481966 ], [ -98.03570962028995, 19.551734919576223 ], [ -98.035337951551398, 19.552247826927154 ], [ -98.035709620263546, 19.551734920481966 ] ], [ [ -98.035894710299317, 19.551537619416848 ], [ -98.035894709396615, 19.551537620379101 ], [ -98.03601625986947, 19.551662739555738 ], [ -98.035894710299317, 19.551537619416848 ] ], [ [ -98.03601625986947, 19.551662739555738 ], [ -98.036717568580485, 19.552487540269112 ], [ -98.036699155733714, 19.552789207358664 ], [ -98.03601625986947, 19.551662739555738 ] ], [ [ -98.036753908833646, 19.553098179399505 ], [ -98.036753909789184, 19.553098179424495 ], [ -98.036674230046913, 19.552929229178485 ], [ -98.036753908833646, 19.553098179399505 ] ], [ [ -98.037207690464186, 19.554421799595136 ], [ -98.037029578987784, 19.553787140203333 ], [ -98.037163738948664, 19.554060199923484 ], [ -98.037207690464186, 19.554421799595136 ] ], [ [ -98.037207690464186, 19.554421799595136 ], [ -98.03755573872148, 19.554876199863894 ], [ -98.037781739617444, 19.556275679267472 ], [ -98.037207690464186, 19.554421799595136 ] ], [ [ -98.037781739617444, 19.556275679267472 ], [ -98.038114290413915, 19.557027020247649 ], [ -98.038257289229648, 19.557282509868323 ], [ -98.038429568725505, 19.557485260377579 ], [ -98.038580488842015, 19.557650309177443 ], [ -98.038720830155285, 19.558016459177129 ], [ -98.038580489797525, 19.557650309202455 ], [ -98.038114290440319, 19.557027019341831 ], [ -98.038097890045819, 19.556881119638867 ], [ -98.037781739617444, 19.556275679267472 ] ], [ [ -98.038720830155285, 19.558016459177129 ], [ -98.03943902996491, 19.559169419869754 ], [ -98.039546599702462, 19.559364659044171 ], [ -98.0394390299913, 19.55916941896399 ], [ -98.038720830155285, 19.558016459177129 ] ], [ [ -98.039689979373392, 19.559607450722119 ], [ -98.039821779818752, 19.559930429382341 ], [ -98.039546599702462, 19.559364659044171 ], [ -98.039689979373392, 19.559607450722119 ] ], [ [ -98.0411531503578, 19.561767739665363 ], [ -98.040115550196589, 19.560450910597311 ], [ -98.040242398664532, 19.560726829033911 ], [ -98.040434890320213, 19.561061650422729 ], [ -98.0411531503578, 19.561767739665363 ] ], [ [ -98.048737998709697, 19.571499909024432 ], [ -98.046896798955657, 19.570657519669016 ], [ -98.047746489470285, 19.571185060688624 ], [ -98.048237368642802, 19.571443570007705 ], [ -98.048737998709697, 19.571499909024432 ] ], [ [ -98.04900895012257, 19.5716141698617 ], [ -98.049700879261323, 19.571669450302135 ], [ -98.050306478974136, 19.571802779535926 ], [ -98.049700880243336, 19.571669449421272 ], [ -98.049008950148888, 19.571614168955954 ], [ -98.048737998709697, 19.571499909024432 ], [ -98.04900895012257, 19.5716141698617 ] ], [ [ -98.056946829926162, 19.565589460389472 ], [ -98.056946829952437, 19.565589459483668 ], [ -98.053696443861952, 19.568630818611656 ], [ -98.056946829926162, 19.565589460389472 ] ], [ [ -98.059006799345781, 19.550219770544974 ], [ -98.058999735632725, 19.550252948398928 ], [ -98.059006799491044, 19.550219770645182 ], [ -98.059006799345781, 19.550219770544974 ] ], [ [ -98.059205259266321, 19.549849999866801 ], [ -98.059071120025294, 19.54991705947096 ], [ -98.059205259074687, 19.549850000352773 ], [ -98.059205259266321, 19.549849999866801 ] ], [ [ -98.059180969760689, 19.548535369256175 ], [ -98.059180969734342, 19.548535370162046 ], [ -98.059208967212754, 19.548480442017571 ], [ -98.059180969760689, 19.548535369256175 ] ], [ [ -98.05937338, 19.548162019054711 ], [ -98.0593530267587, 19.548204519682191 ], [ -98.059373379973749, 19.548162019960436 ], [ -98.05937338, 19.548162019054711 ] ], [ [ -98.059361980104541, 19.546989429643055 ], [ -98.059361980109969, 19.546989430372737 ], [ -98.059409749964502, 19.546723949186575 ], [ -98.059361980104541, 19.546989429643055 ] ], [ [ -98.06014594958657, 19.544624419919931 ], [ -98.060145949612817, 19.544624419014188 ], [ -98.060105173764072, 19.544687915723667 ], [ -98.06014594958657, 19.544624419919931 ] ], [ [ -98.06093530960085, 19.543275600498536 ], [ -98.060935309627098, 19.543275599592718 ], [ -98.060910542103713, 19.543322711244357 ], [ -98.06093530960085, 19.543275600498536 ] ], [ [ -98.061051689428837, 19.543176460472697 ], [ -98.061362660269182, 19.542824260131322 ], [ -98.061447831552499, 19.542671673082129 ], [ -98.061051689428837, 19.543176460472697 ] ], [ [ -98.061853879834999, 19.540162459065588 ], [ -98.061941288926221, 19.540084060186039 ], [ -98.062030619291889, 19.540071290000732 ], [ -98.062137816455021, 19.540045261705714 ], [ -98.061853879834999, 19.540162459065588 ] ], [ [ -98.061111660371353, 19.535630490152275 ], [ -98.061111660397586, 19.535630489246355 ], [ -98.058911340087462, 19.535965860650759 ], [ -98.061111660371353, 19.535630490152275 ] ], [ [ -98.063039600362444, 19.532635770038695 ], [ -98.063039600388663, 19.532635769132888 ], [ -98.062947429588434, 19.532799079081208 ], [ -98.063039600362444, 19.532635770038695 ] ], [ [ -98.063306880331268, 19.532286920051124 ], [ -98.063306880357487, 19.532286919145292 ], [ -98.063225995636571, 19.53239209869108 ], [ -98.063306880331268, 19.532286920051124 ] ], [ [ -98.064501546124674, 19.531036282452586 ], [ -98.064912309321457, 19.530739850005521 ], [ -98.065216309234785, 19.530543059969748 ], [ -98.065414980160099, 19.530431249805126 ], [ -98.064501546124674, 19.531036282452586 ] ], [ [ -98.066367349885041, 19.528979220637218 ], [ -98.066367349911246, 19.528979219731436 ], [ -98.066317252117443, 19.529119344697541 ], [ -98.066367349885041, 19.528979220637218 ] ], [ [ -98.066939400390893, 19.527918460027951 ], [ -98.067363111193529, 19.527395379065997 ], [ -98.066826058680078, 19.528035570061895 ], [ -98.066939400390893, 19.527918460027951 ] ], [ [ -98.068711119445183, 19.526120480109185 ], [ -98.068711120426741, 19.526120479228311 ], [ -98.068538488285867, 19.52621399871677 ], [ -98.068711119445183, 19.526120480109185 ] ], [ [ -98.070338979991263, 19.525139259887236 ], [ -98.070338980017439, 19.525139258981518 ], [ -98.070262005258471, 19.52523762948675 ], [ -98.070338979991263, 19.525139259887236 ] ], [ [ -98.070626029756113, 19.524660799990571 ], [ -98.070704716086368, 19.52445325127692 ], [ -98.070558023973206, 19.524771200571553 ], [ -98.070626029756113, 19.524660799990571 ] ], [ [ -98.070020509529058, 19.520840519785761 ], [ -98.070020509521711, 19.520840520572378 ], [ -98.070023929927515, 19.520818884152305 ], [ -98.070020509529058, 19.520840519785761 ] ], [ [ -98.070216570247425, 19.5151294290214 ], [ -98.070216570221262, 19.515129429927068 ], [ -98.070222033003901, 19.515105194078661 ], [ -98.070216570247425, 19.5151294290214 ] ], [ [ -98.070754630427544, 19.512908540002265 ], [ -98.070960310159691, 19.512197419803002 ], [ -98.070649879553727, 19.513329830297295 ], [ -98.070754630427544, 19.512908540002265 ] ], [ [ -98.071025139681112, 19.511911550184394 ], [ -98.071040446679405, 19.511846695577049 ], [ -98.070960310159691, 19.512197419803002 ], [ -98.071025139681112, 19.511911550184394 ] ], [ [ -98.071162509513258, 19.511238679944807 ], [ -98.071162509539505, 19.511238679039099 ], [ -98.07115776442123, 19.511268666829171 ], [ -98.071162509513258, 19.511238679944807 ] ], [ [ -98.072152549772227, 19.511482220369015 ], [ -98.083333950117904, 19.524417479634248 ], [ -98.071642490445896, 19.510892079077216 ], [ -98.072152549772227, 19.511482220369015 ] ], [ [ -98.088074420266452, 19.522539249974304 ], [ -98.088074420292514, 19.522539249068547 ], [ -98.087878950027317, 19.523097578956211 ], [ -98.088074420266452, 19.522539249974304 ] ], [ [ -98.089805319444523, 19.52132653943778 ], [ -98.089805320399861, 19.5213265394625 ], [ -98.088041679885222, 19.520897819537112 ], [ -98.089805319444523, 19.52132653943778 ] ], [ [ -98.090241090107511, 19.522699819250569 ], [ -98.09024108912611, 19.522699820131685 ], [ -98.093975847706673, 19.521777336634177 ], [ -98.090241090107511, 19.522699819250569 ] ], [ [ -98.101337050403799, 19.519958940006678 ], [ -98.101337050429763, 19.519958939100931 ], [ -98.096811522582769, 19.521076885182872 ], [ -98.101337050403799, 19.519958940006678 ] ], [ [ -98.111790548711937, 19.517106720417456 ], [ -98.113091049700088, 19.516765659431396 ], [ -98.109890950300084, 19.517626739177132 ], [ -98.111790548711937, 19.517106720417456 ] ], [ [ -98.113366170296032, 19.514624939709602 ], [ -98.11336617027014, 19.514624940615374 ], [ -98.113401407172219, 19.514392597025896 ], [ -98.113366170296032, 19.514624939709602 ] ], [ [ -98.113963569996514, 19.51106469059112 ], [ -98.113963570022392, 19.511064689685348 ], [ -98.113952994670257, 19.511084205106929 ], [ -98.113963569996514, 19.51106469059112 ] ], [ [ -98.114126820187664, 19.510883199938672 ], [ -98.114126820213556, 19.510883199032822 ], [ -98.114094183018437, 19.510931819526782 ], [ -98.114126820187664, 19.510883199938672 ] ], [ [ -98.114586850311113, 19.509633350254312 ], [ -98.114586850337005, 19.509633349348515 ], [ -98.114481489758148, 19.509927479343208 ], [ -98.114586850311113, 19.509633350254312 ] ], [ [ -98.11279317901375, 19.506823427042711 ], [ -98.112793178032703, 19.506823427923802 ], [ -98.112947738517562, 19.50698649329113 ], [ -98.11279317901375, 19.506823427042711 ] ], [ [ -98.113057918572125, 19.506637370452236 ], [ -98.113240132924858, 19.506545763150083 ], [ -98.112743219927097, 19.506770719829607 ], [ -98.113057918572125, 19.506637370452236 ] ], [ [ -98.113845179675593, 19.506229430248613 ], [ -98.114456150287864, 19.505807679137469 ], [ -98.113632791104081, 19.506343219301034 ], [ -98.113845179675593, 19.506229430248613 ] ], [ [ -98.114456150287864, 19.505807679137469 ], [ -98.114692711139725, 19.50562074634658 ], [ -98.114692822670094, 19.505620656757888 ], [ -98.114456150287864, 19.505807679137469 ] ], [ [ -98.115712629843742, 19.504746229936625 ], [ -98.115712629869606, 19.504746229030918 ], [ -98.11569163190245, 19.504764510269414 ], [ -98.115712629843742, 19.504746229936625 ] ], [ [ -98.116728880238711, 19.503862000188267 ], [ -98.116728880264574, 19.503861999282506 ], [ -98.116707279916255, 19.503880685261723 ], [ -98.116728880238711, 19.503862000188267 ] ], [ [ -98.116927324046642, 19.503690365650531 ], [ -98.116927324072506, 19.503690364744838 ], [ -98.116914652688649, 19.503701324190793 ], [ -98.116927324046642, 19.503690365650531 ] ], [ [ -98.118401519513696, 19.50247837072277 ], [ -98.118401519539532, 19.502478369817123 ], [ -98.11802428856555, 19.502721629905626 ], [ -98.118401519513696, 19.50247837072277 ] ], [ [ -98.119083259407105, 19.502154350263407 ], [ -98.119822769884465, 19.501947819239422 ], [ -98.118904611415772, 19.502228374980977 ], [ -98.119083259407105, 19.502154350263407 ] ], [ [ -98.120462290077839, 19.501912679549026 ], [ -98.125735479107817, 19.5028280806544 ], [ -98.130083890001558, 19.503704849853062 ], [ -98.120462290077839, 19.501912679549026 ] ], [ [ -98.13681377973208, 19.50636722964709 ], [ -98.134988969217076, 19.50472857070044 ], [ -98.136038599224023, 19.505698119491122 ], [ -98.13681377973208, 19.50636722964709 ] ], [ [ -98.13681377973208, 19.50636722964709 ], [ -98.136092149197523, 19.507364379097389 ], [ -98.134612980212253, 19.510645199813684 ], [ -98.13681377973208, 19.50636722964709 ] ], [ [ -98.134457289017107, 19.510876919390661 ], [ -98.1343620191128, 19.510982229287229 ], [ -98.134612980212253, 19.510645199813684 ], [ -98.134457289017107, 19.510876919390661 ] ], [ [ -98.132583649513379, 19.51317518032527 ], [ -98.133271658959643, 19.513235949469884 ], [ -98.132551770024577, 19.513173540149815 ], [ -98.132583649513379, 19.51317518032527 ] ], [ [ -98.133271658959643, 19.513235949469884 ], [ -98.132849450191557, 19.513735169439698 ], [ -98.133271659914925, 19.513235949494298 ], [ -98.133271658959643, 19.513235949469884 ] ], [ [ -98.131924079145691, 19.514829430697258 ], [ -98.131924080126737, 19.514829429815965 ], [ -98.132131999757135, 19.514545379183236 ], [ -98.131924079145691, 19.514829430697258 ] ], [ [ -98.13062231918741, 19.515862169229752 ], [ -98.130622320142621, 19.515862169254167 ], [ -98.130677623329248, 19.51582502776915 ], [ -98.13062231918741, 19.515862169229752 ] ], [ [ -98.130809599285016, 19.516789459849011 ], [ -98.131177859621829, 19.516918879821151 ], [ -98.129965349187657, 19.516422860025951 ], [ -98.130809599285016, 19.516789459849011 ] ], [ [ -98.131177859621829, 19.516918879821151 ], [ -98.131673509972998, 19.517299060600426 ], [ -98.132504520275901, 19.51820817961725 ], [ -98.131177859621829, 19.516918879821151 ] ], [ [ -98.133421289372706, 19.519364119302153 ], [ -98.133421290020593, 19.519364118939126 ], [ -98.132504520275901, 19.51820817961725 ], [ -98.133421289372706, 19.519364119302153 ] ], [ [ -98.133637198734348, 19.519243140615949 ], [ -98.133637199715253, 19.519243139734606 ], [ -98.133556858183198, 19.519288157164809 ], [ -98.133637198734348, 19.519243140615949 ] ], [ [ -98.134897950224982, 19.518687570351435 ], [ -98.134897950250732, 19.518687569445678 ], [ -98.134798170153715, 19.518857509236501 ], [ -98.134897950224982, 19.518687570351435 ] ], [ [ -98.135426580394238, 19.517073579517138 ], [ -98.135426580139821, 19.517073579865329 ], [ -98.135458961310349, 19.517049820079841 ], [ -98.135426580394238, 19.517073579517138 ] ], [ [ -98.135670707013702, 19.516901599930367 ], [ -98.136207279671297, 19.516613520531788 ], [ -98.136410345165913, 19.516431173822252 ], [ -98.135670707013702, 19.516901599930367 ] ], [ [ -98.138639858731224, 19.514152570273026 ], [ -98.13782163031776, 19.514165089689627 ], [ -98.137821629973018, 19.514165090561249 ], [ -98.138639858731224, 19.514152570273026 ] ], [ [ -98.139186250184565, 19.513428419892097 ], [ -98.139186250210287, 19.513428418986301 ], [ -98.139084372217766, 19.513565504603275 ], [ -98.139186250184565, 19.513428419892097 ] ], [ [ -98.139665109769382, 19.512242739793241 ], [ -98.140204598892723, 19.512032720193154 ], [ -98.140351405887969, 19.512000614562602 ], [ -98.139665109769382, 19.512242739793241 ] ], [ [ -98.140560562606964, 19.511912762161483 ], [ -98.140836179394853, 19.511882920210038 ], [ -98.141046019836054, 19.511943579580876 ], [ -98.140560562606964, 19.511912762161483 ] ], [ [ -98.141277510289001, 19.512011710722081 ], [ -98.14145973893929, 19.512016369790711 ], [ -98.141046019836054, 19.511943579580876 ], [ -98.141277510289001, 19.512011710722081 ] ], [ [ -98.14251168015484, 19.512734549796264 ], [ -98.141614419216239, 19.512220800025574 ], [ -98.141971829414985, 19.51247881983673 ], [ -98.14234520011469, 19.512688830567715 ], [ -98.14251168015484, 19.512734549796264 ] ], [ [ -98.142795970155689, 19.512741799879567 ], [ -98.142795970181382, 19.512741798973821 ], [ -98.142511687625984, 19.512734549986771 ], [ -98.142795970155689, 19.512741799879567 ] ], [ [ -98.143032599222323, 19.512886109743139 ], [ -98.14303260017752, 19.5128861097675 ], [ -98.142903540261287, 19.512806769355691 ], [ -98.143032599222323, 19.512886109743139 ] ], [ [ -98.14303260017752, 19.5128861097675 ], [ -98.143316690353601, 19.51290028061846 ], [ -98.143493780265828, 19.512828739506773 ], [ -98.14303260017752, 19.5128861097675 ] ], [ [ -98.143708320153991, 19.512723600577655 ], [ -98.143708320179684, 19.512723599671894 ], [ -98.143604889616483, 19.512769349300584 ], [ -98.143708320153991, 19.512723600577655 ] ], [ [ -98.14384011990299, 19.512706219177687 ], [ -98.143840119320899, 19.512706219254447 ], [ -98.144093479729875, 19.512774889182509 ], [ -98.14384011990299, 19.512706219177687 ] ], [ [ -98.144093479729875, 19.512774889182509 ], [ -98.14448553948489, 19.512840199179763 ], [ -98.144485540440172, 19.512840199204202 ], [ -98.144093479729875, 19.512774889182509 ] ], [ [ -98.145089198885628, 19.512903979318473 ], [ -98.145089199840911, 19.512903979342838 ], [ -98.144857109682576, 19.512856579429833 ], [ -98.145089198885628, 19.512903979318473 ] ], [ [ -98.146232415842604, 19.512826007025577 ], [ -98.145625680195508, 19.513021370702742 ], [ -98.145772060012874, 19.513004350180239 ], [ -98.146232415842604, 19.512826007025577 ] ], [ [ -98.146265339870965, 19.512820619186801 ], [ -98.146763339399527, 19.51304147960602 ], [ -98.146883780349, 19.513231180089914 ], [ -98.146265339870965, 19.512820619186801 ] ], [ [ -98.147275077783291, 19.513681108527447 ], [ -98.146979459979576, 19.51371580007029 ], [ -98.147083338547475, 19.513718450488412 ], [ -98.147236829884193, 19.513706799871027 ], [ -98.147275077783291, 19.513681108527447 ] ], [ [ -98.147453380029972, 19.513401250527853 ], [ -98.147453380055623, 19.513401249622159 ], [ -98.147399906837762, 19.513477682824405 ], [ -98.147453380029972, 19.513401250527853 ] ], [ [ -98.148306460081088, 19.512640090753059 ], [ -98.148306460106724, 19.512640089847313 ], [ -98.147982364872561, 19.512923497860953 ], [ -98.148306460081088, 19.512640090753059 ] ], [ [ -98.150003170821776, 19.512278375043525 ], [ -98.149771880196539, 19.512278180386346 ], [ -98.14987368917096, 19.51228562010666 ], [ -98.149932420225639, 19.51228794029198 ], [ -98.150003170821776, 19.512278375043525 ] ], [ [ -98.15062217981388, 19.511585909207394 ], [ -98.150622178858697, 19.511585909183019 ], [ -98.150686450240869, 19.511644339495337 ], [ -98.15062217981388, 19.511585909207394 ] ], [ [ -98.150935289786446, 19.512062449543201 ], [ -98.150742658603278, 19.511881480218758 ], [ -98.150773178990875, 19.511967449384048 ], [ -98.150840119027094, 19.512037310416805 ], [ -98.150935289786446, 19.512062449543201 ] ], [ [ -98.151085569082653, 19.512046400608273 ], [ -98.151085570063401, 19.512046399726852 ], [ -98.151034255755206, 19.512059174985243 ], [ -98.151085569082653, 19.512046400608273 ] ], [ [ -98.151233229511703, 19.511911000483241 ], [ -98.151233229537326, 19.511910999577456 ], [ -98.151209557085508, 19.511944493239742 ], [ -98.151233229511703, 19.511911000483241 ] ], [ [ -98.151267680153467, 19.511752850232167 ], [ -98.151267680179089, 19.511752849326346 ], [ -98.151247219957, 19.511840369677646 ], [ -98.151267680153467, 19.511752850232167 ] ], [ [ -98.151279459605163, 19.511653749740088 ], [ -98.151279459579527, 19.511653750645859 ], [ -98.151350180021723, 19.511509829739822 ], [ -98.151279459605163, 19.511653749740088 ] ], [ [ -98.151412568829514, 19.511418310584457 ], [ -98.151412569810432, 19.511418309702972 ], [ -98.151373480195517, 19.511441619833359 ], [ -98.151412568829514, 19.511418310584457 ] ], [ [ -98.151591620308409, 19.511430969071547 ], [ -98.151944890009943, 19.511626180630742 ], [ -98.152026318859726, 19.511616110423333 ], [ -98.152082970369847, 19.511577060615352 ], [ -98.152099290251243, 19.511555944407242 ], [ -98.151591620308409, 19.511430969071547 ] ], [ [ -98.152217540301066, 19.511349740485567 ], [ -98.152217540326703, 19.511349739579845 ], [ -98.15218373901871, 19.51140558630091 ], [ -98.152217540301066, 19.511349740485567 ] ], [ [ -98.153940459924783, 19.511029169194661 ], [ -98.153143030168607, 19.510644600443911 ], [ -98.153322288668036, 19.510685520543447 ], [ -98.153940459924783, 19.511029169194661 ] ], [ [ -98.153940459924783, 19.511029169194661 ], [ -98.154195079641156, 19.511088260650837 ], [ -98.15426034952884, 19.511045399339306 ], [ -98.153940459924783, 19.511029169194661 ] ], [ [ -98.15431282929093, 19.511002200035737 ], [ -98.154490149379413, 19.511075519100395 ], [ -98.154555369868248, 19.511186489517982 ], [ -98.15431282929093, 19.511002200035737 ] ], [ [ -98.154651580125986, 19.511257749356265 ], [ -98.155055829904342, 19.511312569979538 ], [ -98.155181550155575, 19.511246939805584 ], [ -98.154651580125986, 19.511257749356265 ] ], [ [ -98.155458910067992, 19.511022570459286 ], [ -98.155516219839441, 19.510959249685492 ], [ -98.155181550155575, 19.511246939805584 ], [ -98.155458910067992, 19.511022570459286 ] ], [ [ -98.155727310407329, 19.510895799497785 ], [ -98.155984820083304, 19.51100355064602 ], [ -98.156085889935341, 19.511054689213513 ], [ -98.155727310407329, 19.510895799497785 ] ], [ [ -98.156324539803293, 19.510923120139218 ], [ -98.156324539828887, 19.510923119233446 ], [ -98.156298269325973, 19.51096295784162 ], [ -98.156324539803293, 19.510923120139218 ] ], [ [ -98.15643848028482, 19.510820769820111 ], [ -98.156438479304029, 19.510820770701663 ], [ -98.156575419707778, 19.510812089110594 ], [ -98.15643848028482, 19.510820769820111 ] ], [ [ -98.156746369249461, 19.510808350635639 ], [ -98.156909642840503, 19.510775573449052 ], [ -98.156575419707778, 19.510812089110594 ], [ -98.156746369249461, 19.510808350635639 ] ], [ [ -98.154036060052746, 19.503415060703556 ], [ -98.1542514897193, 19.503197889707337 ], [ -98.153974304742945, 19.503494769904037 ], [ -98.154036060052746, 19.503415060703556 ] ], [ [ -98.155452740431841, 19.501169980648239 ], [ -98.15545274045752, 19.501169979742517 ], [ -98.15519302492585, 19.501411768499899 ], [ -98.155452740431841, 19.501169980648239 ] ], [ [ -98.156160880235788, 19.500005420358715 ], [ -98.156160880261382, 19.500005419453093 ], [ -98.155924090479019, 19.500592999112886 ], [ -98.156160880235788, 19.500005420358715 ] ], [ [ -98.156713260395676, 19.497075889334624 ], [ -98.157396219657329, 19.497228229505943 ], [ -98.15721631029993, 19.497177379136307 ], [ -98.156987619872808, 19.497125289624911 ], [ -98.156713260395676, 19.497075889334624 ] ], [ [ -98.157806320073433, 19.497278320655266 ], [ -98.157806320099098, 19.497278319749618 ], [ -98.157597970329604, 19.49724657917896 ], [ -98.157806320073433, 19.497278320655266 ] ], [ [ -98.158438449443949, 19.496382059919725 ], [ -98.158438450424626, 19.496382059038236 ], [ -98.158210369613968, 19.496554769476589 ], [ -98.158438449443949, 19.496382059919725 ] ], [ [ -98.159517620331442, 19.495708710200578 ], [ -98.159897088945897, 19.495407587606458 ], [ -98.159142289366926, 19.495924457572201 ], [ -98.159517620331442, 19.495708710200578 ] ], [ [ -98.159997649830402, 19.495258140435588 ], [ -98.159997649855981, 19.495258139529817 ], [ -98.159947586803526, 19.495336241703718 ], [ -98.159997649830402, 19.495258140435588 ] ], [ [ -98.160515423114475, 19.494455213943787 ], [ -98.16072565906407, 19.494268800697753 ], [ -98.160823811957385, 19.494250716664553 ], [ -98.160515423114475, 19.494455213943787 ] ], [ [ -98.162934339476877, 19.493855490278182 ], [ -98.163715859619472, 19.493842259666749 ], [ -98.162486759913961, 19.49389629634425 ], [ -98.162934339476877, 19.493855490278182 ] ], [ [ -98.163715859619472, 19.493842259666749 ], [ -98.164126949369319, 19.49410390986235 ], [ -98.164236950397026, 19.494213379742536 ], [ -98.163715859619472, 19.493842259666749 ] ], [ [ -98.169011860373473, 19.495889428980782 ], [ -98.164708019898185, 19.494432680424435 ], [ -98.165211279590949, 19.494567950098531 ], [ -98.165607090141108, 19.49463454019606 ], [ -98.16612942865261, 19.494798570213447 ], [ -98.166642889489182, 19.494924679934268 ], [ -98.16758251028017, 19.495099280030082 ], [ -98.169011860373473, 19.495889428980782 ] ], [ [ -98.169148049218037, 19.495996549648414 ], [ -98.169314290228556, 19.49609499960448 ], [ -98.169011860373473, 19.495889428980782 ], [ -98.169148049218037, 19.495996549648414 ] ], [ [ -98.169774649855071, 19.496342260226022 ], [ -98.16977464988058, 19.496342259320272 ], [ -98.169510349987803, 19.496194219307757 ], [ -98.169774649855071, 19.496342260226022 ] ], [ [ -98.17021616911191, 19.49655135061926 ], [ -98.170774399478802, 19.49690848989443 ], [ -98.170977350140447, 19.496768310382361 ], [ -98.17224314855882, 19.495863680144438 ], [ -98.175105059684725, 19.493867150113847 ], [ -98.17571490099003, 19.493433217869068 ], [ -98.17021616911191, 19.49655135061926 ] ], [ [ -98.178827379655459, 19.491212859857544 ], [ -98.1814139801848, 19.489413028963348 ], [ -98.177397539767597, 19.492229369450328 ], [ -98.178827379655459, 19.491212859857544 ] ], [ [ -98.178159978863789, 19.4360442905353 ], [ -98.178159979843898, 19.436044289653751 ], [ -98.178238450332486, 19.43563445950598 ], [ -98.178159978863789, 19.4360442905353 ] ], [ [ -98.178047149525995, 19.43620494951729 ], [ -98.17785837905177, 19.43661597035798 ], [ -98.177824628716451, 19.436713240044103 ], [ -98.177951139917297, 19.436468819533491 ], [ -98.178047149525995, 19.43620494951729 ] ], [ [ -98.177597178620005, 19.437151288925655 ], [ -98.177174148755384, 19.437660550077066 ], [ -98.177720369952056, 19.436972219771196 ], [ -98.177597178620005, 19.437151288925655 ] ], [ [ -98.176935320106949, 19.437925479143505 ], [ -98.17702794005055, 19.437782999175919 ], [ -98.177027939156801, 19.43778299992443 ], [ -98.176935320106949, 19.437925479143505 ] ], [ [ -98.176935320106949, 19.437925479143505 ], [ -98.176529229394703, 19.438666059245275 ], [ -98.1763754596425, 19.4388557197842 ], [ -98.176935320106949, 19.437925479143505 ] ], [ [ -98.176225418607061, 19.438936650433586 ], [ -98.17608035720265, 19.439186800737684 ], [ -98.176225419230065, 19.438936650097542 ], [ -98.176225418607061, 19.438936650433586 ] ], [ [ -98.175587919185702, 19.439901490669374 ], [ -98.175390761693919, 19.440177568672446 ], [ -98.175945619916703, 19.439412019687847 ], [ -98.175587919185702, 19.439901490669374 ] ], [ [ -98.175043569217408, 19.440562419660278 ], [ -98.175043570172093, 19.440562419684447 ], [ -98.175183437541449, 19.440421240689943 ], [ -98.175043569217408, 19.440562419660278 ] ], [ [ -98.174348970376911, 19.441472259762996 ], [ -98.174437509767358, 19.441275849647234 ], [ -98.174437508787193, 19.441275850528797 ], [ -98.174348970376911, 19.441472259762996 ] ], [ [ -98.170317139272655, 19.439689689346977 ], [ -98.170317140227425, 19.439689689371185 ], [ -98.170397345981812, 19.439654300948515 ], [ -98.170317139272655, 19.439689689346977 ] ], [ [ -98.16303811907369, 19.442698940617205 ], [ -98.16303812005394, 19.442698939735713 ], [ -98.166640999814334, 19.438168549000743 ], [ -98.16303811907369, 19.442698940617205 ] ], [ [ -98.162050778899271, 19.444077979126295 ], [ -98.162050779853985, 19.444077979150606 ], [ -98.162415749989592, 19.443573739068743 ], [ -98.162050778899271, 19.444077979126295 ] ], [ [ -98.159946490059781, 19.443527489672036 ], [ -98.160192769973563, 19.443487259897104 ], [ -98.160192769501705, 19.443487259794068 ], [ -98.159946490059781, 19.443527489672036 ] ], [ [ -98.156871619826504, 19.443521049402811 ], [ -98.156871618846196, 19.443521050284204 ], [ -98.157081909222484, 19.443569819995847 ], [ -98.156871619826504, 19.443521049402811 ] ], [ [ -98.151155400480263, 19.437348659287249 ], [ -98.151155400454627, 19.437348660192928 ], [ -98.151172619614158, 19.437377289516224 ], [ -98.151155400480263, 19.437348659287249 ] ], [ [ -98.151136858666291, 19.437323150350046 ], [ -98.15086025927944, 19.437208579141867 ], [ -98.151141108822401, 19.437324919902842 ], [ -98.151136858666291, 19.437323150350046 ] ], [ [ -98.148239230464213, 19.436669849601881 ], [ -98.147951819082337, 19.436260710388037 ], [ -98.148664709953991, 19.436425090109758 ], [ -98.148239230464213, 19.436669849601881 ] ], [ [ -98.147945549355313, 19.434916150712915 ], [ -98.148047289266529, 19.434974149991206 ], [ -98.14794555030997, 19.434916150737227 ], [ -98.147945549355313, 19.434916150712915 ] ], [ [ -98.147230689044633, 19.434576120527826 ], [ -98.147230688064312, 19.434576121409179 ], [ -98.147255840072731, 19.434593835270327 ], [ -98.147230689044633, 19.434576120527826 ] ], [ [ -98.1471949696069, 19.434540969406932 ], [ -98.147086739667117, 19.434342720333412 ], [ -98.147203850027736, 19.434557219858664 ], [ -98.1471949696069, 19.434540969406932 ] ], [ [ -98.155689457772752, 19.416209088976078 ], [ -98.155689456818152, 19.416209088951859 ], [ -98.155713048884067, 19.416221819258986 ], [ -98.155689457772752, 19.416209088976078 ] ], [ [ -98.157502947796431, 19.389901049501592 ], [ -98.15754339978389, 19.389939689312492 ], [ -98.157502948750775, 19.389901049525879 ], [ -98.157502947796431, 19.389901049501592 ] ], [ [ -98.157468250214279, 19.389898049132498 ], [ -98.157418935383731, 19.389893799740161 ], [ -98.157502947796431, 19.389901049501592 ], [ -98.157468250214279, 19.389898049132498 ] ], [ [ -98.156098599982528, 19.389653259810679 ], [ -98.156098599028184, 19.389653259786357 ], [ -98.156126999421332, 19.389693259157205 ], [ -98.156098599982528, 19.389653259810679 ] ], [ [ -98.158651829452296, 19.353604030575639 ], [ -98.158651828498222, 19.353604030551416 ], [ -98.15863741954108, 19.353767620105671 ], [ -98.158651829452296, 19.353604030575639 ] ], [ [ -98.158366659236876, 19.351732580082871 ], [ -98.158366659211325, 19.351732580988521 ], [ -98.158390889999069, 19.351755139371068 ], [ -98.158366659236876, 19.351732580082871 ] ], [ [ -98.151854939004792, 19.344769829925681 ], [ -98.151854938025096, 19.344769830807071 ], [ -98.151925479728604, 19.344837385054213 ], [ -98.151854939004792, 19.344769829925681 ] ], [ [ -98.151798019314896, 19.344720420442997 ], [ -98.151798018335271, 19.344720421324286 ], [ -98.151806927266009, 19.344727538470085 ], [ -98.151798019314896, 19.344720420442997 ] ], [ [ -98.153158599261573, 19.338501678594998 ], [ -98.1531585983588, 19.338501676759467 ], [ -98.153151139236158, 19.338511719607926 ], [ -98.153158599261573, 19.338501678594998 ] ], [ [ -98.076665079527018, 19.307933020226024 ], [ -98.076665078573285, 19.307933020201304 ], [ -98.076860020298739, 19.308320779720184 ], [ -98.076665079527018, 19.307933020226024 ] ], [ [ -98.07342588009999, 19.304688119134092 ], [ -98.073425879146271, 19.304688119109294 ], [ -98.073510199229418, 19.305184979780972 ], [ -98.07342588009999, 19.304688119134092 ] ], [ [ -98.073188000001977, 19.304217569792922 ], [ -98.072934880233817, 19.303913230231846 ], [ -98.073307318630185, 19.304439580048168 ], [ -98.073188000001977, 19.304217569792922 ] ], [ [ -98.091725688711989, 19.300169600217483 ], [ -98.091530290094909, 19.300194449932437 ], [ -98.091725689302578, 19.300169600288402 ], [ -98.091725688711989, 19.300169600217483 ] ], [ [ -98.115810591020278, 19.307956055416739 ], [ -98.115810590066445, 19.307956055392207 ], [ -98.115820828992781, 19.307991880386982 ], [ -98.115810591020278, 19.307956055416739 ] ], [ [ -98.1153540211738, 19.307384610820172 ], [ -98.115354021147965, 19.307384611725713 ], [ -98.115355178593362, 19.307384490160139 ], [ -98.1153540211738, 19.307384610820172 ] ], [ [ -98.115127936485678, 19.307415040163804 ], [ -98.115127936459828, 19.307415041069373 ], [ -98.115199575809442, 19.307408244044286 ], [ -98.115127936485678, 19.307415040163804 ] ], [ [ -98.115113078757673, 19.307416450457165 ], [ -98.115057398316267, 19.307405191148906 ], [ -98.115038549013676, 19.307401380459407 ], [ -98.115113078757673, 19.307416450457165 ] ], [ [ -98.114890061877446, 19.307312758981269 ], [ -98.114890060897778, 19.307312759862203 ], [ -98.114907648873228, 19.30732391017078 ], [ -98.114890061877446, 19.307312758981269 ] ], [ [ -98.106992310018413, 19.299759550207828 ], [ -98.106992309064722, 19.299759550183257 ], [ -98.107252568930022, 19.299888849057233 ], [ -98.106992310018413, 19.299759550207828 ] ], [ [ -98.114968109324934, 19.301309309576183 ], [ -98.115032722225024, 19.301237124515929 ], [ -98.114980519939976, 19.301295431297728 ], [ -98.114968109324934, 19.301309309576183 ] ], [ [ -98.115071140446275, 19.301194200271794 ], [ -98.115071140472125, 19.30119419936624 ], [ -98.115064404275202, 19.301201726902153 ], [ -98.115071140446275, 19.301194200271794 ] ], [ [ -98.115467370420674, 19.300751570269743 ], [ -98.11546737044651, 19.300751569364184 ], [ -98.11536835010368, 19.300862179408174 ], [ -98.115467370420674, 19.300751570269743 ] ], [ [ -98.124220647736337, 19.30367715084488 ], [ -98.124220648715948, 19.303677149963779 ], [ -98.124199219926567, 19.303652649832799 ], [ -98.124220647736337, 19.30367715084488 ] ], [ [ -98.135200478264665, 19.310830310866354 ], [ -98.135200479244162, 19.310830309985249 ], [ -98.13513942873503, 19.310782909564178 ], [ -98.135200478264665, 19.310830310866354 ] ], [ [ -98.160079310646907, 19.315878332793748 ], [ -98.160079311600825, 19.315878332818034 ], [ -98.160079309862041, 19.315878089908232 ], [ -98.160079310646907, 19.315878332793748 ] ], [ [ -98.180287747082033, 19.324253603594169 ], [ -98.180287747107442, 19.324253602688589 ], [ -98.180255349939955, 19.324242109009266 ], [ -98.180287747082033, 19.324253603594169 ] ], [ [ -98.191861168753178, 19.335036149972083 ], [ -98.19186116777378, 19.335036150853682 ], [ -98.191869769926384, 19.335043738994813 ], [ -98.191861168753178, 19.335036149972083 ] ], [ [ -98.178517919365262, 19.342880459521954 ], [ -98.17867216778248, 19.342751650077759 ], [ -98.178902828884972, 19.342559020316301 ], [ -98.178517919365262, 19.342880459521954 ] ], [ [ -97.979781780342122, 19.205229310402441 ], [ -97.980138579431824, 19.205289890642149 ], [ -97.97978178034856, 19.205229309357151 ], [ -97.979781780342122, 19.205229310402441 ] ], [ [ -97.981991969721051, 19.215853889406503 ], [ -97.981991968767971, 19.215853889381076 ], [ -97.981843309037814, 19.215960449909485 ], [ -97.981991969721051, 19.215853889406503 ] ], [ [ -97.982413400449801, 19.215554019042806 ], [ -97.982413399496707, 19.215554019017432 ], [ -97.982253098828565, 19.215642440015898 ], [ -97.982413400449801, 19.215554019042806 ] ], [ [ -97.982742909890817, 19.215078889538184 ], [ -97.982742908937752, 19.215078889512732 ], [ -97.982716051288278, 19.21525340583894 ], [ -97.982742909890817, 19.215078889538184 ] ], [ [ -97.984066059017138, 19.21430933930429 ], [ -97.983388349597249, 19.214589109841938 ], [ -97.984066059970289, 19.214309339329613 ], [ -97.984066059017138, 19.21430933930429 ] ], [ [ -97.99363013036988, 19.23059592431072 ], [ -97.99355496943484, 19.230604089592067 ], [ -97.993554970387947, 19.230604089617263 ], [ -97.99363013036988, 19.23059592431072 ] ], [ [ -97.997412649551563, 19.234523879927966 ], [ -97.997462969807913, 19.234256509654223 ], [ -97.997412649578166, 19.234523879022529 ], [ -97.997412649551563, 19.234523879927966 ] ], [ [ -97.99734108978366, 19.235032539628989 ], [ -97.997341089757057, 19.235032540534441 ], [ -97.997355241046819, 19.234979153512569 ], [ -97.99734108978366, 19.235032539628989 ] ], [ [ -97.997164658953267, 19.235256290088252 ], [ -97.997164659236773, 19.235256289728714 ], [ -97.997077879945266, 19.235321169678393 ], [ -97.997164658953267, 19.235256290088252 ] ], [ [ -97.996161090236498, 19.236575849151826 ], [ -97.996161090209881, 19.236575850057264 ], [ -97.99636894039557, 19.23624544957476 ], [ -97.996161090236498, 19.236575849151826 ] ], [ [ -97.995897829664671, 19.236864459251535 ], [ -97.99575249045499, 19.236994949493162 ], [ -97.996014939969129, 19.236733199302179 ], [ -97.995897829664671, 19.236864459251535 ] ], [ [ -97.995390630015507, 19.237267509565086 ], [ -97.995752489475038, 19.236994950373276 ], [ -97.99575249045499, 19.236994949493162 ], [ -97.995390630015507, 19.237267509565086 ] ], [ [ -97.994053339524726, 19.238481169706862 ], [ -97.994053339498109, 19.23848117061226 ], [ -97.99423688755904, 19.238364695569501 ], [ -97.994053339524726, 19.238481169706862 ] ], [ [ -97.99306441993663, 19.239350599773406 ], [ -97.993064419909985, 19.239350600678819 ], [ -97.993428941446581, 19.239047160431415 ], [ -97.99306441993663, 19.239350599773406 ] ], [ [ -97.991698970140405, 19.240100569866943 ], [ -97.99169896916041, 19.24010057074711 ], [ -97.991878770819326, 19.240027328854808 ], [ -97.991698970140405, 19.240100569866943 ] ], [ [ -97.991140690298906, 19.240510029387647 ], [ -97.990866380141284, 19.240719579777718 ], [ -97.991364260344781, 19.240336829443287 ], [ -97.991140690298906, 19.240510029387647 ] ], [ [ -97.990425220250017, 19.241198139898064 ], [ -97.990458630067167, 19.24107645935414 ], [ -97.990425220276663, 19.241198138992615 ], [ -97.990425220250017, 19.241198139898064 ] ], [ [ -97.990253399003123, 19.241636720131204 ], [ -97.990253399326505, 19.241636719613233 ], [ -97.990172568246862, 19.241681302607063 ], [ -97.990253399003123, 19.241636720131204 ] ], [ [ -97.989851479973069, 19.241795718960958 ], [ -97.98985147899306, 19.241795719841171 ], [ -97.989991477876316, 19.241764707876989 ], [ -97.989851479973069, 19.241795718960958 ] ], [ [ -97.9886796903006, 19.242380339391083 ], [ -97.988409561566741, 19.242656131517556 ], [ -97.988862450057695, 19.242243749284999 ], [ -97.9886796903006, 19.242380339391083 ] ], [ [ -97.988023400329297, 19.243418879699227 ], [ -97.988023400302637, 19.243418880604676 ], [ -97.988097124476639, 19.24331707161895 ], [ -97.988023400329297, 19.243418879699227 ] ], [ [ -97.987697519976933, 19.243693059191326 ], [ -97.987697519950274, 19.243693060096785 ], [ -97.987789364154537, 19.243620349264258 ], [ -97.987697519976933, 19.243693059191326 ] ], [ [ -97.987259939406727, 19.244049109082155 ], [ -97.987259939573761, 19.244049108959679 ], [ -97.987152829715953, 19.244028979474979 ], [ -97.987259939406727, 19.244049109082155 ] ], [ [ -97.986976549560993, 19.243979309449536 ], [ -97.986976548607714, 19.243979309424137 ], [ -97.987152829715953, 19.244028979474979 ], [ -97.986976549560993, 19.243979309449536 ] ], [ [ -97.98482296914375, 19.242974109091389 ], [ -97.986402199795705, 19.243891939162662 ], [ -97.985939280127269, 19.243800679018317 ], [ -97.985519090194416, 19.243671119098856 ], [ -97.985111339981344, 19.243580139147095 ], [ -97.98482296914375, 19.242974109091389 ] ], [ [ -97.97720588950601, 19.243164399783886 ], [ -97.977155369577318, 19.243242119563551 ], [ -97.977361262569275, 19.243074907787292 ], [ -97.97720588950601, 19.243164399783886 ] ], [ [ -97.973877799971447, 19.247751629477953 ], [ -97.973877799944688, 19.247751630383405 ], [ -97.974131879915689, 19.247670679491428 ], [ -97.973877799971447, 19.247751629477953 ] ], [ [ -97.963869119464889, 19.252251109584648 ], [ -97.963869119438058, 19.252251110490082 ], [ -97.964157689435424, 19.251936539779567 ], [ -97.963869119464889, 19.252251109584648 ] ], [ [ -97.923628349045231, 19.276355429310446 ], [ -97.923628349018145, 19.276355430215929 ], [ -97.923891540435349, 19.276066770689241 ], [ -97.923628349045231, 19.276355429310446 ] ], [ [ -97.923181259343764, 19.276800259188654 ], [ -97.922838648722902, 19.276992049296833 ], [ -97.923464059676633, 19.276536719799712 ], [ -97.923181259343764, 19.276800259188654 ] ], [ [ -97.920979047741639, 19.279657479112725 ], [ -97.920979048695173, 19.279657479138493 ], [ -97.921001059998616, 19.279627419107243 ], [ -97.920979047741639, 19.279657479112725 ] ], [ [ -97.908223195395649, 19.286795822779233 ], [ -97.908223196349297, 19.286795822805146 ], [ -97.908862889771385, 19.286574659224911 ], [ -97.908223195395649, 19.286795822779233 ] ], [ [ -98.02965471915708, 19.370024649586078 ], [ -98.028221490114561, 19.3716551092636 ], [ -98.03052225497629, 19.369171984084158 ], [ -98.02965471915708, 19.370024649586078 ] ], [ [ -98.015472060240697, 19.365536019124171 ], [ -98.015668060320081, 19.365112649489035 ], [ -98.01539419936114, 19.365800069665752 ], [ -98.015472060240697, 19.365536019124171 ] ], [ [ -98.015309383030427, 19.366194164393271 ], [ -98.015154850118407, 19.366468049238517 ], [ -98.015261540236168, 19.366337779699538 ], [ -98.015309383030427, 19.366194164393271 ] ], [ [ -98.014806739631382, 19.366858089798189 ], [ -98.014894740405808, 19.366727339223885 ], [ -98.014770648136235, 19.366963585021736 ], [ -98.014806739631382, 19.366858089798189 ] ], [ [ -98.01474234991376, 19.367459659055427 ], [ -98.014755599944976, 19.367007582277349 ], [ -98.014692510178207, 19.367564819330422 ], [ -98.01474234991376, 19.367459659055427 ] ], [ [ -98.014605029139773, 19.367677849456459 ], [ -98.01460502956445, 19.367677849294484 ], [ -98.014692510178207, 19.367564819330422 ], [ -98.014605029139773, 19.367677849456459 ] ], [ [ -98.014387490113293, 19.367760819433201 ], [ -98.014482007488695, 19.367724770248991 ], [ -98.014274313869706, 19.367795386726407 ], [ -98.014387490113293, 19.367760819433201 ] ], [ [ -98.013783679744535, 19.3679400593781 ], [ -98.013877929843161, 19.367912998517092 ], [ -98.013525430348608, 19.36804314968477 ], [ -98.013783679744535, 19.3679400593781 ] ], [ [ -98.013525430348608, 19.36804314968477 ], [ -98.01332190942604, 19.368286180093534 ], [ -98.013285569916647, 19.368569119829264 ], [ -98.013525430348608, 19.36804314968477 ] ], [ [ -98.013285569916647, 19.368569119829264 ], [ -98.013208458971874, 19.36896630982816 ], [ -98.012986770319444, 19.369191119020737 ], [ -98.013285569916647, 19.368569119829264 ] ], [ [ -98.012822949591708, 19.369355369387907 ], [ -98.012822948610932, 19.369355370268284 ], [ -98.012774621524315, 19.369425027119085 ], [ -98.012822949591708, 19.369355369387907 ] ], [ [ -98.011207416698426, 19.373152682361468 ], [ -98.008905820275714, 19.377432249084446 ], [ -98.011094220445898, 19.373394999482709 ], [ -98.011207416698426, 19.373152682361468 ] ], [ [ -98.007184798591922, 19.38025571941213 ], [ -98.007091048779188, 19.380420310718218 ], [ -98.007184799546238, 19.380255719437415 ], [ -98.007909450081939, 19.379148149321459 ], [ -98.008272420175743, 19.378572199244623 ], [ -98.007184798591922, 19.38025571941213 ] ], [ [ -98.006809460289901, 19.380574619443397 ], [ -98.006848647073241, 19.380566412418371 ], [ -98.006745996928885, 19.380586904519028 ], [ -98.006809460289901, 19.380574619443397 ] ], [ [ -98.006042977418034, 19.380679746453456 ], [ -98.005988538956672, 19.380684819505529 ], [ -98.005988539910916, 19.380684819530728 ], [ -98.006042977418034, 19.380679746453456 ] ], [ [ -97.993868089399385, 19.38165297046347 ], [ -97.994113770127299, 19.381995829544799 ], [ -97.993488649704531, 19.380915019541096 ], [ -97.993868089399385, 19.38165297046347 ] ], [ [ -97.994395059619535, 19.382709110675776 ], [ -97.994215848641176, 19.382478259799704 ], [ -97.994307170044237, 19.382535849993001 ], [ -97.994380378590904, 19.382614970649978 ], [ -97.994395059619535, 19.382709110675776 ] ], [ [ -97.994371509103459, 19.383140429712753 ], [ -97.994405850027007, 19.38335637930912 ], [ -97.994390558325989, 19.382857001637667 ], [ -97.994371509103459, 19.383140429712753 ] ], [ [ -97.994461848886289, 19.383429540603114 ], [ -97.99453618009926, 19.383470089300644 ], [ -97.994405850027007, 19.38335637930912 ], [ -97.994461848886289, 19.383429540603114 ] ], [ [ -97.99453618009926, 19.383470089300644 ], [ -97.994787889551134, 19.383807649860255 ], [ -97.994858379797876, 19.383980449255763 ], [ -97.99453618009926, 19.383470089300644 ] ], [ [ -97.995022319183647, 19.384049830152609 ], [ -97.995067979816213, 19.384176510495617 ], [ -97.994858379797876, 19.383980449255763 ], [ -97.995022319183647, 19.384049830152609 ] ], [ [ -97.995046219930373, 19.384436999503865 ], [ -97.995209540360904, 19.384933719338651 ], [ -97.995150579658031, 19.3846948189526 ], [ -97.995046219930373, 19.384436999503865 ] ], [ [ -97.995124089598477, 19.390056309250433 ], [ -97.995016848979191, 19.388559369089791 ], [ -97.995119169422381, 19.389129969823799 ], [ -97.995095139405294, 19.389572820446549 ], [ -97.995124089598477, 19.390056309250433 ] ], [ [ -97.995215969583384, 19.390660949239628 ], [ -97.995215969556739, 19.390660950145246 ], [ -97.995230799512754, 19.390827889822482 ], [ -97.995215969583384, 19.390660949239628 ] ], [ [ -97.99480671974392, 19.391620539093221 ], [ -97.994206829534164, 19.398547249268606 ], [ -97.994206830429306, 19.398547249380037 ], [ -97.99480671974392, 19.391620539093221 ] ], [ [ -97.989398280216562, 19.401641029414925 ], [ -97.989291819651569, 19.401492660283182 ], [ -97.989479428920589, 19.40178064945729 ], [ -97.989398280216562, 19.401641029414925 ] ], [ [ -97.989906999721669, 19.402026490669165 ], [ -97.989771150343898, 19.402006709229425 ], [ -97.990168229845082, 19.402130449531299 ], [ -97.989906999721669, 19.402026490669165 ] ], [ [ -97.99151494028483, 19.402718649105001 ], [ -97.991418769172853, 19.402687779540397 ], [ -97.991685478718139, 19.402758569752052 ], [ -97.99151494028483, 19.402718649105001 ] ], [ [ -97.991789310355827, 19.402782570219891 ], [ -97.991938109402128, 19.402800690316575 ], [ -97.991685478718139, 19.402758569752052 ], [ -97.991789310355827, 19.402782570219891 ] ], [ [ -97.989011720264259, 19.408379420073441 ], [ -97.989663620060881, 19.407695120640714 ], [ -97.988773076001422, 19.408628021071102 ], [ -97.989011720264259, 19.408379420073441 ] ], [ [ -97.970815429307578, 19.414995649460494 ], [ -97.970815430262149, 19.414995649486034 ], [ -97.970879739721624, 19.414751110619431 ], [ -97.970815429307578, 19.414995649460494 ] ], [ [ -97.970710859788838, 19.415112369098786 ], [ -97.97072186079285, 19.415106559400499 ], [ -97.970702209131716, 19.415114270544571 ], [ -97.970710859788838, 19.415112369098786 ] ], [ [ -97.969323139210331, 19.414849139123405 ], [ -97.969323140164889, 19.41484913914892 ], [ -97.969373420346656, 19.414833709105572 ], [ -97.969323139210331, 19.414849139123405 ] ], [ [ -97.969277169888684, 19.414881460224301 ], [ -97.969277169272431, 19.414881460657586 ], [ -97.969245479736898, 19.414920259185287 ], [ -97.969277169888684, 19.414881460224301 ] ], [ [ -97.969211509102294, 19.41498188039937 ], [ -97.969186449906658, 19.415068109255216 ], [ -97.969245479736898, 19.414920259185287 ], [ -97.969211509102294, 19.41498188039937 ] ], [ [ -97.968946539583328, 19.416207049535632 ], [ -97.968946538628757, 19.41620704951017 ], [ -97.968646941051887, 19.416585835563634 ], [ -97.968946539583328, 19.416207049535632 ] ], [ [ -97.967083320144454, 19.418541109515029 ], [ -97.96746637483669, 19.41806293874696 ], [ -97.96689865994594, 19.418792849355324 ], [ -97.967083320144454, 19.418541109515029 ] ], [ [ -97.966865379297033, 19.418847819820332 ], [ -97.966865380251619, 19.418847819845794 ], [ -97.96689865994594, 19.418792849355324 ], [ -97.966865379297033, 19.418847819820332 ] ], [ [ -97.958469339765713, 19.418259350078014 ], [ -97.957929569878843, 19.419403709637738 ], [ -97.958306510354461, 19.418635149299014 ], [ -97.958469339765713, 19.418259350078014 ] ], [ [ -97.957929569878843, 19.419403709637738 ], [ -97.957411488815794, 19.420692399226986 ], [ -97.957226709587516, 19.420883889311295 ], [ -97.957929569878843, 19.419403709637738 ] ], [ [ -97.954347349627326, 19.421185979030696 ], [ -97.954347348672812, 19.42118597900512 ], [ -97.954009620404193, 19.421251279048057 ], [ -97.954347349627326, 19.421185979030696 ] ], [ [ -97.953474800464079, 19.42154487916369 ], [ -97.953600835099408, 19.421469258995966 ], [ -97.953343976504527, 19.421675782133484 ], [ -97.953474800464079, 19.42154487916369 ] ], [ [ -97.952890829568176, 19.42229008958769 ], [ -97.953100499403803, 19.421979873175136 ], [ -97.952746620254331, 19.422434878999443 ], [ -97.952890829568176, 19.42229008958769 ] ], [ [ -97.952746619272773, 19.422434879879532 ], [ -97.952639169802694, 19.42266028926376 ], [ -97.952746620254331, 19.422434878999443 ], [ -97.952746619272773, 19.422434879879532 ] ], [ [ -97.952050908796011, 19.423244636353306 ], [ -97.951977429265654, 19.423269059107948 ], [ -97.951977430220182, 19.423269059133514 ], [ -97.952050908796011, 19.423244636353306 ] ], [ [ -97.951295170183045, 19.423250779385217 ], [ -97.95134431514991, 19.423229092978762 ], [ -97.95111827980493, 19.42333699927935 ], [ -97.951295170183045, 19.423250779385217 ] ], [ [ -97.94995625014721, 19.424156219567024 ], [ -97.950158463042229, 19.42398425703043 ], [ -97.949849487514484, 19.424262251507454 ], [ -97.94995625014721, 19.424156219567024 ] ], [ [ -97.946446720099118, 19.42383756952167 ], [ -97.946446719291487, 19.423837569456719 ], [ -97.946310135707847, 19.423874106524718 ], [ -97.946446720099118, 19.42383756952167 ] ], [ [ -97.944926199920346, 19.424800629506841 ], [ -97.945178879958931, 19.424651909620724 ], [ -97.944779364009406, 19.424945860255512 ], [ -97.944926199920346, 19.424800629506841 ] ], [ [ -97.944554643076088, 19.425097160974829 ], [ -97.944531169539715, 19.425102199741573 ], [ -97.944531170166186, 19.425102199837585 ], [ -97.944554643076088, 19.425097160974829 ] ], [ [ -97.938630459913796, 19.424218369323885 ], [ -97.938860269910478, 19.4240510373861 ], [ -97.938440516000782, 19.424320309162852 ], [ -97.938630459913796, 19.424218369323885 ] ], [ [ -97.936878111873142, 19.425097703664907 ], [ -97.936797649874038, 19.425112569228446 ], [ -97.93679764995909, 19.425112569414697 ], [ -97.936878111873142, 19.425097703664907 ] ], [ [ -97.935162649379535, 19.425474379515009 ], [ -97.935162650334092, 19.425474379540717 ], [ -97.935332059754074, 19.42511059929895 ], [ -97.935162649379535, 19.425474379515009 ] ], [ [ -97.931439148769314, 19.425696540319397 ], [ -97.931439149750943, 19.425696539439436 ], [ -97.931447323495149, 19.425626170120815 ], [ -97.931439148769314, 19.425696540319397 ] ], [ [ -97.922422972638557, 19.422607045533827 ], [ -97.922360828952307, 19.422623449630116 ], [ -97.922360829906836, 19.422623449655887 ], [ -97.922422972638557, 19.422607045533827 ] ], [ [ -97.919369030267006, 19.424912649118944 ], [ -97.919418169541927, 19.42441216918542 ], [ -97.919407090184905, 19.425350749037371 ], [ -97.919369030267006, 19.424912649118944 ] ], [ [ -97.919285859583411, 19.425978799664705 ], [ -97.919364740173876, 19.425624799417175 ], [ -97.919204672786506, 19.426348907481394 ], [ -97.919285859583411, 19.425978799664705 ] ], [ [ -97.919045819660184, 19.427154019363954 ], [ -97.919159770287223, 19.426768579246311 ], [ -97.918872949597812, 19.427796858980898 ], [ -97.919045819660184, 19.427154019363954 ] ], [ [ -97.918827399371139, 19.42988384997976 ], [ -97.918827400352967, 19.429883849099902 ], [ -97.918773689609324, 19.428830179146956 ], [ -97.918827399371139, 19.42988384997976 ] ], [ [ -97.918988690048806, 19.430195769081255 ], [ -97.918902658680921, 19.431925539034413 ], [ -97.918673679529604, 19.433573889817197 ], [ -97.918988690048806, 19.430195769081255 ] ], [ [ -97.918572429877401, 19.433836804274161 ], [ -97.918572430859257, 19.433836803394303 ], [ -97.918673679529604, 19.433573889817197 ], [ -97.918572429877401, 19.433836804274161 ] ], [ [ -97.918030435981734, 19.434419642994133 ], [ -97.916935489227001, 19.435884600246123 ], [ -97.916694314399066, 19.436336333863636 ], [ -97.918030435981734, 19.434419642994133 ] ], [ [ -97.915533319481696, 19.438009399891602 ], [ -97.915533320463595, 19.438009399011694 ], [ -97.915765279576846, 19.437633376237404 ], [ -97.915533319481696, 19.438009399891602 ] ], [ [ -97.915027578946038, 19.439053980443632 ], [ -97.914573180000986, 19.439558319802735 ], [ -97.915366198879966, 19.438438182332895 ], [ -97.915027578946038, 19.439053980443632 ] ], [ [ -97.914449079967213, 19.439888279423609 ], [ -97.914541350107498, 19.439740779461776 ], [ -97.913905879629397, 19.440131909667574 ], [ -97.914449079967213, 19.439888279423609 ] ], [ [ -97.91287879987496, 19.440671136402401 ], [ -97.912699518995481, 19.440777629122419 ], [ -97.912699519950209, 19.440777629148254 ], [ -97.91287879987496, 19.440671136402401 ] ], [ [ -97.908044109589525, 19.441493449597157 ], [ -97.908940490001115, 19.441325219714376 ], [ -97.907801927375516, 19.441556471655069 ], [ -97.908044109589525, 19.441493449597157 ] ], [ [ -97.901168880447742, 19.450721769316239 ], [ -97.899510889062796, 19.453144889301505 ], [ -97.899510889718798, 19.453144889764083 ], [ -97.901168880447742, 19.450721769316239 ] ], [ [ -97.89184797981703, 19.448896949802304 ], [ -97.891071260401304, 19.449229799649345 ], [ -97.891847978834974, 19.448896950682059 ], [ -97.893089339925496, 19.448410279764868 ], [ -97.89184797981703, 19.448896949802304 ] ], [ [ -97.888842180086655, 19.449131229251414 ], [ -97.888853284804256, 19.449128800146056 ], [ -97.888829198208384, 19.44913628228047 ], [ -97.888842180086655, 19.449131229251414 ] ], [ [ -97.88878109731715, 19.44916065924977 ], [ -97.888766550015177, 19.449170679331843 ], [ -97.888766550274255, 19.449170679836946 ], [ -97.88878109731715, 19.44916065924977 ] ], [ [ -97.882859879930123, 19.443501179416245 ], [ -97.882878445080578, 19.443216248799409 ], [ -97.882823780447936, 19.443998779541861 ], [ -97.882859879930123, 19.443501179416245 ] ], [ [ -97.882167459323099, 19.446199550442749 ], [ -97.882167460305197, 19.446199549563122 ], [ -97.882607269179402, 19.445164546318523 ], [ -97.882167459323099, 19.446199550442749 ] ], [ [ -97.876909180132756, 19.448271370490264 ], [ -97.87794999937293, 19.448222482390424 ], [ -97.876824220046231, 19.448275370529757 ], [ -97.876909180132756, 19.448271370490264 ] ], [ [ -97.87690572043708, 19.447877835745366 ], [ -97.876902075682636, 19.447898067252172 ], [ -97.876979430162635, 19.447782799024889 ], [ -97.87690572043708, 19.447877835745366 ] ], [ [ -97.877003830224183, 19.447626709948334 ], [ -97.877003830251709, 19.447626709042733 ], [ -97.876979430162635, 19.447782799024889 ], [ -97.877003830224183, 19.447626709948334 ] ], [ [ -97.877864860363744, 19.446369569059268 ], [ -97.877811570228914, 19.446463819634417 ], [ -97.877912589619569, 19.44633543278222 ], [ -97.877864860363744, 19.446369569059268 ] ], [ [ -97.878050170287679, 19.446172619140253 ], [ -97.878010869744571, 19.446226197827109 ], [ -97.878091420794632, 19.446126483925894 ], [ -97.878050170287679, 19.446172619140253 ] ], [ [ -97.879327369889353, 19.444540909309072 ], [ -97.879266857304913, 19.444681659364228 ], [ -97.879354068126091, 19.444446703142951 ], [ -97.879327369889353, 19.444540909309072 ] ], [ [ -97.87970439033657, 19.443420191172056 ], [ -97.879763349532936, 19.443268490738742 ], [ -97.879763349560378, 19.443268489833052 ], [ -97.87970439033657, 19.443420191172056 ] ], [ [ -97.877067110311089, 19.430980919997708 ], [ -97.877144500522647, 19.430836438408996 ], [ -97.87706711007668, 19.430980919581074 ], [ -97.877067110311089, 19.430980919997708 ] ], [ [ -97.87672080029715, 19.428015000104391 ], [ -97.876895109787938, 19.427943779654367 ], [ -97.87672080033056, 19.428014999612444 ], [ -97.87672080029715, 19.428015000104391 ] ], [ [ -97.876890110187247, 19.427284119613589 ], [ -97.876907220168562, 19.427220980320076 ], [ -97.876907219980737, 19.427220980208826 ], [ -97.876890110187247, 19.427284119613589 ] ], [ [ -97.876199280151866, 19.42542749012576 ], [ -97.876294337193912, 19.425197533020871 ], [ -97.876199280087135, 19.425427489443088 ], [ -97.876199280151866, 19.42542749012576 ] ], [ [ -97.875600309960973, 19.418610719112024 ], [ -97.875645819610469, 19.418457380511384 ], [ -97.875645819472098, 19.418457380164522 ], [ -97.875600309960973, 19.418610719112024 ] ], [ [ -97.874986510409272, 19.417155200369368 ], [ -97.875049630474336, 19.416966319239489 ], [ -97.874986510436727, 19.417155199463753 ], [ -97.874986510409272, 19.417155200369368 ] ], [ [ -97.875161089816288, 19.416840029924096 ], [ -97.875221216414374, 19.416766765160027 ], [ -97.875049630474336, 19.416966319239489 ], [ -97.875161089816288, 19.416840029924096 ] ], [ [ -97.875288803646995, 19.416414674664807 ], [ -97.875296799822507, 19.416387660108533 ], [ -97.875296799849963, 19.416387659202904 ], [ -97.875288803646995, 19.416414674664807 ] ], [ [ -97.87540151018068, 19.416012779931943 ], [ -97.875401510208121, 19.416012779026349 ], [ -97.875373958410918, 19.416069220862404 ], [ -97.87540151018068, 19.416012779931943 ] ], [ [ -97.875123350256004, 19.413826918997589 ], [ -97.875174020205591, 19.413576450153162 ], [ -97.875174020194478, 19.413576449438171 ], [ -97.875123350256004, 19.413826918997589 ] ], [ [ -97.873343460438505, 19.409792509860239 ], [ -97.873396829885635, 19.409669770271574 ], [ -97.873396829789584, 19.409669769649984 ], [ -97.873343460438505, 19.409792509860239 ] ], [ [ -97.874276119595777, 19.406475749392367 ], [ -97.874276119600637, 19.406475750196062 ], [ -97.874378749654866, 19.40615217895618 ], [ -97.874276119595777, 19.406475749392367 ] ], [ [ -97.8742346501583, 19.404195830220392 ], [ -97.874234650185755, 19.404195829314705 ], [ -97.874148400459234, 19.404254033651412 ], [ -97.8742346501583, 19.404195830220392 ] ], [ [ -97.874529290090024, 19.403266740125236 ], [ -97.874585460075053, 19.403141799502105 ], [ -97.874529289894497, 19.403266739715537 ], [ -97.874529290090024, 19.403266740125236 ] ], [ [ -97.874150719913189, 19.401131379669774 ], [ -97.87412839392465, 19.4011694014036 ], [ -97.874236745961198, 19.401020787069626 ], [ -97.874150719913189, 19.401131379669774 ] ], [ [ -97.874000349442596, 19.399160019609802 ], [ -97.874011019855047, 19.399119580601603 ], [ -97.874011019882502, 19.399119579696073 ], [ -97.874000349442596, 19.399160019609802 ] ], [ [ -97.873605060420587, 19.397272259639301 ], [ -97.87361318184459, 19.397242975871329 ], [ -97.873605060360745, 19.397272259048421 ], [ -97.873605060420587, 19.397272259639301 ] ], [ [ -97.873598299466934, 19.394226807581148 ], [ -97.873931289098167, 19.394217830550538 ], [ -97.874007399233051, 19.394219909777302 ], [ -97.873598299466934, 19.394226807581148 ] ], [ [ -97.874246229867055, 19.393408850190418 ], [ -97.87424622989451, 19.393408849284913 ], [ -97.874139660411345, 19.39346916964546 ], [ -97.874073646099362, 19.393523743582755 ], [ -97.874246229867055, 19.393408850190418 ] ], [ [ -97.874172768938209, 19.392591229898823 ], [ -97.874260225244726, 19.392534459064763 ], [ -97.874172769920051, 19.392591229019256 ], [ -97.874172768938209, 19.392591229898823 ] ], [ [ -97.874599621879511, 19.39233002317992 ], [ -97.874681819480784, 19.392288939914579 ], [ -97.874681819916276, 19.392288939308081 ], [ -97.874599621879511, 19.39233002317992 ] ], [ [ -97.87460715697992, 19.391532574805687 ], [ -97.87500318018202, 19.391267849754545 ], [ -97.874639859808966, 19.391474739607474 ], [ -97.87460715697992, 19.391532574805687 ] ], [ [ -97.874743280353215, 19.390719719153534 ], [ -97.874736620274817, 19.390745198821499 ], [ -97.874763314407403, 19.390688567767281 ], [ -97.874743280353215, 19.390719719153534 ] ], [ [ -97.874819980606077, 19.390607717881526 ], [ -97.874944949687034, 19.390560248963801 ], [ -97.874835829925289, 19.390588399090902 ], [ -97.874819980606077, 19.390607717881526 ] ], [ [ -97.875295350358726, 19.39036437966805 ], [ -97.875268570220129, 19.390398368038849 ], [ -97.875421089650487, 19.390112569015784 ], [ -97.875295350358726, 19.39036437966805 ] ], [ [ -97.87517636913671, 19.387206319682818 ], [ -97.87517636892693, 19.387206318970701 ], [ -97.875090883014053, 19.387285098187867 ], [ -97.87517636913671, 19.387206319682818 ] ], [ [ -97.873350939769935, 19.38519437952916 ], [ -97.873344337673018, 19.385226274167483 ], [ -97.873430880002175, 19.385013679461423 ], [ -97.873350939769935, 19.38519437952916 ] ], [ [ -97.873498680314057, 19.38494486048771 ], [ -97.873502089278375, 19.384932480988152 ], [ -97.873430880002175, 19.385013679461423 ], [ -97.873498680314057, 19.38494486048771 ] ], [ [ -98.077015679684564, 19.339788319706667 ], [ -98.077005218872415, 19.33962819931968 ], [ -98.077002889810913, 19.339883430601706 ], [ -98.077015679684564, 19.339788319706667 ] ], [ [ -98.076635279512843, 19.341402280228984 ], [ -98.076635278558854, 19.341402280204196 ], [ -98.07674790958319, 19.341675889718378 ], [ -98.076635279512843, 19.341402280228984 ] ], [ [ -98.077802510135385, 19.350346370350131 ], [ -98.07780251016149, 19.350346369444622 ], [ -98.077594859710985, 19.350489143668476 ], [ -98.077802510135385, 19.350346370350131 ] ], [ [ -98.060363202762559, 19.341189899661689 ], [ -98.060363204723018, 19.341189897900335 ], [ -98.058674595349999, 19.342398317963241 ], [ -98.060363202762559, 19.341189899661689 ] ], [ [ -98.056025978892464, 19.344254567025384 ], [ -98.058364907305872, 19.342625911107682 ], [ -98.058392175033674, 19.342605074824309 ], [ -98.056025978892464, 19.344254567025384 ] ], [ [ -98.05628571066562, 19.344467266579613 ], [ -98.056513105811263, 19.344890606437918 ], [ -98.056025970048196, 19.344254569630625 ], [ -98.05628571066562, 19.344467266579613 ] ], [ [ -98.056837398345607, 19.345523596302705 ], [ -98.056585180120209, 19.345060509640092 ], [ -98.056513111413651, 19.344890626853225 ], [ -98.056837398345607, 19.345523596302705 ] ], [ [ -98.056837402008028, 19.345523602071619 ], [ -98.057777718986912, 19.346786969084409 ], [ -98.058029258873589, 19.34703305917796 ], [ -98.058306933906849, 19.347227258426667 ], [ -98.056837402008028, 19.345523602071619 ] ], [ [ -98.059249289966701, 19.349170999076104 ], [ -98.058831599816301, 19.348920570408151 ], [ -98.059072019251843, 19.3491254801305 ], [ -98.059249289966701, 19.349170999076104 ] ], [ [ -98.059591398827195, 19.349267550342496 ], [ -98.059882196524924, 19.349890251193109 ], [ -98.059452720106577, 19.349164629563411 ], [ -98.059591398827195, 19.349267550342496 ] ], [ [ -98.059994649449692, 19.35026125994737 ], [ -98.060166906813976, 19.350966206835 ], [ -98.059882203698223, 19.349890267192535 ], [ -98.059994649449692, 19.35026125994737 ] ], [ [ -98.060133580119412, 19.351388289358685 ], [ -98.060133579139062, 19.351388290239242 ], [ -98.059946493573946, 19.351651870329221 ], [ -98.060133580119412, 19.351388289358685 ] ], [ [ -98.059811430047304, 19.351785889333328 ], [ -98.059811429093244, 19.351785889308466 ], [ -98.059763221765436, 19.352020348481098 ], [ -98.059811430047304, 19.351785889333328 ] ], [ [ -98.059739570032846, 19.352360279350641 ], [ -98.059739569078786, 19.35236027932579 ], [ -98.059803059576637, 19.352551849725902 ], [ -98.059739570032846, 19.352360279350641 ] ], [ [ -98.059783550431405, 19.353225820129381 ], [ -98.059850200318195, 19.353303169644381 ], [ -98.059783550457638, 19.353225819223795 ], [ -98.059701079651731, 19.352974829959106 ], [ -98.059783550431405, 19.353225820129381 ] ], [ [ -98.060031569540712, 19.354191938977834 ], [ -98.060031569514507, 19.354191939883538 ], [ -98.060125310035829, 19.354292619169527 ], [ -98.060031569540712, 19.354191938977834 ] ], [ [ -98.060274418769197, 19.354388170108958 ], [ -98.06037522743452, 19.354482476891192 ], [ -98.060125310035829, 19.354292619169527 ], [ -98.060274418769197, 19.354388170108958 ] ], [ [ -98.060417766852012, 19.354996017735939 ], [ -98.060407370429147, 19.354576659189419 ], [ -98.0603752318505, 19.354482484268281 ], [ -98.060417766852012, 19.354996017735939 ] ], [ [ -98.060152049536157, 19.356004109747499 ], [ -98.060175050106452, 19.356157459567171 ], [ -98.060175050236779, 19.356157459355714 ], [ -98.060152049536157, 19.356004109747499 ] ], [ [ -98.059941228998568, 19.356603219507011 ], [ -98.059941229952642, 19.356603219531848 ], [ -98.060051910215762, 19.356357259566376 ], [ -98.059941228998568, 19.356603219507011 ] ], [ [ -98.059906029038416, 19.357342260294299 ], [ -98.059906029987246, 19.357342259495741 ], [ -98.059955791522299, 19.357212617588733 ], [ -98.059906029038416, 19.357342260294299 ] ], [ [ -98.059792819173495, 19.357437540643964 ], [ -98.059717180333138, 19.357541998968788 ], [ -98.05979282005066, 19.357437539905721 ], [ -98.059792819173495, 19.357437540643964 ] ], [ [ -98.060670060253059, 19.358137319400196 ], [ -98.059694798856711, 19.357723108954051 ], [ -98.059789680409949, 19.357784520629142 ], [ -98.060670060253059, 19.358137319400196 ] ], [ [ -98.060556169652074, 19.358494533264583 ], [ -98.060943019578019, 19.358963000220694 ], [ -98.061183509893354, 19.359002019885953 ], [ -98.061343490322571, 19.358960340587643 ], [ -98.061439798938807, 19.358993679398651 ], [ -98.061555623719443, 19.359024812517365 ], [ -98.060556169652074, 19.358494533264583 ] ], [ [ -98.061431830280029, 19.359620459471753 ], [ -98.061598820148248, 19.359202739792746 ], [ -98.061555650965374, 19.359024822109031 ], [ -98.061431830280029, 19.359620459471753 ] ], [ [ -98.058323570449247, 19.358752119538668 ], [ -98.058323569495059, 19.35875211951377 ], [ -98.058190703517411, 19.358836261948088 ], [ -98.058323570449247, 19.358752119538668 ] ], [ [ -98.056745749135317, 19.359140569382852 ], [ -98.056560698008667, 19.359159485937688 ], [ -98.056745749664927, 19.359140569451178 ], [ -98.056745749135317, 19.359140569382852 ] ], [ [ -98.055799476233972, 19.359327185189919 ], [ -98.056127460357288, 19.359240909701811 ], [ -98.056560607698074, 19.359159499690044 ], [ -98.056127459403186, 19.359240909676856 ], [ -98.055799476233972, 19.359327185189919 ] ], [ [ -98.053136339366787, 19.358848658977337 ], [ -98.053085914047358, 19.358875916315718 ], [ -98.053136340320734, 19.358848659002259 ], [ -98.053136339366787, 19.358848658977337 ] ], [ [ -98.051185582463958, 19.360786717726043 ], [ -98.052311649914088, 19.359449659730963 ], [ -98.052387992632518, 19.359355718989455 ], [ -98.051185582463958, 19.360786717726043 ] ], [ [ -98.046778909901576, 19.358890179151746 ], [ -98.04678519958189, 19.358497570603994 ], [ -98.046749350243843, 19.359290937775185 ], [ -98.046778909901576, 19.358890179151746 ] ], [ [ -98.046749350150776, 19.359290939036967 ], [ -98.046873429606222, 19.359950028975035 ], [ -98.046799230140351, 19.359510459231391 ], [ -98.046749350150776, 19.359290939036967 ] ], [ [ -98.033616279457959, 19.355575370198604 ], [ -98.033616280194124, 19.355575369607127 ], [ -98.03368860749471, 19.35548979482002 ], [ -98.033616279457959, 19.355575370198604 ] ], [ [ -98.03326174015524, 19.355745709212496 ], [ -98.033261739201166, 19.355745709187442 ], [ -98.033247535803341, 19.355762090767051 ], [ -98.03326174015524, 19.355745709212496 ] ], [ [ -98.033212119195341, 19.355893340401632 ], [ -98.033248600446342, 19.355957169596479 ], [ -98.033212120175818, 19.355893339521089 ], [ -98.033228078296602, 19.355794460779855 ], [ -98.033212119195341, 19.355893340401632 ] ], [ [ -98.03300161955238, 19.356179029151971 ], [ -98.033201600282368, 19.356134649047913 ], [ -98.032945424821506, 19.356194107908625 ], [ -98.03300161955238, 19.356179029151971 ] ], [ [ -98.032911489323041, 19.35652085074171 ], [ -98.033043419968337, 19.357017399611181 ], [ -98.032901490150266, 19.356265749757963 ], [ -98.032911489323041, 19.35652085074171 ] ], [ [ -98.032759579613014, 19.357895659302812 ], [ -98.032839939737912, 19.357530429736041 ], [ -98.032916483262056, 19.357366954292289 ], [ -98.032759579613014, 19.357895659302812 ] ], [ [ -98.032759579613014, 19.357895659302812 ], [ -98.032795199988072, 19.357989260113072 ], [ -98.033080649920961, 19.358241660281386 ], [ -98.033178089727826, 19.358366659290542 ], [ -98.033080649947365, 19.358241659375786 ], [ -98.032795200014476, 19.357989259207471 ], [ -98.032759579613014, 19.357895659302812 ] ], [ [ -98.033178089727826, 19.358366659290542 ], [ -98.0333407193406, 19.358663799770184 ], [ -98.033376169776616, 19.358883149269481 ], [ -98.033178089727826, 19.358366659290542 ] ], [ [ -98.033332659252906, 19.359179860468529 ], [ -98.033332660233469, 19.359179859588007 ], [ -98.033376169835492, 19.358883149845596 ], [ -98.033332659252906, 19.359179860468529 ] ], [ [ -98.03336111002983, 19.359321429205099 ], [ -98.033361109075642, 19.359321429180003 ], [ -98.033312750439265, 19.359364878996285 ], [ -98.03336111002983, 19.359321429205099 ] ], [ [ -98.033312750439265, 19.359364878996285 ], [ -98.033244018711983, 19.359433880272196 ], [ -98.033236617452587, 19.359467212648497 ], [ -98.033312750439265, 19.359364878996285 ] ], [ [ -98.033746260288623, 19.359707909677489 ], [ -98.033606488869566, 19.359655799211353 ], [ -98.033668799022209, 19.359672339889894 ], [ -98.033746260288623, 19.359707909677489 ] ], [ [ -98.033746260288623, 19.359707909677489 ], [ -98.0340086191014, 19.359863850147551 ], [ -98.033989018978517, 19.359997479895199 ], [ -98.033746260288623, 19.359707909677489 ] ], [ [ -98.033908310442399, 19.360073619459968 ], [ -98.033908309461836, 19.360073620340401 ], [ -98.033884600096741, 19.360113989588207 ], [ -98.033908310442399, 19.360073619459968 ] ], [ [ -98.033928260201236, 19.360474799058387 ], [ -98.033852629707098, 19.360241769364485 ], [ -98.033858496410033, 19.360161359900314 ], [ -98.033928260201236, 19.360474799058387 ] ], [ [ -98.033928260201236, 19.360474799058387 ], [ -98.033938748930368, 19.360788079256519 ], [ -98.033896401180598, 19.36088357214442 ], [ -98.033928260201236, 19.360474799058387 ] ], [ [ -98.033851858858895, 19.361210600414566 ], [ -98.033897780962064, 19.36151897717798 ], [ -98.033901019961419, 19.361409379379122 ], [ -98.033880200232048, 19.361315689462096 ], [ -98.033851859839473, 19.361210599534033 ], [ -98.033855449712092, 19.361087719233893 ], [ -98.033851858858895, 19.361210600414566 ] ], [ [ -98.033840308984864, 19.361875230618363 ], [ -98.033679091917804, 19.362020047398882 ], [ -98.033892551958346, 19.36154495947078 ], [ -98.033840308984864, 19.361875230618363 ] ], [ [ -98.033561659624056, 19.362143659224504 ], [ -98.033561658669854, 19.362143659199397 ], [ -98.033549374001524, 19.362211820135869 ], [ -98.033561659624056, 19.362143659224504 ] ], [ [ -98.033628349100852, 19.362413710377169 ], [ -98.033844739053805, 19.362531179939133 ], [ -98.03395488869441, 19.362657047790233 ], [ -98.033844740034311, 19.362531179058536 ], [ -98.033628350081372, 19.362413709496646 ], [ -98.033545769664627, 19.362284849043569 ], [ -98.033628349100852, 19.362413710377169 ] ], [ [ -98.034115629792552, 19.363067429824198 ], [ -98.033991830184178, 19.362736259475348 ], [ -98.033954890165674, 19.362657049992503 ], [ -98.034115629792552, 19.363067429824198 ] ], [ [ -98.034451140109496, 19.364155619379254 ], [ -98.034445780106452, 19.364069770245266 ], [ -98.034449510041895, 19.364211459073228 ], [ -98.034451140109496, 19.364155619379254 ] ], [ [ -98.034419250412029, 19.364562369051882 ], [ -98.034435139856782, 19.364300519759823 ], [ -98.034449509945375, 19.36421145972599 ], [ -98.034419250412029, 19.364562369051882 ] ], [ [ -98.034444449248099, 19.3646470799752 ], [ -98.034444450228719, 19.364647079094652 ], [ -98.034419250382584, 19.364562369453207 ], [ -98.034444449248099, 19.3646470799752 ] ], [ [ -98.034640749823211, 19.364935889605086 ], [ -98.034536620001731, 19.364901649323688 ], [ -98.034464743804065, 19.364805205093173 ], [ -98.034640749823211, 19.364935889605086 ] ], [ [ -98.034640749823211, 19.364935889605086 ], [ -98.034839548572705, 19.364948979481575 ], [ -98.034832377346817, 19.365480186939418 ], [ -98.034640749823211, 19.364935889605086 ] ], [ [ -98.034755819119539, 19.365820479708876 ], [ -98.034596765185682, 19.365980233406919 ], [ -98.034825734953529, 19.365519523153299 ], [ -98.034755819119539, 19.365820479708876 ] ], [ [ -98.034352379976283, 19.366166539270093 ], [ -98.034372620377866, 19.366078949388424 ], [ -98.034350179973913, 19.366241999764203 ], [ -98.034352379976283, 19.366166539270093 ] ], [ [ -98.034036978770885, 19.366445219070847 ], [ -98.0338830687284, 19.366934551888132 ], [ -98.034138397834028, 19.366382240136186 ], [ -98.034036978770885, 19.366445219070847 ] ], [ [ -97.866657649730143, 19.375742720431369 ], [ -97.866760677234552, 19.375554263243604 ], [ -97.86651923281191, 19.376083303397955 ], [ -97.866657649730143, 19.375742720431369 ] ], [ [ -97.865732879670546, 19.375611089687069 ], [ -97.865822445005236, 19.375480531157319 ], [ -97.865732879352876, 19.375611089598458 ], [ -97.865732879670546, 19.375611089687069 ] ], [ [ -97.865337649251686, 19.37625209035868 ], [ -97.864939460223894, 19.37679911911458 ], [ -97.865337649495203, 19.376252090493303 ], [ -97.865337649251686, 19.37625209035868 ] ], [ [ -97.858674648736027, 19.375140918928349 ], [ -97.858650473822252, 19.375244574876252 ], [ -97.858691781259594, 19.375078929230138 ], [ -97.858674648736027, 19.375140918928349 ] ], [ [ -97.858636979741391, 19.375756829589754 ], [ -97.858659177451699, 19.375728127495609 ], [ -97.858636979100197, 19.375756830028763 ], [ -97.858636979741391, 19.375756829589754 ] ], [ [ -97.855891985429338, 19.374314857542661 ], [ -97.856036149583929, 19.374242199064053 ], [ -97.85602108983278, 19.374246629413161 ], [ -97.855891985429338, 19.374314857542661 ] ], [ [ -97.856859880054401, 19.370479549875739 ], [ -97.856927020400022, 19.370202934593454 ], [ -97.856857212588096, 19.370491154566096 ], [ -97.856859880054401, 19.370479549875739 ] ], [ [ -97.857262479975915, 19.368813800111568 ], [ -97.857331041080812, 19.368540404006758 ], [ -97.857249434921883, 19.368868916657057 ], [ -97.857262479975915, 19.368813800111568 ] ], [ [ -97.858092600363364, 19.365365680515527 ], [ -97.858163971299604, 19.365042653061586 ], [ -97.858079559897249, 19.365426054946113 ], [ -97.858092600363364, 19.365365680515527 ] ], [ [ -97.858488797641343, 19.362687964422278 ], [ -97.858700248958513, 19.36260357950313 ], [ -97.858700249055786, 19.362603579057403 ], [ -97.858488797641343, 19.362687964422278 ] ], [ [ -97.857702249895738, 19.363173649745011 ], [ -97.85783758045325, 19.362984849582073 ], [ -97.857652418388085, 19.363239103666526 ], [ -97.857702249895738, 19.363173649745011 ] ], [ [ -97.857503280431644, 19.363416849366569 ], [ -97.857402149736743, 19.363777709050431 ], [ -97.857447859974741, 19.363663979751685 ], [ -97.857503280431644, 19.363416849366569 ] ], [ [ -97.857238130708012, 19.364091431517313 ], [ -97.857324416760889, 19.363925314413123 ], [ -97.857267369089314, 19.364019510194812 ], [ -97.857238130708012, 19.364091431517313 ] ], [ [ -97.856918458653311, 19.3643777802247 ], [ -97.856806749133909, 19.364494490229344 ], [ -97.856918459220012, 19.364377779778916 ], [ -97.856918458653311, 19.3643777802247 ] ], [ [ -97.85604172028242, 19.365296419635818 ], [ -97.856195399906156, 19.365133829629972 ], [ -97.855924865510417, 19.365434363075185 ], [ -97.85604172028242, 19.365296419635818 ] ], [ [ -97.856419739072891, 19.364920150636767 ], [ -97.856419740054662, 19.364920149757356 ], [ -97.856475287333666, 19.364853221922687 ], [ -97.856419739072891, 19.364920150636767 ] ], [ [ -97.855652090159623, 19.365689179803983 ], [ -97.855792658869859, 19.365553940405878 ], [ -97.855614709729196, 19.365755309055682 ], [ -97.855652090159623, 19.365689179803983 ] ], [ [ -97.855602537212661, 19.366129001783506 ], [ -97.855619829646713, 19.366077249486469 ], [ -97.855623139821063, 19.365976149596261 ], [ -97.855620719520928, 19.365889749824856 ], [ -97.85561280020238, 19.365817599731667 ], [ -97.855614709704469, 19.365755309862067 ], [ -97.855602537212661, 19.366129001783506 ] ], [ [ -97.849772968645851, 19.360332059297289 ], [ -97.84971392407563, 19.360352220730256 ], [ -97.849965677296623, 19.36025631088004 ], [ -97.849772968645851, 19.360332059297289 ] ], [ [ -97.849328459582992, 19.360511818979656 ], [ -97.849328458628847, 19.360511818953452 ], [ -97.849291254573714, 19.360541896688876 ], [ -97.849328459582992, 19.360511818979656 ] ], [ [ -97.84903162906123, 19.360943750354455 ], [ -97.848599834571687, 19.361697894044465 ], [ -97.849112820319448, 19.360789139576294 ], [ -97.84903162906123, 19.360943750354455 ] ], [ [ -97.849201169750302, 19.360641749419489 ], [ -97.849230711441479, 19.360601537073094 ], [ -97.849112820319448, 19.360789139576294 ], [ -97.849201169750302, 19.360641749419489 ] ], [ [ -97.848527619958176, 19.361995509379035 ], [ -97.848577840454311, 19.361741359877616 ], [ -97.848510438436989, 19.362058689388959 ], [ -97.848527619958176, 19.361995509379035 ] ], [ [ -97.848155888967113, 19.362281149205895 ], [ -97.848111473789302, 19.362303878904612 ], [ -97.848275633477627, 19.362220310244894 ], [ -97.848155888967113, 19.362281149205895 ] ], [ [ -97.847952629166443, 19.36245154991752 ], [ -97.847952630148228, 19.362451549038202 ], [ -97.848015266425378, 19.36235859130073 ], [ -97.847952629166443, 19.36245154991752 ] ], [ [ -97.847869109030938, 19.362832509315087 ], [ -97.847848461789525, 19.36286582352831 ], [ -97.847879156726151, 19.362796662129288 ], [ -97.847869109030938, 19.362832509315087 ] ], [ [ -97.847561318595055, 19.363039309203323 ], [ -97.84752049028036, 19.36306163852424 ], [ -97.84769570412, 19.362985255726596 ], [ -97.847561318595055, 19.363039309203323 ] ], [ [ -97.847409258761402, 19.363209570522823 ], [ -97.84746456966019, 19.363300339777261 ], [ -97.847429425893068, 19.363126097580537 ], [ -97.847409258761402, 19.363209570522823 ] ], [ [ -97.847500109431536, 19.363314449240693 ], [ -97.84754406750595, 19.363323516644936 ], [ -97.84746456966019, 19.363300339777261 ], [ -97.847500109431536, 19.363314449240693 ] ], [ [ -97.847676323072591, 19.363340280471206 ], [ -97.847749910217289, 19.363376429566728 ], [ -97.847714689909566, 19.363351849172659 ], [ -97.847676323072591, 19.363340280471206 ] ], [ [ -97.847783109167068, 19.363466599108307 ], [ -97.847778979893292, 19.363511108387176 ], [ -97.847781310172849, 19.363435049625053 ], [ -97.847783109167068, 19.363466599108307 ] ], [ [ -97.847690950466387, 19.363676689532706 ], [ -97.847690949484573, 19.363676690412014 ], [ -97.847630748734488, 19.363745909923558 ], [ -97.847690950466387, 19.363676689532706 ] ], [ [ -97.847316949399499, 19.363950829676462 ], [ -97.847289489806485, 19.363966462264624 ], [ -97.847399532284442, 19.363904171289072 ], [ -97.847316949399499, 19.363950829676462 ] ], [ [ -97.847051708837213, 19.364213910028283 ], [ -97.847051709819027, 19.364213909148837 ], [ -97.847041620273259, 19.364182138967564 ], [ -97.847051708837213, 19.364213910028283 ] ], [ [ -97.847042250333573, 19.364161149596569 ], [ -97.847051909487263, 19.364116779893305 ], [ -97.847041620273259, 19.364182138967564 ], [ -97.847042250333573, 19.364161149596569 ] ], [ [ -97.847233370011253, 19.36424252070065 ], [ -97.847377199796384, 19.364333109280238 ], [ -97.847164369937516, 19.364238019183471 ], [ -97.847233370011253, 19.36424252070065 ] ], [ [ -97.847274600473895, 19.364613798995848 ], [ -97.847274599519707, 19.364613798969653 ], [ -97.847173986356808, 19.364697610162242 ], [ -97.847274600473895, 19.364613798995848 ] ], [ [ -97.847343089688479, 19.364544799219363 ], [ -97.847356013554901, 19.364524141774602 ], [ -97.847343088706651, 19.36454480009867 ], [ -97.847343089688479, 19.364544799219363 ] ], [ [ -97.847155684235204, 19.364716728496312 ], [ -97.847166460293153, 19.364703879405276 ], [ -97.847166459482224, 19.364703880080778 ], [ -97.847155684235204, 19.364716728496312 ] ], [ [ -97.847018249643469, 19.364938689373286 ], [ -97.847099819300553, 19.364788239403353 ], [ -97.846995466976466, 19.365032557976324 ], [ -97.847018249643469, 19.364938689373286 ] ], [ [ -97.847010279791633, 19.365290228244262 ], [ -97.846990289516924, 19.365129539697005 ], [ -97.846989770313925, 19.365056030021567 ], [ -97.847010279791633, 19.365290228244262 ] ], [ [ -97.84699603026823, 19.365394829154738 ], [ -97.846996029314212, 19.365394829128558 ], [ -97.846986709409492, 19.365416169612356 ], [ -97.84699603026823, 19.365394829154738 ] ], [ [ -97.839079139565598, 19.364482940277735 ], [ -97.839207629819342, 19.3643800897011 ], [ -97.839038195229776, 19.364572866552518 ], [ -97.839079139565598, 19.364482940277735 ] ], [ [ -97.838583988104403, 19.365311234972225 ], [ -97.838806109481496, 19.364048429899881 ], [ -97.83880610864, 19.36404842998153 ], [ -97.838583988104403, 19.365311234972225 ] ], [ [ -97.833701399452863, 19.365189769575846 ], [ -97.833671564456893, 19.365298898051794 ], [ -97.833708780296391, 19.365081879824285 ], [ -97.833701399452863, 19.365189769575846 ] ], [ [ -97.833633919385946, 19.36540022944537 ], [ -97.833579052451057, 19.365464337186474 ], [ -97.833656747729535, 19.3653436640001 ], [ -97.833633919385946, 19.36540022944537 ] ], [ [ -97.833396601032717, 19.365575118305621 ], [ -97.833438679333938, 19.365529950442017 ], [ -97.833438679057991, 19.365529950563516 ], [ -97.833396601032717, 19.365575118305621 ] ], [ [ -97.825665467038576, 19.36452478292501 ], [ -97.825690919722462, 19.364426199231637 ], [ -97.825690918740591, 19.364426200110774 ], [ -97.825665467038576, 19.36452478292501 ] ], [ [ -97.821908888525059, 19.357165152819462 ], [ -97.821980011152178, 19.356930337384266 ], [ -97.821892205370531, 19.357220232563183 ], [ -97.821908888525059, 19.357165152819462 ] ], [ [ -97.808770459534145, 19.347893250538977 ], [ -97.808769339033191, 19.347929479184035 ], [ -97.808769339974305, 19.347929479626487 ], [ -97.808770459534145, 19.347893250538977 ] ], [ [ -97.801682319781975, 19.34390498065035 ], [ -97.801709140364594, 19.343862544599315 ], [ -97.801617434085145, 19.344025342385674 ], [ -97.801682319781975, 19.34390498065035 ] ], [ [ -97.802374920216494, 19.34210454961115 ], [ -97.802195533248508, 19.342516288427021 ], [ -97.802696099097375, 19.341308426711226 ], [ -97.802374920216494, 19.34210454961115 ] ], [ [ -97.803068199609584, 19.340371420659391 ], [ -97.803165920406244, 19.340125191748353 ], [ -97.802984414221015, 19.340584766329425 ], [ -97.803068199609584, 19.340371420659391 ] ], [ [ -97.804421309637604, 19.336953679099288 ], [ -97.804421309609609, 19.336953680004928 ], [ -97.804843949895314, 19.335901179084061 ], [ -97.804421309637604, 19.336953679099288 ] ], [ [ -97.806484879865593, 19.331774059209234 ], [ -97.806484879837697, 19.3317740601148 ], [ -97.806908088117453, 19.330718824050887 ], [ -97.806484879865593, 19.331774059209234 ] ], [ [ -97.80751450979426, 19.329189140414691 ], [ -97.807516843490617, 19.329183172864216 ], [ -97.807509924303901, 19.329200903884491 ], [ -97.80751450979426, 19.329189140414691 ] ], [ [ -97.80876272002854, 19.326105520245381 ], [ -97.808764447386665, 19.326098363015003 ], [ -97.808440724613718, 19.32690078051246 ], [ -97.80876272002854, 19.326105520245381 ] ], [ [ -97.808773149623747, 19.326062309667574 ], [ -97.808773149498592, 19.326062310186082 ], [ -97.808811049561484, 19.326087229388879 ], [ -97.808773149623747, 19.326062309667574 ] ], [ [ -97.809173830470385, 19.326355749466956 ], [ -97.810440709272982, 19.327316519911879 ], [ -97.810440710226331, 19.327316519011333 ], [ -97.809173830470385, 19.326355749466956 ] ], [ [ -97.811355709614716, 19.326465649031782 ], [ -97.810992800207728, 19.326796369130903 ], [ -97.812725540187145, 19.325212179151606 ], [ -97.811355709614716, 19.326465649031782 ] ], [ [ -97.810883090384564, 19.314807049553664 ], [ -97.817856289638939, 19.31449651966534 ], [ -97.816877970318103, 19.316163979760404 ], [ -97.815034460153299, 19.315743379756192 ], [ -97.813153310131867, 19.31533190925952 ], [ -97.810883090384564, 19.314807049553664 ] ], [ [ -97.820905739455668, 19.310160779844349 ], [ -97.820249855484434, 19.311402095940863 ], [ -97.820905739651622, 19.310160780326349 ], [ -97.820905739455668, 19.310160779844349 ] ], [ [ -97.819500150191573, 19.307874458968588 ], [ -97.819523749617986, 19.307825740253623 ], [ -97.819153863190635, 19.308589251748376 ], [ -97.819500150191573, 19.307874458968588 ] ], [ [ -97.81993859955729, 19.306969400708503 ], [ -97.820278510408073, 19.306251769325183 ], [ -97.819523774187203, 19.307825689537427 ], [ -97.81993859955729, 19.306969400708503 ] ] ] } },
{ "type": "Feature", "properties": { "name": "Veracruz" }, "geometry": { "type": "MultiPolygon", "coordinates": [ [ [ [ -97.50200514007274, 20.148473309139145 ], [ -97.498316319600448, 20.133493308960603 ], [ -97.586028019987836, 20.079329919221514 ], [ -97.595711509977917, 20.096891539527601 ], [ -97.578651349617431, 20.10251987959251 ], [ -97.602735310019668, 20.119313819602574 ], [ -97.604489110117427, 20.166873619151101 ], [ -97.632802950054696, 20.183227019081947 ], [ -97.652440770138554, 20.163566149026487 ], [ -97.686830919746384, 20.165809369369178 ], [ -97.741459630198918, 20.192220969577573 ], [ -97.735111919714285, 20.242391939160836 ], [ -97.75729750952307, 20.27907899927088 ], [ -97.681397619535645, 20.302432419584783 ], [ -97.689857920208368, 20.320087309165501 ], [ -97.67312512018465, 20.336607289533021 ], [ -97.67934494024972, 20.349917879098239 ], [ -97.700689490438648, 20.319919029626547 ], [ -97.742876519924991, 20.351196769012024 ], [ -97.744449949801862, 20.380110149425562 ], [ -97.765641739282771, 20.381228349221086 ], [ -97.734599319993961, 20.451306339541137 ], [ -97.709187490082925, 20.455109369431334 ], [ -97.672075199842439, 20.408529399088685 ], [ -97.645410720061321, 20.408323629312591 ], [ -97.635365079570349, 20.452185549617667 ], [ -97.595883910209665, 20.463991549837061 ], [ -97.576045549740556, 20.490900169748677 ], [ -97.541043340150296, 20.489711619077632 ], [ -97.587953020229449, 20.561070259219665 ], [ -97.636664509851727, 20.553711719575663 ], [ -97.648196490223484, 20.566312199122734 ], [ -97.658965480139855, 20.54511593966583 ], [ -97.684771910025518, 20.554261199734096 ], [ -97.685171979618218, 20.573437339587922 ], [ -97.701903149643996, 20.571866319617222 ], [ -97.693419080177264, 20.602680679779365 ], [ -97.715393980312726, 20.609084798977822 ], [ -97.704468170285082, 20.629224249328086 ], [ -97.749511219737471, 20.643320459193088 ], [ -97.737067370229184, 20.67965530952986 ], [ -97.757537150404133, 20.693468179386898 ], [ -97.752967909676698, 20.732369909439953 ], [ -97.722819920271206, 20.749988539377679 ], [ -97.725982969920182, 20.791653649820088 ], [ -97.695179319828554, 20.80003884931989 ], [ -97.738914940350227, 20.801534629455574 ], [ -97.773001679969497, 20.827201379351031 ], [ -97.830253940197011, 20.807957169830662 ], [ -97.850118429587326, 20.816923829118217 ], [ -97.841087480094302, 20.839311939415158 ], [ -97.87911977991908, 20.834275879181874 ], [ -97.922446599808566, 20.716518779367053 ], [ -97.89742569027662, 20.703213829134427 ], [ -97.917834710151993, 20.671244549142568 ], [ -97.895145709695896, 20.622698449298184 ], [ -97.909685689860581, 20.586378108960822 ], [ -97.980816109832645, 20.540708859415783 ], [ -97.979333740493729, 20.5149333689467 ], [ -98.017271620376917, 20.525992379766759 ], [ -98.021009999740741, 20.626779998970246 ], [ -98.074902819975563, 20.676547849442198 ], [ -98.087180849697376, 20.62287676962444 ], [ -98.111786480071018, 20.615936750235242 ], [ -98.158043019533665, 20.542561280154693 ], [ -98.228694049790221, 20.520834720439183 ], [ -98.312138600230185, 20.449767650096472 ], [ -98.32101361962701, 20.418013799959116 ], [ -98.386148779740381, 20.402712910222238 ], [ -98.460389149719433, 20.331449619351091 ], [ -98.517401079579628, 20.336851679563761 ], [ -98.548966659958722, 20.360286119318054 ], [ -98.549689140349798, 20.435359169629606 ], [ -98.597285689972807, 20.495770859624567 ], [ -98.534665170058489, 20.53065817895698 ], [ -98.512248020130755, 20.594224349056528 ], [ -98.480180460112976, 20.588998889601239 ], [ -98.49484671991415, 20.644340509415876 ], [ -98.463685949533087, 20.667241279558812 ], [ -98.459883399997963, 20.6962033494586 ], [ -98.445903650058867, 20.694336709824192 ], [ -98.421447820046126, 20.74427611945649 ], [ -98.525051340170393, 20.681839109370678 ], [ -98.533397350135047, 20.662716909832902 ], [ -98.550179750171012, 20.689392539142471 ], [ -98.506438060314309, 20.733119149110799 ], [ -98.516653909616295, 20.742889679476164 ], [ -98.5036105102308, 20.732226689137164 ], [ -98.449728879873561, 20.751345709245697 ], [ -98.464557309768949, 20.772529109090339 ], [ -98.450553570063249, 20.821471859550236 ], [ -98.402909059673149, 20.85838387956337 ], [ -98.345145539797457, 20.864852539633457 ], [ -98.352870459039451, 20.836007139205542 ], [ -98.31483784880804, 20.809815479239411 ], [ -98.34466525856746, 20.797485339016156 ], [ -98.328522319314999, 20.784096819199554 ], [ -98.307830348965553, 20.801916109280658 ], [ -98.298810058993325, 20.777839849037889 ], [ -98.233652619286218, 20.797555569494534 ], [ -98.224705059102604, 20.818235229485566 ], [ -98.253765049255733, 20.821491719450737 ], [ -98.265503048710357, 20.866536229372461 ], [ -98.250966308710531, 20.89730468948953 ], [ -98.224862888814172, 20.906357249572093 ], [ -98.237386249702936, 20.934776248911678 ], [ -98.228236740478806, 20.958019649502276 ], [ -98.214384970347126, 20.956047539639947 ], [ -98.201582749880941, 21.012475979602328 ], [ -98.188271429561183, 21.031308149285394 ], [ -98.161157680462665, 21.019130629761573 ], [ -98.147358230048567, 21.078449679301915 ], [ -98.174861920084055, 21.106223888941241 ], [ -98.201694279576486, 21.106136509667515 ], [ -98.195152249710617, 21.120363199109253 ], [ -98.216824580095462, 21.151472349040869 ], [ -98.249110370467449, 21.12940331962815 ], [ -98.282173769820218, 21.136417379689252 ], [ -98.295922250323969, 21.153613259479009 ], [ -98.279131139871168, 21.19275254953919 ], [ -98.297903370336428, 21.177402489681398 ], [ -98.315855910368683, 21.186879619733432 ], [ -98.35075423016454, 21.157142679321474 ], [ -98.41643568998181, 21.154981889072886 ], [ -98.446766909853366, 21.179813149476548 ], [ -98.456947879945261, 21.214832999316766 ], [ -98.479656630331334, 21.223888459810045 ], [ -98.468359739682057, 21.249651139370872 ], [ -98.516543370445248, 21.244268949819975 ], [ -98.543981720263844, 21.263901229788921 ], [ -98.495617510158965, 21.340420218923814 ], [ -98.464835460229665, 21.347763319551387 ], [ -98.468697090137525, 21.387032619536505 ], [ -98.486417279638744, 21.398517649224409 ], [ -98.50120770953157, 21.38545650962114 ], [ -98.519187909861884, 21.401303599083707 ], [ -98.532255859617294, 21.501139519073739 ], [ -98.602247419761824, 21.540430819459232 ], [ -98.625746660236004, 21.585456049547098 ], [ -98.621127000280879, 21.627822149431328 ], [ -98.643630690206749, 21.631681709202905 ], [ -98.609470480240248, 21.667229088972164 ], [ -98.62199696981186, 21.682382569447508 ], [ -98.579200629871494, 21.671947779619082 ], [ -98.558255479984851, 21.687671859240719 ], [ -98.567434709516348, 21.717367739303317 ], [ -98.543840570452872, 21.723393879084366 ], [ -98.530741570287134, 21.697274539776977 ], [ -98.520531690135158, 21.710231459304161 ], [ -98.537410509927852, 21.720624249435161 ], [ -98.516674200426763, 21.716850509077599 ], [ -98.498946220424187, 21.727242779121138 ], [ -98.504218920032855, 21.738048089762103 ], [ -98.476924180180788, 21.745219259233938 ], [ -98.467596950017608, 21.770698139366953 ], [ -98.454700109981161, 21.766426689713057 ], [ -98.475038290364182, 21.814192049716723 ], [ -98.493118920398658, 21.813940319006672 ], [ -98.486320449607277, 21.836268509657117 ], [ -98.514481139652517, 21.823893429283089 ], [ -98.528858380261809, 21.863175119684566 ], [ -98.548033540360819, 21.860105089774166 ], [ -98.538202970033794, 21.905808219334716 ], [ -98.520200950461145, 21.896986339295374 ], [ -98.510797509832784, 21.908697048906308 ], [ -98.545874230448618, 21.91734793955694 ], [ -98.54384704965257, 21.932117459765589 ], [ -98.500452249599519, 21.923148519574475 ], [ -98.503145659961532, 21.936626419564032 ], [ -98.515597340205929, 21.951267828963225 ], [ -98.5660198501011, 21.937644419620998 ], [ -98.578839110248751, 21.966092249516645 ], [ -98.550665019529475, 21.960750059699841 ], [ -98.522000370397137, 21.979430679120615 ], [ -98.493203369683997, 21.960411599637762 ], [ -98.468805769764273, 21.964601319184354 ], [ -98.481476369953342, 21.990514029526555 ], [ -98.459544480459812, 21.995169059251108 ], [ -98.434649219503115, 22.05166901977681 ], [ -98.439452120251048, 22.075647089330744 ], [ -98.418825059510098, 22.098019219454294 ], [ -98.438737059963572, 22.111914939472168 ], [ -98.432016719621984, 22.12826537969292 ], [ -98.336545020013929, 22.187693249502395 ], [ -98.330413179901399, 22.201344449607106 ], [ -98.352261219529879, 22.222798778973193 ], [ -98.325967050247115, 22.243052799251938 ], [ -98.374555850274675, 22.236079399619545 ], [ -98.368136680031469, 22.255373109107396 ], [ -98.40509330959722, 22.256076288891467 ], [ -98.396378110250453, 22.276261909753245 ], [ -98.430371519842126, 22.274602918898943 ], [ -98.446659030070805, 22.305621279067104 ], [ -98.475908379789203, 22.288639799083317 ], [ -98.535214519993573, 22.337878309037979 ], [ -98.579290650299313, 22.34862810926634 ], [ -98.579315820465084, 22.37775693894978 ], [ -98.681546600080523, 22.371574859259223 ], [ -98.670888149607592, 22.405673479146824 ], [ -98.638155999615662, 22.414524029480571 ], [ -98.574935519903235, 22.393945489040942 ], [ -98.525361720206106, 22.406780719091586 ], [ -98.506388510191812, 22.429266719116463 ], [ -98.466807580459175, 22.428801739396068 ], [ -98.460959119690813, 22.412191919197454 ], [ -98.437170259839831, 22.433588308989538 ], [ -98.409543420122944, 22.399926689012698 ], [ -98.38474514041306, 22.422335199239193 ], [ -98.387809199619525, 22.38928437947698 ], [ -98.355225350376031, 22.407445629291491 ], [ -98.35227251966819, 22.388703319153429 ], [ -98.318781200014101, 22.390739679488149 ], [ -98.316822980055093, 22.468562339014294 ], [ -98.287369319304091, 22.467028170396155 ], [ -98.272936889849333, 22.447291050245958 ], [ -98.247931428889899, 22.471656629348828 ], [ -98.194995219118624, 22.469558969912612 ], [ -98.188987520317099, 22.425339449904047 ], [ -98.11353596958844, 22.395303280267303 ], [ -98.106213119072649, 22.366712310143722 ], [ -98.086015309069168, 22.370153659041566 ], [ -98.074263309843104, 22.347781200255749 ], [ -97.990020249058347, 22.350863819506152 ], [ -97.970509738734776, 22.328050220243387 ], [ -97.983979908705336, 22.304671259011698 ], [ -97.99894939881365, 22.314326750410714 ], [ -98.000324048998365, 22.297432489977997 ], [ -97.956707617373667, 22.293892370733118 ], [ -97.894962461136643, 22.222378436867331 ], [ -97.844888290340791, 22.206965829493448 ], [ -97.82481536766872, 22.244145020379204 ], [ -97.792414829721409, 22.26035059990992 ], [ -97.774347709770566, 22.263916049777666 ], [ -97.793709369823361, 22.24970150906395 ], [ -97.785252419843516, 22.166325259434412 ], [ -97.698065879997486, 21.95648362978951 ], [ -97.564334429901692, 21.770793819040499 ], [ -97.327904399890627, 21.567165198916761 ], [ -97.350586650279809, 21.456606249362853 ], [ -97.414437800358641, 21.325390949350673 ], [ -97.42024157969054, 21.230897139708667 ], [ -97.326281220149696, 21.005664079686763 ], [ -97.205173049989128, 20.776131549719516 ], [ -97.177467519887287, 20.662087889512854 ], [ -96.710188660213106, 20.165220749838227 ], [ -96.574329859548811, 20.005207579101508 ], [ -96.551711120100293, 19.954508029667256 ], [ -96.449495649875487, 19.849204179163472 ], [ -96.401071259587127, 19.725334339144325 ], [ -96.375619280189611, 19.566444799848284 ], [ -96.312635438572187, 19.478656504102769 ], [ -96.321736230346474, 19.414344119443719 ], [ -96.300381830762916, 19.330886275441607 ], [ -96.250058399726171, 19.281582152011669 ], [ -96.164714866529323, 19.246617162263039 ], [ -96.153776231144121, 19.229410029975003 ], [ -96.171563928042417, 19.246941483779036 ], [ -96.164959537530905, 19.219419103545494 ], [ -96.123502880253966, 19.213872689140729 ], [ -96.120329690153554, 19.203595349754661 ], [ -96.135386987119446, 19.214118861442362 ], [ -96.140275970128869, 19.210057659143736 ], [ -96.092712780068808, 19.151529509743217 ], [ -96.105044651237364, 19.123694016828395 ], [ -96.082602369365276, 19.077673429041216 ], [ -96.031465077183256, 19.05669318511384 ], [ -96.007283805075801, 19.057271394561798 ], [ -95.992979725026487, 19.06433753053691 ], [ -95.991930394888712, 19.063025125194518 ], [ -95.981449788917175, 19.066133525165409 ], [ -95.978159903356229, 19.065329740543238 ], [ -95.957853492259574, 18.955638473652574 ], [ -95.920027420343757, 18.878118349533473 ], [ -95.862268570267531, 18.832503509448745 ], [ -95.750376258777706, 18.795411525094199 ], [ -95.644808917758084, 18.735808053529517 ], [ -95.494938567052898, 18.712862220760439 ], [ -95.188980400401576, 18.709737859457483 ], [ -95.130735779743929, 18.674294949167116 ], [ -95.121635979611852, 18.652491889400949 ], [ -95.079532130910778, 18.641907457553902 ], [ -95.033812780349237, 18.572341909344456 ], [ -94.987954820326991, 18.554447889583521 ], [ -94.816573720200168, 18.538575879734466 ], [ -94.736529339667101, 18.393889369744144 ], [ -94.623101740207233, 18.287129419341635 ], [ -94.606998619748623, 18.204038919528955 ], [ -94.53979457971073, 18.161206119698015 ], [ -94.475517570347563, 18.150575919726784 ], [ -94.372975909578287, 18.161415479726696 ], [ -94.130025169589572, 18.212851199222584 ], [ -94.126918780209365, 18.168250029405492 ], [ -94.104678860000519, 18.17395002955098 ], [ -94.09468018036516, 18.160669969113147 ], [ -94.100443569584726, 18.125915939765349 ], [ -94.081108249817859, 18.095772539815826 ], [ -94.097159489945895, 18.078627579263614 ], [ -94.074358119719449, 18.058593089555028 ], [ -94.083748660447228, 18.006464089110956 ], [ -94.066523630204458, 18.009396199097299 ], [ -94.061400310117151, 17.988124339002574 ], [ -94.091990120091936, 17.961931939394763 ], [ -94.083430750186892, 17.869868489418383 ], [ -94.033158480250364, 17.872557219188174 ], [ -94.025947430443026, 17.840380619925394 ], [ -93.967786169565272, 17.845252339858135 ], [ -93.940107259828665, 17.753169909089149 ], [ -93.877048779860829, 17.756563579390892 ], [ -93.869997079854571, 17.713536029101586 ], [ -93.826586430269657, 17.719191619845756 ], [ -93.805154659655997, 17.689355509219361 ], [ -93.738510860126226, 17.679370149844946 ], [ -93.746582659599298, 17.660114709455659 ], [ -93.732882600466183, 17.625760229536567 ], [ -93.71318359981521, 17.630670029652361 ], [ -93.656542060050029, 17.555238079471302 ], [ -93.615246600035064, 17.555111780256947 ], [ -93.637341079868577, 17.50981362961101 ], [ -93.62410485034988, 17.493457229030078 ], [ -93.650414029562043, 17.458854659204629 ], [ -93.636597399652217, 17.455276879099358 ], [ -93.638206320331079, 17.436086259090271 ], [ -93.672996309793476, 17.419918309492303 ], [ -93.694920219733476, 17.387804369654607 ], [ -93.634958550308454, 17.337701859378079 ], [ -93.641502890306626, 17.317953139906034 ], [ -93.607939816028747, 17.314930020141638 ], [ -93.664411458491344, 17.286193384669435 ], [ -93.662694364997762, 17.256276901409549 ], [ -93.801448682639531, 17.240379502222225 ], [ -93.827137689853132, 17.17250348022931 ], [ -93.860915770332753, 17.163741139553263 ], [ -93.867426770742384, 17.136964912331027 ], [ -94.922814780048355, 17.193788429729555 ], [ -94.89542902980331, 17.256378399200159 ], [ -94.91476582030846, 17.292577059477278 ], [ -94.890781550443066, 17.311055999519738 ], [ -94.927158079759877, 17.325141199294489 ], [ -94.950979680113178, 17.315649429745719 ], [ -94.966509179778228, 17.334367659587748 ], [ -95.076567399749493, 17.372933709864931 ], [ -95.253047979757994, 17.607806319048141 ], [ -95.278845400347151, 17.613242799341293 ], [ -95.248411230317899, 17.625582279304449 ], [ -95.259001110039534, 17.629010749402717 ], [ -95.248225629549268, 17.645978059768364 ], [ -95.241933419578714, 17.634957999030178 ], [ -95.188131600108179, 17.65070145904857 ], [ -95.182435349980594, 17.691062629632064 ], [ -95.23891300006791, 17.739264119761586 ], [ -95.258672999775371, 17.728543229727709 ], [ -95.269026050260067, 17.740934059646158 ], [ -95.265554029937732, 17.717536219033118 ], [ -95.297808519972293, 17.722141419445133 ], [ -95.333807519969398, 17.675183149652661 ], [ -95.343758750027234, 17.683659830651763 ], [ -95.407162170120628, 17.643332089166424 ], [ -95.425489949510165, 17.647472489879146 ], [ -95.454458920179562, 17.611102719492933 ], [ -95.473141340060621, 17.609113019846326 ], [ -95.463016450137559, 17.596393909515747 ], [ -95.47934414033061, 17.587829399614762 ], [ -95.484179950199632, 17.601899480818929 ], [ -95.531105660004911, 17.57061105926805 ], [ -95.531462710023931, 17.556162749341805 ], [ -95.555547139849693, 17.55864153981469 ], [ -95.585333850163508, 17.535026599514975 ], [ -95.653591880341096, 17.560487939414244 ], [ -95.648470799996758, 17.539889089388268 ], [ -95.685154220101438, 17.537531739321604 ], [ -95.702101920261612, 17.518491679278046 ], [ -95.725149370153332, 17.536226079581912 ], [ -95.72689688026027, 17.578029049205242 ], [ -95.78175124990689, 17.603028259491786 ], [ -95.791852579957848, 17.586363289358186 ], [ -95.807549569845804, 17.591841579569678 ], [ -95.803485779952268, 17.60710028978426 ], [ -95.773658459943931, 17.605850399131594 ], [ -95.781114339871309, 17.63887687923922 ], [ -95.803305599686468, 17.629365749034015 ], [ -95.871018349761457, 17.702168919078765 ], [ -95.895293290288507, 17.704493949281421 ], [ -95.872809718806295, 17.727409050520041 ], [ -95.892634109949356, 17.720716819894566 ], [ -95.902863798764102, 17.734103719416236 ], [ -95.892924309388818, 17.76514132056711 ], [ -95.866390400357375, 17.774352829359298 ], [ -95.849336419722519, 17.825847919230235 ], [ -95.85881556997434, 17.844783489483568 ], [ -95.799924719594173, 17.950012569485782 ], [ -95.833166939514996, 18.129026829861992 ], [ -95.907161460041422, 18.135644489015007 ], [ -95.914646799896644, 18.152200479755436 ], [ -95.933341720057513, 18.141667539710159 ], [ -95.95345946000775, 18.159865119046462 ], [ -96.051388999601258, 18.126738250664523 ], [ -96.099183600269981, 18.166843309764708 ], [ -96.154225938943796, 18.131804888991688 ], [ -96.188282050117095, 18.151302940609888 ], [ -96.17069102978661, 18.186383980491826 ], [ -96.217478089179309, 18.161967399948814 ], [ -96.288236709450757, 18.259761420726832 ], [ -96.269163920391676, 18.27398417993399 ], [ -96.270763749232628, 18.297823349931672 ], [ -96.309947859867037, 18.322353339149245 ], [ -96.317327909769801, 18.364537249793177 ], [ -96.345342800478392, 18.379695459131636 ], [ -96.352587769812985, 18.41024733975544 ], [ -96.402984540276748, 18.439919399819146 ], [ -96.420761979776771, 18.510457799597088 ], [ -96.461070550035132, 18.573043619100336 ], [ -96.499930630263236, 18.589529859792897 ], [ -96.560947090028094, 18.587698619672462 ], [ -96.683021719715555, 18.669688059420395 ], [ -96.688696970360695, 18.638792829011955 ], [ -96.672463520289227, 18.607574119774569 ], [ -96.70214897972383, 18.581226709326916 ], [ -96.699630720027017, 18.553342889846178 ], [ -96.715604779773415, 18.573241489813011 ], [ -96.726899480428912, 18.529828999089283 ], [ -96.681544020235307, 18.503272769252881 ], [ -96.709707120378212, 18.429954169099663 ], [ -96.681037250178449, 18.412204429525815 ], [ -96.675046660196315, 18.384229539880852 ], [ -96.695904000170387, 18.364750289282195 ], [ -96.697723829856159, 18.382074059114174 ], [ -96.741037659667526, 18.382613059148465 ], [ -96.724919080405215, 18.408179819609042 ], [ -96.759085050098179, 18.408263659154436 ], [ -96.763185709954143, 18.427050679144262 ], [ -96.781011949751033, 18.429069509865929 ], [ -96.797011830098555, 18.511935179636719 ], [ -96.813446150121536, 18.517617909701947 ], [ -96.842357509797623, 18.493388779807702 ], [ -96.899250980415644, 18.548647949498868 ], [ -96.925944780029425, 18.534925539143288 ], [ -96.9543341399648, 18.553829369084553 ], [ -96.998917340351142, 18.531916459841725 ], [ -97.079967520169603, 18.454507779630621 ], [ -97.083471379680191, 18.483942749211369 ], [ -97.144563079550565, 18.570927859855523 ], [ -97.14144276992036, 18.596417909320035 ], [ -97.235429150210905, 18.643569479391136 ], [ -97.271851920051532, 18.627779149462185 ], [ -97.303202659997467, 18.674285619518223 ], [ -97.323178060302112, 18.664308519164301 ], [ -97.343974580006403, 18.685758999327359 ], [ -97.350025370172332, 18.717143109260867 ], [ -97.330058999898711, 18.765974399296777 ], [ -97.354824369632283, 18.779364179267954 ], [ -97.29731157979306, 18.867310289437899 ], [ -97.241815599992364, 18.902142709216541 ], [ -97.258258920457436, 18.977714219235104 ], [ -97.285125770358164, 18.999430849819539 ], [ -97.266625709971549, 19.030313199470644 ], [ -97.260189780142554, 19.098581079795846 ], [ -97.197197940487143, 19.14655910903819 ], [ -97.209632970236896, 19.159850889170411 ], [ -97.194589059946381, 19.171812579579807 ], [ -97.066692710037046, 19.159455319959147 ], [ -97.055633080156227, 19.134002169587518 ], [ -97.027051800091343, 19.133236199670748 ], [ -97.056154749963383, 19.197666579021 ], [ -97.001234510052967, 19.236546019102523 ], [ -96.985942490412654, 19.281306799012828 ], [ -97.030990580382138, 19.297326769518705 ], [ -97.04551136964038, 19.321282619565082 ], [ -97.101998689722677, 19.303615449791199 ], [ -97.170205689996223, 19.329022349416203 ], [ -97.200273460142057, 19.309264749794583 ], [ -97.215605260361187, 19.32331971939556 ], [ -97.210206049882771, 19.359441648989929 ], [ -97.28496820020078, 19.391636738973833 ], [ -97.337750110433902, 19.392530719413998 ], [ -97.360453109610688, 19.376029319738908 ], [ -97.397356539331, 19.419064229640281 ], [ -97.357276280147445, 19.432376718963692 ], [ -97.348258519518595, 19.484626969726339 ], [ -97.404555879934279, 19.495866289255094 ], [ -97.434278519976786, 19.588848459266718 ], [ -97.418467280259918, 19.627216549504571 ], [ -97.402747289850893, 19.615343019007874 ], [ -97.341161570333796, 19.675751749179028 ], [ -97.303930019885797, 19.671155539784731 ], [ -97.333140400305879, 19.716779819085399 ], [ -97.313783799584343, 19.735135399414716 ], [ -97.30455903042116, 19.870694689748259 ], [ -97.255808649654782, 19.93246008903354 ], [ -97.269249089851456, 19.947027279793929 ], [ -97.260669059629151, 19.977254429267965 ], [ -97.206927230000062, 20.014667819268329 ], [ -97.206151910442358, 20.05635491895444 ], [ -97.122408820090058, 20.136721479252522 ], [ -97.151363890157015, 20.137540339516033 ], [ -97.149991199919995, 20.160614259540111 ], [ -97.164413429677282, 20.151831548956384 ], [ -97.244041150097203, 20.182278599029488 ], [ -97.283191260437505, 20.181112059063775 ], [ -97.365512397951534, 20.21575120008746 ], [ -97.380605059994267, 20.249881619064038 ], [ -97.408168780074575, 20.232092059824989 ], [ -97.445276090446455, 20.246160658966694 ], [ -97.464293849738979, 20.224227229040189 ], [ -97.46283981997702, 20.183886059421422 ], [ -97.50200514007274, 20.148473309139145 ] ], [ [ -94.762729400065922, 18.025441660542807 ], [ -94.769537690241421, 18.026461279169489 ], [ -94.751154879980035, 18.023707519880741 ], [ -94.762729400065922, 18.025441660542807 ] ], [ [ -94.727578120310611, 18.023053980624152 ], [ -94.728791850446953, 18.022426539475681 ], [ -94.727268979544732, 18.022788599230601 ], [ -94.727578120310611, 18.023053980624152 ] ], [ [ -94.707223049577166, 18.017262220394084 ], [ -94.709320480059858, 18.017576259460782 ], [ -94.705302180320743, 18.016974579173997 ], [ -94.707223049577166, 18.017262220394084 ] ], [ [ -94.704280859770236, 18.005877999945369 ], [ -94.704568260275963, 18.00657904916514 ], [ -94.703885060470924, 18.005097659346145 ], [ -94.704280859770236, 18.005877999945369 ] ], [ [ -94.702768769825141, 18.00446594938596 ], [ -94.698023259728359, 18.00429979917536 ], [ -94.698023259680255, 18.004299800078513 ], [ -94.702768769825141, 18.00446594938596 ] ], [ [ -94.697224779088771, 18.000964510211311 ], [ -94.697438148625963, 18.001982370606175 ], [ -94.695907628591868, 18.002670679728435 ], [ -94.697224779088771, 18.000964510211311 ] ], [ [ -94.619941785343798, 17.965749648172903 ], [ -94.619988607591381, 17.965758102683505 ], [ -94.619913387737682, 17.965744519860671 ], [ -94.619941785343798, 17.965749648172903 ] ], [ [ -94.61864593950628, 17.965515637654157 ], [ -94.617651724032982, 17.965336082144784 ], [ -94.61859061737735, 17.96550564691259 ], [ -94.61864593950628, 17.965515637654157 ] ], [ [ -94.614071649873324, 17.94770774972136 ], [ -94.613729149673262, 17.947009509053398 ], [ -94.613800778099915, 17.947155536043997 ], [ -94.614071649873324, 17.94770774972136 ] ], [ [ -94.61338894975043, 17.946315939505112 ], [ -94.61363057836391, 17.946808551728427 ], [ -94.613729149673262, 17.947009509053398 ], [ -94.61338894975043, 17.946315939505112 ] ], [ [ -94.657060089470676, 17.948075979287079 ], [ -94.657005335450691, 17.948086919238893 ], [ -94.65745871028183, 17.947927939728199 ], [ -94.657060089470676, 17.948075979287079 ] ], [ [ -94.660434374830672, 17.947608536334688 ], [ -94.66052030890738, 17.947603629609159 ], [ -94.660520308588133, 17.947603629527173 ], [ -94.660434374830672, 17.947608536334688 ] ], [ [ -94.660943749948672, 17.947589849867278 ], [ -94.661287249185548, 17.947149550165939 ], [ -94.661287248809643, 17.947149550233259 ], [ -94.660943749948672, 17.947589849867278 ] ], [ [ -94.685905310078823, 17.929030310666629 ], [ -94.685905310126984, 17.929030309763636 ], [ -94.685879340046611, 17.928863939708837 ], [ -94.685905310078823, 17.929030310666629 ] ], [ [ -94.686882049875379, 17.924491939464826 ], [ -94.685569490378469, 17.922290629647858 ], [ -94.686085430163544, 17.92368765019334 ], [ -94.686644709755328, 17.924265890780884 ], [ -94.686882049875379, 17.924491939464826 ] ], [ [ -94.687939909951737, 17.909895080558265 ], [ -94.688319020310203, 17.910859779044749 ], [ -94.687747660160824, 17.909506149789188 ], [ -94.687939909951737, 17.909895080558265 ] ], [ [ -94.68696822022271, 17.904732450204033 ], [ -94.687015450244061, 17.904799229545279 ], [ -94.686292800251138, 17.904099049375869 ], [ -94.68696822022271, 17.904732450204033 ] ], [ [ -94.682956179957088, 17.901075170720198 ], [ -94.683567919611662, 17.901200289124539 ], [ -94.68158955026091, 17.900997819334208 ], [ -94.682956179957088, 17.901075170720198 ] ], [ [ -94.680768769677726, 17.898260720714898 ], [ -94.680816090422624, 17.898351739533155 ], [ -94.680646580450556, 17.898025709327126 ], [ -94.680768769677726, 17.898260720714898 ] ], [ [ -94.682724459991249, 17.886875230129803 ], [ -94.682989489529575, 17.886745599671578 ], [ -94.682274140032803, 17.886767689307781 ], [ -94.682724459991249, 17.886875230129803 ] ], [ [ -94.677193741363624, 17.878307755299158 ], [ -94.677381089725415, 17.878611919160502 ], [ -94.676902479565769, 17.87783487914556 ], [ -94.677193741363624, 17.878307755299158 ] ], [ [ -94.673803110291047, 17.874701050162347 ], [ -94.675193721545739, 17.875845849648957 ], [ -94.673700780239017, 17.874658019406549 ], [ -94.673803110291047, 17.874701050162347 ] ], [ [ -94.663781230377253, 17.872426340751723 ], [ -94.664910690264094, 17.872440319804806 ], [ -94.662091489776458, 17.8729111497281 ], [ -94.663781230377253, 17.872426340751723 ] ], [ [ -94.660551310335222, 17.873778800047113 ], [ -94.660745519704832, 17.87366088935546 ], [ -94.660213000466555, 17.874021419349233 ], [ -94.660551310335222, 17.873778800047113 ] ], [ [ -94.657076079572761, 17.878902800180541 ], [ -94.657458309879146, 17.877481569316313 ], [ -94.656792089684103, 17.880260179137988 ], [ -94.657076079572761, 17.878902800180541 ] ], [ [ -94.577797999965867, 18.027694479206289 ], [ -94.578173071977076, 18.027449868047778 ], [ -94.577675793937857, 18.02778163601657 ], [ -94.577797999965867, 18.027694479206289 ] ], [ [ -94.573656909588379, 18.051695879271129 ], [ -94.57147711976171, 18.053290819052474 ], [ -94.573261505173548, 18.05198519873775 ], [ -94.573656909588379, 18.051695879271129 ] ], [ [ -94.692712419412231, 18.000405659539965 ], [ -94.692712419574448, 18.000405659279298 ], [ -94.692575279604995, 17.9996334892109 ], [ -94.692712419412231, 18.000405659539965 ] ], [ [ -94.692818249918872, 17.995534519635417 ], [ -94.692818250016444, 17.995534519280852 ], [ -94.692755140005289, 17.994834289749225 ], [ -94.692818249918872, 17.995534519635417 ] ], [ [ -94.692144889957433, 17.989822249088412 ], [ -94.692144889909287, 17.989822249991565 ], [ -94.692508660260032, 17.990401849897555 ], [ -94.692144889957433, 17.989822249088412 ] ], [ [ -94.696556146343951, 17.965800709635193 ], [ -94.696556145400294, 17.965800709589217 ], [ -94.696572139890776, 17.965923219054698 ], [ -94.696556146343951, 17.965800709635193 ] ], [ [ -94.696472910034515, 17.965585429809646 ], [ -94.696362830044421, 17.965380220630607 ], [ -94.696536620376094, 17.96565109026276 ], [ -94.696472910034515, 17.965585429809646 ] ], [ [ -94.696332059898523, 17.965135880610443 ], [ -94.696260050211691, 17.965090489306977 ], [ -94.696362830044421, 17.965380220630607 ], [ -94.696332059898523, 17.965135880610443 ] ], [ [ -94.696217458686093, 17.964574579349222 ], [ -94.696217458637989, 17.96457458025229 ], [ -94.696355279066083, 17.964557749059118 ], [ -94.696217458686093, 17.964574579349222 ] ], [ [ -94.69498356969163, 17.964566549086729 ], [ -94.695340719753915, 17.964659259084293 ], [ -94.695155890417311, 17.964581919833133 ], [ -94.69498356969163, 17.964566549086729 ] ], [ [ -94.694502060370624, 17.964610319435941 ], [ -94.694502060322506, 17.964610320338984 ], [ -94.694642539952312, 17.964546949492803 ], [ -94.694502060370624, 17.964610319435941 ] ], [ [ -94.693287450218975, 17.963003979361723 ], [ -94.693287450170857, 17.963003980264752 ], [ -94.69335412044498, 17.962903979716678 ], [ -94.693287450218975, 17.963003979361723 ] ], [ [ -94.693235219487121, 17.962739429586655 ], [ -94.693235219970759, 17.962739429169183 ], [ -94.69319604967643, 17.96269574951226 ], [ -94.693235219487121, 17.962739429586655 ] ], [ [ -94.693028460109531, 17.962567479837695 ], [ -94.693028460061427, 17.962567480740713 ], [ -94.693070170391209, 17.962681259435488 ], [ -94.693028460109531, 17.962567479837695 ] ], [ [ -94.692234879912306, 17.96023813900446 ], [ -94.692234879864174, 17.960238139907542 ], [ -94.692742940222288, 17.960740859896369 ], [ -94.692234879912306, 17.96023813900446 ] ], [ [ -94.68944940042617, 17.958362689071649 ], [ -94.689449400378024, 17.958362689974628 ], [ -94.69040421977769, 17.958838949477641 ], [ -94.68944940042617, 17.958362689071649 ] ], [ [ -94.682574019512614, 17.960673909793655 ], [ -94.68257401946444, 17.960673910696709 ], [ -94.683114149592569, 17.960103949779299 ], [ -94.682574019512614, 17.960673909793655 ] ], [ [ -94.414406479594618, 18.066278089286889 ], [ -94.414407382323688, 18.066277107096745 ], [ -94.415193850311809, 18.065421279276027 ], [ -94.414406479594618, 18.066278089286889 ] ] ], [ [ [ -97.220854399038984, 21.477570332966806 ], [ -97.225036791656407, 21.468736862732278 ], [ -97.230402817881128, 21.468645691331879 ], [ -97.220854399038984, 21.477570332966806 ] ] ], [ [ [ -96.09099472017418, 19.175329250154316 ], [ -96.092930707248001, 19.176410702005413 ], [ -96.092127758694872, 19.177245709598413 ], [ -96.09099472017418, 19.175329250154316 ] ] ] ] } },
{ "type": "Feature", "properties": { "name": "Yucatán" }, "geometry": { "type": "MultiPolygon", "coordinates": [ [ [ [ -89.837963880093767, 20.287175879608295 ], [ -90.004173680051409, 20.487021879443844 ], [ -90.041688450088728, 20.466451489404442 ], [ -90.067210651853614, 20.425225888641066 ], [ -90.131571250263391, 20.443077578688584 ], [ -90.186297570053668, 20.436932318407674 ], [ -90.184787900154092, 20.461046138489362 ], [ -90.234207990093978, 20.47046661875051 ], [ -90.229240970303607, 20.543562889300652 ], [ -90.335236109883468, 20.541312309351021 ], [ -90.335236110451717, 20.576347709137167 ], [ -90.341138110092544, 20.553701119012899 ], [ -90.386648780203089, 20.555585799565261 ], [ -90.379356999588566, 20.848327289026393 ], [ -90.406978697641549, 20.848668553653141 ], [ -90.363557348785605, 20.966428399168649 ], [ -90.312154697502109, 21.027597863372577 ], [ -90.094612320417639, 21.155552768973731 ], [ -89.996626340842141, 21.176243054115407 ], [ -89.845127539523986, 21.250811679670782 ], [ -89.666769128032968, 21.287506487460778 ], [ -89.681632134391549, 21.348954271579135 ], [ -89.664652775836117, 21.288733325406394 ], [ -89.645702826642946, 21.289550136940804 ], [ -88.8406222926249, 21.397873659588655 ], [ -88.6947392002469, 21.451073249815543 ], [ -88.606322852472204, 21.524817342748936 ], [ -88.397550969780539, 21.565389569360654 ], [ -88.269908370345433, 21.555657349002004 ], [ -88.188845586355441, 21.603747207721312 ], [ -88.192182939301034, 21.541215599098436 ], [ -88.188845586355399, 21.603747207721259 ], [ -88.136603748666047, 21.624802679463738 ], [ -87.957534569046757, 21.608798830150114 ], [ -87.746579398979762, 21.532594980670069 ], [ -87.534912909530107, 21.490222449321603 ], [ -87.533145279908453, 20.999602139307147 ], [ -87.744259480348191, 20.65378708997217 ], [ -87.962742050043872, 20.446706029574148 ], [ -87.995065450625219, 20.447316430628341 ], [ -87.992960030941006, 20.417992919686778 ], [ -88.136489600397724, 20.28137177969392 ], [ -88.264634200082483, 20.290342028969832 ], [ -88.266814949591762, 20.269120319241996 ], [ -88.308788430139629, 20.253510029489625 ], [ -88.409127742967058, 20.252097322166811 ], [ -88.402892003529345, 20.239488883378698 ], [ -88.443426183123066, 20.238149783695171 ], [ -88.519929952468644, 20.192328032741269 ], [ -88.502345249822639, 20.190077948961118 ], [ -88.507621199922411, 20.143391089452329 ], [ -88.576681550005375, 20.148078309129559 ], [ -88.690608909623606, 20.089856119248243 ], [ -88.700176170054021, 20.010356719734091 ], [ -88.783502579806296, 20.008180179783782 ], [ -88.816503290336357, 19.904473519810608 ], [ -88.829436720268632, 19.906014599611659 ], [ -88.825926339722159, 19.879925579105016 ], [ -88.880191540115106, 19.878124879614234 ], [ -88.879124830390168, 19.862393229694714 ], [ -88.900488020167629, 19.861114019713579 ], [ -88.911103970423895, 19.800937579350766 ], [ -88.929512460381943, 19.79094854914182 ], [ -88.945433749586783, 19.791946319417846 ], [ -88.943852140061182, 19.813442779159516 ], [ -88.974451769601643, 19.818100829714641 ], [ -88.999467969830917, 19.797994379779006 ], [ -89.004087429919466, 19.772007399411297 ], [ -89.0251629796673, 19.77670967899628 ], [ -89.048827059716757, 19.721493319730474 ], [ -88.994741279800209, 19.727439599480981 ], [ -88.997529380192844, 19.704883889624384 ], [ -89.030523629818646, 19.708831749132251 ], [ -89.03620045960821, 19.678039519766511 ], [ -89.123398519909799, 19.703424149106127 ], [ -89.133640600383458, 19.614632029080475 ], [ -89.108391679904088, 19.612338489642127 ], [ -89.109024460257103, 19.582349379699821 ], [ -89.149520650464993, 19.581249339120493 ], [ -89.144861689907827, 19.637398719201954 ], [ -89.189203140329312, 19.644005939852093 ], [ -89.190249629706273, 19.63331773938037 ], [ -89.222868740324515, 19.636656969571558 ], [ -89.219556570378145, 19.608022249214724 ], [ -89.296561820367671, 19.551174089179057 ], [ -89.412478519616371, 19.649376289027316 ], [ -89.448112989982405, 19.698353510192206 ], [ -89.468295480260963, 19.700161289528445 ], [ -89.491661820350174, 19.74222844957561 ], [ -89.47914943037388, 19.740645549644729 ], [ -89.475909460316558, 19.771220200698952 ], [ -89.525672369875537, 19.775554649278561 ], [ -89.587499749731109, 19.874420049400381 ], [ -89.586810339795448, 19.920460029176176 ], [ -89.604670078716339, 19.938284968858436 ], [ -89.598703889618804, 19.99819737898228 ], [ -89.748474169710349, 20.179269720177977 ], [ -89.793974780132558, 20.136171940952238 ], [ -89.802505279482034, 20.201605080339938 ], [ -89.846164908516755, 20.209686980249828 ], [ -89.840678168757833, 20.251027509510184 ], [ -89.875660689983633, 20.253101950184845 ], [ -89.872382309929392, 20.287628089765093 ], [ -89.837963880093767, 20.287175879608295 ] ], [ [ -89.476394902573261, 21.131655238928619 ], [ -89.474770030015875, 21.13112511964081 ], [ -89.476225059705783, 21.131601509073729 ], [ -89.476394902573261, 21.131655238928619 ] ], [ [ -89.47665860156539, 21.131625117263983 ], [ -89.477925749609398, 21.131165249584722 ], [ -89.478511307970948, 21.131205443192798 ], [ -89.47792574960944, 21.131165249584672 ], [ -89.47665860156539, 21.131625117263983 ] ], [ [ -89.479852689599241, 21.131297519500766 ], [ -89.480330887067566, 21.13098972903947 ], [ -89.479311831813206, 21.131260393195369 ], [ -89.479852689599241, 21.131297519500766 ] ], [ [ -89.486862866862992, 21.12920202415425 ], [ -89.484204309737308, 21.129393139147837 ], [ -89.485737250029359, 21.129139689509834 ], [ -89.486591, 21.129186969148837 ], [ -89.486862866862992, 21.12920202415425 ] ], [ [ -89.488731229893219, 21.126567739161324 ], [ -89.488731229893233, 21.126567739161349 ], [ -89.488760322209629, 21.126229094631693 ], [ -89.488731229893219, 21.126567739161324 ] ], [ [ -89.489328660454817, 21.124038508973992 ], [ -89.489328660454788, 21.124038508973989 ], [ -89.489229190041328, 21.124237480274754 ], [ -89.489328660454817, 21.124038508973992 ] ], [ [ -89.494637169993297, 21.125853399701974 ], [ -89.494637169993325, 21.125853399701999 ], [ -89.495423035159888, 21.124320946442481 ], [ -89.494637169993297, 21.125853399701974 ] ], [ [ -89.480385460174034, 21.036388999108581 ], [ -89.480331356652982, 21.036382800936391 ], [ -89.480366161663099, 21.036463388086162 ], [ -89.480385460174034, 21.036388999108581 ] ], [ [ -89.478087498356828, 21.036134635549612 ], [ -89.46548388899005, 21.034670139218857 ], [ -89.463702814987272, 21.03446167506706 ], [ -89.478087498356828, 21.036134635549612 ] ], [ [ -89.46004105956878, 21.03401459687597 ], [ -89.460020049724392, 21.034030629228585 ], [ -89.460020049724406, 21.034030629228589 ], [ -89.46004105956878, 21.03401459687597 ] ], [ [ -89.463540060332363, 21.032339519743516 ], [ -89.463804589750367, 21.032231188283554 ], [ -89.46279469509885, 21.032657117227615 ], [ -89.463540060332363, 21.032339519743516 ] ], [ [ -89.464359447946393, 21.031920464799637 ], [ -89.466283450189053, 21.030644460517667 ], [ -89.467658015838637, 21.029919502845313 ], [ -89.466283450189039, 21.030644460517639 ], [ -89.464359447946393, 21.031920464799637 ] ], [ [ -89.469319849992175, 21.028974089037604 ], [ -89.469323219904524, 21.028429509893996 ], [ -89.469030089789769, 21.029165743330342 ], [ -89.469319849992175, 21.028974089037604 ] ], [ [ -89.46552967944281, 21.028648650666852 ], [ -89.465529679442852, 21.028648650666803 ], [ -89.466009439844115, 21.025694695035877 ], [ -89.46552967944281, 21.028648650666852 ] ], [ [ -89.468090935663184, 21.022612795577043 ], [ -89.466489200245405, 21.022740739404906 ], [ -89.466489200245391, 21.022740739404952 ], [ -89.468090935663184, 21.022612795577043 ] ], [ [ -89.470204979727114, 21.02186362895555 ], [ -89.470204979727157, 21.021863628955487 ], [ -89.469934224773525, 21.021628864716064 ], [ -89.470204979727114, 21.02186362895555 ] ], [ [ -89.469929094191542, 21.021624458425407 ], [ -89.469557506640996, 21.020149224133799 ], [ -89.46946453938736, 21.020106949689474 ], [ -89.469523949294668, 21.020939169626207 ], [ -89.4696902204346, 21.021419569824669 ], [ -89.469929094191542, 21.021624458425407 ] ], [ [ -89.472213659013974, 21.020499969187235 ], [ -89.47221365901396, 21.020499969187227 ], [ -89.47201913811567, 21.020545625460841 ], [ -89.472213659013974, 21.020499969187235 ] ], [ [ -89.47452405997663, 21.020529679525527 ], [ -89.475031071501832, 21.020399443646649 ], [ -89.474250504408118, 21.020705047494268 ], [ -89.47452405997663, 21.020529679525527 ] ], [ [ -89.47580376913325, 21.01891243022899 ], [ -89.475803769133279, 21.01891243022899 ], [ -89.475966252852402, 21.018138285839008 ], [ -89.47580376913325, 21.01891243022899 ] ], [ [ -89.476348861407629, 21.016709595733818 ], [ -89.476261379812087, 21.016732170313269 ], [ -89.476261379812087, 21.016732170313279 ], [ -89.476348861407629, 21.016709595733818 ] ], [ [ -89.477755120229688, 21.016546109208541 ], [ -89.477755120229659, 21.016546109208502 ], [ -89.477381499957517, 21.016555276124745 ], [ -89.477755120229688, 21.016546109208541 ] ], [ [ -89.478429259367175, 21.017701229091802 ], [ -89.478673960079945, 21.018149407757946 ], [ -89.477875822681227, 21.01675292972077 ], [ -89.478429259367175, 21.017701229091802 ] ], [ [ -89.478730858651971, 21.018253619657564 ], [ -89.478757567215155, 21.018257610853187 ], [ -89.478730858651957, 21.01825361965755 ], [ -89.478730858651971, 21.018253619657564 ] ], [ [ -89.479238309129812, 21.019743970627484 ], [ -89.479238309129869, 21.019743970627481 ], [ -89.479301217060993, 21.019471805442404 ], [ -89.479238309129812, 21.019743970627484 ] ], [ [ -89.480341289646347, 21.019644580516402 ], [ -89.484236137357911, 21.019754139365368 ], [ -89.480058581989738, 21.019670055440912 ], [ -89.480341289646347, 21.019644580516402 ] ], [ [ -89.489264374378322, 21.017387330974966 ], [ -89.491057779017893, 21.013451079609425 ], [ -89.491092447960042, 21.013037080325859 ], [ -89.489315418815863, 21.0149230800846 ], [ -89.489264374378322, 21.017387330974966 ] ], [ [ -89.79692806026722, 21.139239779653117 ], [ -89.801199168912049, 21.149143338961181 ], [ -89.823322580283957, 21.200657309791314 ], [ -89.801199169875787, 21.14914333903824 ], [ -89.79692806026722, 21.139239779653117 ] ], [ [ -89.751653779073862, 21.071295369392026 ], [ -89.749838430435489, 21.082514719053904 ], [ -89.751653780036918, 21.071295369469365 ], [ -89.751653779073862, 21.071295369392026 ] ], [ [ -89.73841539904727, 21.049406459528385 ], [ -89.73823372040431, 21.060330309055107 ], [ -89.738415400014375, 21.049406459356863 ], [ -89.73841539904727, 21.049406459528385 ] ], [ [ -89.722193380334829, 21.052283479018232 ], [ -89.713059229850359, 21.050210739431048 ], [ -89.711489380282302, 21.042900939518837 ], [ -89.722193380334829, 21.052283479018232 ] ], [ [ -89.710131029753171, 21.036512110029655 ], [ -89.710131029471654, 21.036512109998835 ], [ -89.711489380282302, 21.042900939518837 ], [ -89.710131029753171, 21.036512110029655 ] ], [ [ -89.723527850285066, 21.033291079279483 ], [ -89.723455320076013, 21.032869349224097 ], [ -89.723675320437337, 21.037927538961434 ], [ -89.723527850285066, 21.033291079279483 ] ], [ [ -89.723516490200055, 21.03209249015169 ], [ -89.723516489218099, 21.032092490171337 ], [ -89.723455320076013, 21.032869349224097 ], [ -89.723516490200055, 21.03209249015169 ] ], [ [ -89.726611369817562, 21.029528179069985 ], [ -89.726611368854719, 21.029528178992454 ], [ -89.727198430095683, 21.03030056954891 ], [ -89.726611369817562, 21.029528179069985 ] ], [ [ -89.725816849593656, 21.025236309520174 ], [ -89.725760149620541, 21.026648019456076 ], [ -89.725818890401655, 21.025918769089593 ], [ -89.725817659888591, 21.025505289771235 ], [ -89.725816849593656, 21.025236309520174 ] ], [ [ -89.725869819597094, 21.024122549678204 ], [ -89.725958964506432, 21.023936896971357 ], [ -89.725816849593656, 21.025236309520174 ], [ -89.725869819597094, 21.024122549678204 ] ], [ [ -89.7313173597244, 21.015635026351944 ], [ -89.731317358761771, 21.015635026274317 ], [ -89.731285459412817, 21.015696879381931 ], [ -89.7313173597244, 21.015635026351944 ] ], [ [ -89.732701112056503, 21.012854648046034 ], [ -89.732701111093789, 21.012854647968588 ], [ -89.732459119389461, 21.013128520595085 ], [ -89.732701112056503, 21.012854648046034 ] ], [ [ -89.737477049838375, 21.009038429488406 ], [ -89.738706740176411, 21.008435399415411 ], [ -89.737990338598365, 21.008739858983823 ], [ -89.73747704887576, 21.009038429410975 ], [ -89.737236308585281, 21.009091803942486 ], [ -89.737477049838375, 21.009038429488406 ] ], [ [ -89.739248580469535, 21.007733179349444 ], [ -89.739565566799484, 21.007017428422369 ], [ -89.738706740176411, 21.008435399415411 ], [ -89.739248580469535, 21.007733179349444 ] ], [ [ -89.73966662978593, 21.00678922953993 ], [ -89.737589799582565, 21.006509779018263 ], [ -89.735686940040281, 21.005527169808758 ], [ -89.735427310385148, 21.005415289121633 ], [ -89.73966662978593, 21.00678922953993 ] ], [ [ -89.728242019731638, 20.986499430407743 ], [ -89.728250270741441, 20.986689159152803 ], [ -89.728242019855074, 20.986499430444578 ], [ -89.728242019731638, 20.986499430407743 ] ], [ [ -89.730275799396637, 20.986789660273054 ], [ -89.730209940238979, 20.987086689311681 ], [ -89.730275800209242, 20.986789660494754 ], [ -89.730275799396637, 20.986789660273054 ] ], [ [ -89.764571150415762, 20.99827225190165 ], [ -89.764340319002471, 20.999238798952888 ], [ -89.764340319807545, 20.999238799130609 ], [ -89.764571150415762, 20.99827225190165 ] ], [ [ -89.762977049988237, 20.994865539278369 ], [ -89.765271509574646, 20.99657145027053 ], [ -89.76527150988845, 20.99657144953871 ], [ -89.762977049988237, 20.994865539278369 ] ], [ [ -89.760642569639487, 20.996296019683715 ], [ -89.760642569557092, 20.996296020587671 ], [ -89.761448198988631, 20.996519048908738 ], [ -89.760642569639487, 20.996296019683715 ] ], [ [ -89.759990290204684, 20.996210919448391 ], [ -89.75999029012236, 20.996210920352336 ], [ -89.760179542114344, 20.996027584327255 ], [ -89.759990290204684, 20.996210919448391 ] ], [ [ -89.748973382356752, 20.970871447721198 ], [ -89.744567178517258, 20.980832049939703 ], [ -89.758596369176544, 20.99541977975213 ], [ -89.744567179562196, 20.980832049113175 ], [ -89.748973382356752, 20.970871447721198 ] ], [ [ -89.749000000516219, 20.95306458184837 ], [ -89.736481120287323, 20.953097689573305 ], [ -89.749248860758883, 20.953075122073081 ], [ -89.749000000516219, 20.95306458184837 ] ], [ [ -89.736427749997532, 20.952344521105807 ], [ -89.736427749868554, 20.952344521354295 ], [ -89.736481120287323, 20.953097689573305 ], [ -89.736427749997532, 20.952344521105807 ] ], [ [ -89.737050739278999, 20.951144289377091 ], [ -89.737790001405102, 20.949108228446427 ], [ -89.736601140725995, 20.952010471396065 ], [ -89.737050739278999, 20.951144289377091 ] ], [ [ -89.737877564115976, 20.948684138533604 ], [ -89.737877563153816, 20.948684138456073 ], [ -89.737854149949953, 20.948797545007494 ], [ -89.737877564115976, 20.948684138533604 ] ], [ [ -89.73788539658662, 20.948646195046393 ], [ -89.730786286794782, 20.946718400133136 ], [ -89.730672161360474, 20.946694987645728 ], [ -89.73788539658662, 20.948646195046393 ] ], [ [ -89.727286109224295, 20.9460003504235 ], [ -89.726641750779635, 20.945773059239663 ], [ -89.730672161360474, 20.946694987645728 ], [ -89.727286109224295, 20.9460003504235 ] ], [ [ -89.727602538578452, 20.940744474429298 ], [ -89.729276944284109, 20.934377761163066 ], [ -89.726658179964517, 20.944632219544808 ], [ -89.727602538578452, 20.940744474429298 ] ], [ [ -89.732319028133361, 20.923239339439384 ], [ -89.730275959424176, 20.930692662824192 ], [ -89.73231902909545, 20.923239339516858 ], [ -89.732319028133361, 20.923239339439384 ] ], [ [ -89.732127780414885, 20.92323143291766 ], [ -89.732127780332419, 20.923231433821524 ], [ -89.732243726795062, 20.923236226734488 ], [ -89.732127780414885, 20.92323143291766 ] ], [ [ -89.71046488712922, 20.924095729620973 ], [ -89.710464887046612, 20.924095730524872 ], [ -89.710683041547114, 20.924138398292225 ], [ -89.71046488712922, 20.924095729620973 ] ], [ [ -89.675648637204077, 20.879399066912278 ], [ -89.675447859541762, 20.881137166332913 ], [ -89.675649612681752, 20.879390624822221 ], [ -89.675648637204077, 20.879399066912278 ] ], [ [ -89.675708970674691, 20.879407487232836 ], [ -89.675708891464922, 20.879407463519424 ], [ -89.675693572078174, 20.87940294027992 ], [ -89.675708970674691, 20.879407487232836 ] ], [ [ -89.6793720782793, 20.880435619300929 ], [ -89.679388133022357, 20.880393517431877 ], [ -89.68005597038443, 20.878642137001279 ], [ -89.680061335933388, 20.878628072564556 ], [ -89.680055969422696, 20.878642136923489 ], [ -89.679375196809403, 20.880427437415449 ], [ -89.6793720782793, 20.880435619300929 ] ], [ [ -89.680074377958206, 20.878593871601417 ], [ -89.680170070055937, 20.87834292264689 ], [ -89.680061335933388, 20.878628072564556 ], [ -89.680074377958206, 20.878593871601417 ] ], [ [ -89.680248550813204, 20.878137109836157 ], [ -89.680198388622543, 20.878268657340499 ], [ -89.680170070055937, 20.87834292264689 ], [ -89.680248550813204, 20.878137109836157 ] ], [ [ -89.680239212234071, 20.87809706567235 ], [ -89.680242003350727, 20.878108995589031 ], [ -89.679623783652914, 20.875466158033095 ], [ -89.680239212234071, 20.87809706567235 ] ], [ [ -89.678779962141405, 20.871858801599156 ], [ -89.678779861359416, 20.8718583472738 ], [ -89.678853266802022, 20.872112368242878 ], [ -89.678779962141405, 20.871858801599156 ] ], [ [ -89.678306440240704, 20.869812695692545 ], [ -89.678306440157897, 20.869812696596441 ], [ -89.678306858126049, 20.869814478677103 ], [ -89.678306440240704, 20.869812695692545 ] ], [ [ -89.678228882084682, 20.868453940684368 ], [ -89.675930737972308, 20.859613472682458 ], [ -89.675355007938563, 20.859468486372965 ], [ -89.678228882084682, 20.868453940684368 ] ], [ [ -89.675355007938563, 20.859468486372965 ], [ -89.673766725150315, 20.859068512026855 ], [ -89.673220990495651, 20.85904453356164 ], [ -89.675355007938563, 20.859468486372965 ] ], [ [ -89.673054199417351, 20.859012953863196 ], [ -89.672977918584763, 20.858998510935152 ], [ -89.673220990495651, 20.85904453356164 ], [ -89.673054199417351, 20.859012953863196 ] ], [ [ -89.671119803835836, 20.858646694921788 ], [ -89.670660095684141, 20.860135619447227 ], [ -89.671144549730798, 20.858651381848578 ], [ -89.671119803835836, 20.858646694921788 ] ], [ [ -89.670644273015043, 20.860135648012061 ], [ -89.670648105829443, 20.860135641618257 ], [ -89.670660095684141, 20.860135619447227 ], [ -89.670644273015043, 20.860135648012061 ] ], [ [ -89.663977213090178, 20.86014763571648 ], [ -89.663478659948254, 20.86014852302414 ], [ -89.664570239061362, 20.860146580818483 ], [ -89.663977213090178, 20.86014763571648 ] ], [ [ -89.661646839828578, 20.860151765964552 ], [ -89.661646839745686, 20.860151766868334 ], [ -89.663354206092436, 20.86014874315525 ], [ -89.661646839828578, 20.860151765964552 ] ], [ [ -89.661619305340707, 20.860151814831763 ], [ -89.661446583235232, 20.860152116973602 ], [ -89.661442570075863, 20.860152124906545 ], [ -89.661522109598366, 20.860151987693136 ], [ -89.661619305340707, 20.860151814831763 ] ], [ [ -89.65974307436629, 20.859859022848912 ], [ -89.6601245566995, 20.85992481659251 ], [ -89.661442570075863, 20.860152124906545 ], [ -89.65974307436629, 20.859859022848912 ] ], [ [ -89.657646535421534, 20.859633925945296 ], [ -89.658050016068387, 20.859677249073137 ], [ -89.65974307436629, 20.859859022848912 ], [ -89.657646535421534, 20.859633925945296 ] ], [ [ -89.657109837074515, 20.859576301184418 ], [ -89.65716364019687, 20.859582078380082 ], [ -89.657646535421534, 20.859633925945296 ], [ -89.657109837074515, 20.859576301184418 ] ], [ [ -89.664588748904222, 20.845729770203157 ], [ -89.664588747859924, 20.84572977102901 ], [ -89.664386724376016, 20.846398202265888 ], [ -89.664588748904222, 20.845729770203157 ] ], [ [ -89.663560890343675, 20.842263659441212 ], [ -89.664738858420932, 20.843336752369151 ], [ -89.664294030744458, 20.842394780523207 ], [ -89.663560890343675, 20.842263659441212 ] ], [ [ -89.663560890343675, 20.842263659441212 ], [ -89.662541488385671, 20.841967510543682 ], [ -89.662912540914988, 20.84105162490377 ], [ -89.663560890343675, 20.842263659441212 ] ], [ [ -89.663171213351916, 20.838632247713186 ], [ -89.662838229319235, 20.840110062220333 ], [ -89.663171214276488, 20.838632247954735 ], [ -89.663171213351916, 20.838632247713186 ] ], [ [ -89.667063518991725, 20.841680062436414 ], [ -89.66706351890879, 20.841680063340213 ], [ -89.66725996964918, 20.84128951020184 ], [ -89.667063518991725, 20.841680062436414 ] ], [ [ -89.672200077391253, 20.839770878988872 ], [ -89.672127406392178, 20.839148014757306 ], [ -89.672085616162505, 20.840333009057705 ], [ -89.672200077391253, 20.839770878988872 ] ], [ [ -89.672127406392178, 20.839148014757306 ], [ -89.672025273233444, 20.838698817567408 ], [ -89.67199349331716, 20.838428686968665 ], [ -89.672127406392178, 20.839148014757306 ] ], [ [ -89.672195086626488, 20.837930429426621 ], [ -89.672195085665052, 20.837930429348738 ], [ -89.672060090389294, 20.838264087912407 ], [ -89.672195086626488, 20.837930429426621 ] ], [ [ -89.675213074467607, 20.829878691531952 ], [ -89.675213073423421, 20.829878692357855 ], [ -89.675178484319375, 20.829963567820698 ], [ -89.675213074467607, 20.829878691531952 ] ], [ [ -89.675927643694578, 20.827784074240444 ], [ -89.675927642979602, 20.827784074360597 ], [ -89.675685540581455, 20.828303064259689 ], [ -89.675927643694578, 20.827784074240444 ] ], [ [ -89.686694878255082, 20.825068427710558 ], [ -89.686694877293817, 20.825068427632818 ], [ -89.686653688903306, 20.825084500920681 ], [ -89.686694878255082, 20.825068427710558 ] ], [ [ -89.686792106589621, 20.825030483650934 ], [ -89.686815150084442, 20.825021489490716 ], [ -89.686769058285009, 20.825039477418692 ], [ -89.686792106589621, 20.825030483650934 ] ], [ [ -89.688851177582563, 20.824226904886817 ], [ -89.688851176621228, 20.824226904809002 ], [ -89.686893659688465, 20.824990849931577 ], [ -89.688851177582563, 20.824226904886817 ] ], [ [ -89.689618591974408, 20.823956312063491 ], [ -89.691493334839265, 20.823295249420759 ], [ -89.688851301998554, 20.824226857590315 ], [ -89.689618591974408, 20.823956312063491 ] ], [ [ -89.711125107764019, 20.816022800516134 ], [ -89.711125106802726, 20.816022800438546 ], [ -89.711032279950814, 20.822655769507328 ], [ -89.711125107764019, 20.816022800516134 ] ], [ [ -89.710111800080227, 20.812572149329526 ], [ -89.703155748397407, 20.809001491557229 ], [ -89.70220737141949, 20.808501336995096 ], [ -89.710111800080227, 20.812572149329526 ] ], [ [ -89.691139872441966, 20.811002320510379 ], [ -89.691811033486516, 20.811156435018933 ], [ -89.690888347644332, 20.810944563217653 ], [ -89.691139872441966, 20.811002320510379 ] ], [ [ -89.690841005264332, 20.810933693331265 ], [ -89.690841931982888, 20.810933904875995 ], [ -89.690830605915593, 20.810931315119458 ], [ -89.690841005264332, 20.810933693331265 ] ], [ [ -89.690748081632293, 20.810912443796983 ], [ -89.690761535157733, 20.81091552021536 ], [ -89.690714659363806, 20.810904800512077 ], [ -89.690748081632293, 20.810912443796983 ] ], [ [ -89.690522414377398, 20.81163535019337 ], [ -89.690522414294634, 20.811635351097184 ], [ -89.690523100386017, 20.811632743244438 ], [ -89.690522414377398, 20.81163535019337 ] ], [ [ -89.682251837627987, 20.817261558064704 ], [ -89.688448920034432, 20.819464032162013 ], [ -89.682251837923701, 20.817261557236577 ], [ -89.682251837627987, 20.817261558064704 ] ], [ [ -89.684250686964575, 20.811663787620589 ], [ -89.684204292215767, 20.811566393298964 ], [ -89.684250686744647, 20.811663788236508 ], [ -89.684250686964575, 20.811663787620589 ] ], [ [ -89.686960815814231, 20.802291273303894 ], [ -89.686566510737819, 20.804375097682978 ], [ -89.686960816735251, 20.802291273593948 ], [ -89.686960815814231, 20.802291273303894 ] ], [ [ -89.687963227540848, 20.797993661180545 ], [ -89.690834429667888, 20.786535420379696 ], [ -89.688826351523019, 20.802878779414797 ], [ -89.687963227540848, 20.797993661180545 ] ], [ [ -89.711683120672006, 20.790622781349278 ], [ -89.70907850986228, 20.780100914808479 ], [ -89.710113705176724, 20.800438700267041 ], [ -89.711683120672006, 20.790622781349278 ] ], [ [ -89.701632488111429, 20.774613087848206 ], [ -89.708870797633267, 20.777650472432907 ], [ -89.708299057390562, 20.774062786786001 ], [ -89.701632488111429, 20.774613087848206 ] ], [ [ -89.701632488111429, 20.774613087848206 ], [ -89.69560183034848, 20.777655558078489 ], [ -89.691941880922172, 20.778663481286582 ], [ -89.701632488111429, 20.774613087848206 ] ], [ [ -89.691941880922172, 20.778663481286582 ], [ -89.691629180041389, 20.775854553005921 ], [ -89.690973619663382, 20.774097539092523 ], [ -89.691941880922172, 20.778663481286582 ] ], [ [ -89.685171219185435, 20.772671918659061 ], [ -89.685171218224468, 20.772671918581306 ], [ -89.68532354787412, 20.774725197928106 ], [ -89.685171219185435, 20.772671918659061 ] ], [ [ -89.684626581330278, 20.76844768983451 ], [ -89.685196181284113, 20.772570540545523 ], [ -89.685196181417112, 20.772570540005379 ], [ -89.684626581330278, 20.76844768983451 ] ], [ [ -89.552862828942025, 21.091535651027172 ], [ -89.552250168595393, 21.096591340530864 ], [ -89.552562497522615, 21.094014042627432 ], [ -89.552862828942025, 21.091535651027172 ] ], [ [ -89.554258029057294, 21.087422978555153 ], [ -89.554258028010381, 21.087422979380349 ], [ -89.557458482027599, 21.088866616446705 ], [ -89.554258029057294, 21.087422978555153 ] ], [ [ -89.510093569771371, 21.031616540151365 ], [ -89.510040819214225, 21.03459748013298 ], [ -89.510074718319999, 21.032681870686968 ], [ -89.510093569771371, 21.031616540151365 ] ], [ [ -89.499701350049875, 21.036483539707717 ], [ -89.49970075883364, 21.036483523538521 ], [ -89.499701349965719, 21.036483540611567 ], [ -89.499701350049875, 21.036483539707717 ] ], [ [ -89.483153092926798, 20.960050344072862 ], [ -89.48315024917467, 20.960078459031575 ], [ -89.48334413182171, 20.958161723174928 ], [ -89.483153092926798, 20.960050344072862 ] ], [ [ -89.483406944473685, 20.960100207779345 ], [ -89.483768048998201, 20.960115303546957 ], [ -89.484224617951099, 20.960134389101754 ], [ -89.483406944473685, 20.960100207779345 ] ], [ [ -89.484311666917847, 20.960138027973645 ], [ -89.484792325759855, 20.960158118503568 ], [ -89.485599193020732, 20.960191841161894 ], [ -89.484311666917847, 20.960138027973645 ] ], [ [ -89.485694604535098, 20.960195828896406 ], [ -89.485727570572053, 20.96019720626915 ], [ -89.485638148787885, 20.960193469398433 ], [ -89.485694604535098, 20.960195828896406 ] ], [ [ -89.576206172234777, 20.740945282624185 ], [ -89.576300095244761, 20.740109326807982 ], [ -89.576305295891345, 20.740063035730369 ], [ -89.576206172234777, 20.740945282624185 ] ], [ [ -89.579622000360956, 20.743015351038618 ], [ -89.579614572016567, 20.743015880694312 ], [ -89.579132096544797, 20.743050289586975 ], [ -89.579622000360956, 20.743015351038618 ] ], [ [ -89.580071649825285, 20.742983279842331 ], [ -89.579649397831147, 20.743013396554378 ], [ -89.579622000360956, 20.743015351038618 ], [ -89.580071649825285, 20.742983279842331 ] ], [ [ -89.566066090045439, 20.814014199130046 ], [ -89.566136569622444, 20.81368868467424 ], [ -89.566066089194493, 20.814014199060157 ], [ -89.566066090045439, 20.814014199130046 ] ], [ [ -89.578403909627738, 20.830022650485343 ], [ -89.585024118834099, 20.83870867749544 ], [ -89.578403910450831, 20.83002264936934 ], [ -89.578403909627738, 20.830022650485343 ] ], [ [ -89.561626969204525, 20.840405420089386 ], [ -89.561660620426082, 20.840409579259074 ], [ -89.561626970249506, 20.840405419264233 ], [ -89.561593319949182, 20.840401229202193 ], [ -89.561626969204525, 20.840405420089386 ] ], [ [ -89.538082650269004, 20.837478419111498 ], [ -89.538082650678348, 20.837478420117286 ], [ -89.561593318987804, 20.840401229123646 ], [ -89.538082650269004, 20.837478419111498 ] ], [ [ -89.596690890514438, 20.896611844802511 ], [ -89.596690890431105, 20.896611845706211 ], [ -89.596691783796743, 20.896611636208736 ], [ -89.596690890514438, 20.896611844802511 ] ], [ [ -89.599733366550993, 20.900282201633889 ], [ -89.599574406653304, 20.899454259979855 ], [ -89.599736307798921, 20.900297527229672 ], [ -89.599733366550993, 20.900282201633889 ] ], [ [ -89.599909477444669, 20.901145434997442 ], [ -89.599912218697966, 20.901158852974234 ], [ -89.599736307798921, 20.900297527229672 ], [ -89.599909477444669, 20.901145434997442 ] ], [ [ -89.601163849623134, 20.907588438560772 ], [ -89.601163848661372, 20.907588438482446 ], [ -89.601182039831784, 20.907687267741338 ], [ -89.601163849623134, 20.907588438560772 ] ], [ [ -89.602351622614933, 20.913747109731073 ], [ -89.602240168061542, 20.913176864935195 ], [ -89.602368064531149, 20.913831231540378 ], [ -89.602351622614933, 20.913747109731073 ] ], [ [ -89.602938571026797, 20.916793610996145 ], [ -89.602923999809647, 20.916715657889135 ], [ -89.602958899336599, 20.916902382755989 ], [ -89.602938571026797, 20.916793610996145 ] ], [ [ -89.603331987811572, 20.918579148299532 ], [ -89.603267571129592, 20.918369431141642 ], [ -89.603332664357907, 20.918581354197599 ], [ -89.603331987811572, 20.918579148299532 ] ], [ [ -89.567654520702703, 20.953788195084243 ], [ -89.567654519740529, 20.953788195005725 ], [ -89.567604502247789, 20.954114603214133 ], [ -89.567654520702703, 20.953788195084243 ] ], [ [ -89.567261227355885, 20.955455328722888 ], [ -89.567261226393683, 20.955455328644344 ], [ -89.567255169223031, 20.955495262861504 ], [ -89.567261227355885, 20.955455328722888 ] ], [ [ -89.567096391597829, 20.957557210232761 ], [ -89.567096412507766, 20.957557068055429 ], [ -89.567036176328571, 20.957933186891065 ], [ -89.567096391597829, 20.957557210232761 ] ], [ [ -89.567004405323686, 20.958146789907385 ], [ -89.567004424393076, 20.9581466466691 ], [ -89.566985612839119, 20.958273119800701 ], [ -89.567004405323686, 20.958146789907385 ] ], [ [ -89.566869483031468, 20.95905389365841 ], [ -89.566869502101127, 20.959053750420043 ], [ -89.566832983493825, 20.959299269511646 ], [ -89.566869483031468, 20.95905389365841 ] ], [ [ -89.566746067670792, 20.959806957320108 ], [ -89.566746066708475, 20.959806957241604 ], [ -89.566705705793893, 20.960042687355546 ], [ -89.566746067670792, 20.959806957320108 ] ], [ [ -89.566595504806898, 20.960866636200119 ], [ -89.566595527558732, 20.960866495083565 ], [ -89.566569094533108, 20.961015469805705 ], [ -89.566595504806898, 20.960866636200119 ] ], [ [ -89.56617166131376, 20.963727138269171 ], [ -89.566171679422538, 20.963726994951998 ], [ -89.5660843117479, 20.964340701243188 ], [ -89.56617166131376, 20.963727138269171 ] ], [ [ -89.565863185622888, 20.96578382522063 ], [ -89.565863184660614, 20.9657838251421 ], [ -89.565844196280423, 20.965913646653462 ], [ -89.565863185622888, 20.96578382522063 ] ], [ [ -89.565489672814977, 20.968301337812512 ], [ -89.565489692766036, 20.968301195555842 ], [ -89.565485769198787, 20.96832651689968 ], [ -89.565489672814977, 20.968301337812512 ] ], [ [ -89.56537652498433, 20.969059396233984 ], [ -89.565376544056988, 20.969059252994857 ], [ -89.56525439156367, 20.969886471384431 ], [ -89.56537652498433, 20.969059396233984 ] ], [ [ -89.565228900667194, 20.970059113896745 ], [ -89.56522889970482, 20.970059113818134 ], [ -89.56508522594288, 20.971032055003199 ], [ -89.565228900667194, 20.970059113896745 ] ], [ [ -89.565085205990968, 20.971032197260104 ], [ -89.564938085152718, 20.972028466369924 ], [ -89.56508522594288, 20.971032055003199 ], [ -89.565085205990968, 20.971032197260104 ] ], [ [ -89.564938059639047, 20.972028653220342 ], [ -89.564938058676645, 20.972028653141784 ], [ -89.564926019466384, 20.972110174732723 ], [ -89.564938059639047, 20.972028653220342 ] ], [ [ -89.564793648537616, 20.973034053758031 ], [ -89.564793669410292, 20.973033901558786 ], [ -89.564653719596123, 20.974010642282771 ], [ -89.564793648537616, 20.973034053758031 ] ], [ [ -89.56465369398272, 20.974010837635777 ], [ -89.564653693020404, 20.974010837557117 ], [ -89.564651512205103, 20.974026062696282 ], [ -89.56465369398272, 20.974010837635777 ] ], [ [ -89.564588811448374, 20.974999651429194 ], [ -89.564588810486129, 20.974999651350664 ], [ -89.564448397231615, 20.9759797180002 ], [ -89.564588811448374, 20.974999651429194 ] ], [ [ -89.563546952846053, 20.981669233867258 ], [ -89.563546971043593, 20.981669089644775 ], [ -89.563546872941345, 20.981669782856049 ], [ -89.563546952846053, 20.981669233867258 ] ], [ [ -89.522788036739072, 21.124672108116126 ], [ -89.522788036823144, 21.124672107212128 ], [ -89.521496080898871, 21.115948777897867 ], [ -89.522788036739072, 21.124672108116126 ] ], [ [ -88.500410171644319, 21.512286751090656 ], [ -88.50041017164429, 21.512286751090631 ], [ -88.482184509557996, 21.509193519327251 ], [ -88.500410171644319, 21.512286751090656 ] ], [ [ -88.468115110305831, 21.511065649591149 ], [ -88.449400620088085, 21.509041278986818 ], [ -88.447868660020518, 21.521798249392575 ], [ -88.411434689950042, 21.517996849078912 ], [ -88.447868660020532, 21.521798249392589 ], [ -88.449400620088113, 21.509041278986842 ], [ -88.46811511030586, 21.511065649591199 ], [ -88.469616709660954, 21.498706519683878 ], [ -88.469612450130967, 21.495820089092891 ], [ -88.480610290197504, 21.499920719812199 ], [ -88.469612450130924, 21.495820089092856 ], [ -88.468115110305831, 21.511065649591149 ] ], [ [ -88.457269719942161, 21.484927138920884 ], [ -88.456961540012415, 21.478720509439761 ], [ -88.456961540012372, 21.478720509439761 ], [ -88.457269719942161, 21.484927138920884 ] ], [ [ -88.469750029946468, 21.458393489669888 ], [ -88.466878000257452, 21.458012779433638 ], [ -88.469750029946468, 21.458393489669895 ], [ -88.469750029946468, 21.458393489669888 ] ], [ [ -88.468999480118796, 21.43413393895705 ], [ -88.468999480118796, 21.434133938957025 ], [ -88.468561093152445, 21.433478481587301 ], [ -88.468999480118796, 21.43413393895705 ] ], [ [ -88.456786949688819, 21.434804619618777 ], [ -88.441582920143205, 21.442439229019801 ], [ -88.433363049605973, 21.441571229475599 ], [ -88.441582920143219, 21.442439229019826 ], [ -88.454640050373214, 21.44348634963556 ], [ -88.457421419516763, 21.444104709707329 ], [ -88.458370629694144, 21.443808349358772 ], [ -88.456786949688833, 21.434804619618827 ], [ -88.467981279968896, 21.432611569809811 ], [ -88.456786949688819, 21.434804619618777 ] ], [ [ -88.406610489676169, 21.430486049356709 ], [ -88.372953519974686, 21.438610689475084 ], [ -88.393386059816763, 21.442070719571074 ], [ -88.404601630256309, 21.443429109658645 ], [ -88.406610489676183, 21.430486049356723 ], [ -88.424494849837743, 21.431127659144948 ], [ -88.434906320291518, 21.429393278997658 ], [ -88.406610489676169, 21.430486049356709 ] ], [ [ -88.365827909974882, 21.43048877969111 ], [ -88.348789709929704, 21.433580309278565 ], [ -88.373913950168031, 21.431714139302827 ], [ -88.365827909974882, 21.43048877969111 ] ], [ [ -88.344596659919532, 21.42982433961491 ], [ -88.348542709806779, 21.432685748889892 ], [ -88.3416715567258, 21.428003590771144 ], [ -88.344596659919532, 21.42982433961491 ] ], [ [ -88.341230179917147, 21.427765628914724 ], [ -88.34137344956099, 21.433228969251708 ], [ -88.341251399848431, 21.430194249618545 ], [ -88.341025919957076, 21.428311939284143 ], [ -88.341230179917147, 21.427765628914724 ] ], [ [ -88.339234090185187, 21.437678278970058 ], [ -88.342135259898683, 21.438085919708211 ], [ -88.341865339621364, 21.435979849672854 ], [ -88.342005709504306, 21.435493169547367 ], [ -88.342080199916069, 21.435023289069854 ], [ -88.342001200185109, 21.434771318725918 ], [ -88.339234090185187, 21.437678278970058 ] ], [ [ -88.329806029758643, 21.432278199166603 ], [ -88.287977819977698, 21.425778279688362 ], [ -88.277814029838211, 21.426496649483905 ], [ -88.311587079517466, 21.433538849642687 ], [ -88.329580080323254, 21.434401289294257 ], [ -88.329806029758672, 21.432278199166642 ], [ -88.337177089589716, 21.433939459208762 ], [ -88.329806029758643, 21.432278199166603 ] ], [ [ -88.265802399984864, 21.414855718971747 ], [ -88.270045600318014, 21.415040089770514 ], [ -88.275438630320849, 21.415177079116702 ], [ -88.278799264589153, 21.415385210105235 ], [ -88.275438630320821, 21.415177079116649 ], [ -88.265802399984835, 21.414855718971722 ], [ -88.263583479982671, 21.414579949004526 ], [ -88.265802399984864, 21.414855718971747 ] ], [ [ -88.257863380470155, 21.390213229506969 ], [ -88.237178939727855, 21.38795754943018 ], [ -88.226409710014593, 21.387003489019683 ], [ -88.22106915023295, 21.386573019596195 ], [ -88.215652348633228, 21.385982516381869 ], [ -88.221069150232978, 21.386573019596259 ], [ -88.237178939727883, 21.387957549430205 ], [ -88.257863380470155, 21.390213229506969 ] ], [ [ -88.214828398559362, 21.385892678882129 ], [ -88.211792060470486, 21.385420088955485 ], [ -88.212863110201184, 21.385678378970116 ], [ -88.214828398559362, 21.385892678882129 ] ], [ [ -88.203216720399951, 21.406891779547273 ], [ -88.202480629815057, 21.413414539227666 ], [ -88.201522370310144, 21.422097859104667 ], [ -88.20151349039547, 21.422464879620353 ], [ -88.191719289816206, 21.423549939290169 ], [ -88.191963090122869, 21.431384249534254 ], [ -88.173065939589662, 21.429656168892336 ], [ -88.165894372847958, 21.434371079072079 ], [ -88.191963090122911, 21.431384249534382 ], [ -88.201513490395499, 21.422464879620367 ], [ -88.203216720399979, 21.406891779547315 ], [ -88.206842570268265, 21.407325399743101 ], [ -88.207226660036852, 21.403755889476034 ], [ -88.207614549919199, 21.400150948939693 ], [ -88.208304059492733, 21.393328949710799 ], [ -88.206842570268222, 21.407325399743037 ], [ -88.203216720399951, 21.406891779547273 ] ], [ [ -88.165522029797572, 21.434333878889912 ], [ -88.163671290452982, 21.450182908954883 ], [ -88.163425569538404, 21.452393479376337 ], [ -88.165316739639991, 21.436416449196134 ], [ -88.165522029797572, 21.434333878889912 ] ], [ [ -88.192092799544355, 21.541205769758761 ], [ -88.19210403307541, 21.541206994725371 ], [ -88.191898125517, 21.541184546343427 ], [ -88.192092799544355, 21.541205769758761 ] ], [ [ -88.190530339907568, 21.541035429984809 ], [ -88.19006776867765, 21.539406138794732 ], [ -88.190067768677636, 21.539406138794718 ], [ -88.190530339907568, 21.541035429984809 ] ], [ [ -88.187582659340521, 21.537500089392687 ], [ -88.188352518640116, 21.5380025831453 ], [ -88.187382209894523, 21.537340750951884 ], [ -88.187582659340521, 21.537500089392687 ] ], [ [ -88.183073850225696, 21.531743750561116 ], [ -88.183747508580197, 21.53352411031101 ], [ -88.183398180334322, 21.532593850014393 ], [ -88.183073850225696, 21.531743750561116 ] ], [ [ -88.184646949566442, 21.527024599235094 ], [ -88.182415648493034, 21.503126850272707 ], [ -88.183400620423555, 21.493492569617828 ], [ -88.185405490138095, 21.484181659353094 ], [ -88.185568799074204, 21.480225420536193 ], [ -88.187296549780612, 21.48040005985575 ], [ -88.194555319251577, 21.481109779018777 ], [ -88.197617259607881, 21.481382909097007 ], [ -88.200059978632609, 21.481633689043555 ], [ -88.204625386631449, 21.482053499394819 ], [ -88.185568799074176, 21.480225420536168 ], [ -88.183400620423512, 21.4934925696178 ], [ -88.181733418765191, 21.509747888912209 ], [ -88.1846469495664, 21.527024599235055 ], [ -88.180271939261161, 21.526584230542277 ], [ -88.18077535000333, 21.527925230481063 ], [ -88.181528448600076, 21.529123200479891 ], [ -88.181873718919761, 21.530208649579254 ], [ -88.18222336398388, 21.530648917751869 ], [ -88.184646949566442, 21.527024599235094 ] ], [ [ -88.204964954691135, 21.482085089165693 ], [ -88.208500218768791, 21.46187362965069 ], [ -88.208926199507232, 21.456176919960789 ], [ -88.204964954691135, 21.482085089165693 ] ] ], [ [ [ -92.222400001501484, 20.912899980472186 ], [ -92.238900001413541, 20.898499980675293 ], [ -92.245300001190998, 20.901799980449368 ], [ -92.222400001501484, 20.912899980472186 ] ] ], [ [ [ -92.200700000817008, 20.934599981299801 ], [ -92.213000001362616, 20.913499980608265 ], [ -92.215700000803892, 20.913899980661569 ], [ -92.200700000817008, 20.934599981299801 ] ] ], [ [ [ -92.201500000757889, 20.924799980686505 ], [ -92.200300001310097, 20.924199980563348 ], [ -92.201100001456652, 20.924099980712462 ], [ -92.201500000757889, 20.924799980686505 ] ] ], [ [ [ -92.199600001550721, 20.926199980985761 ], [ -92.197000001131869, 20.928499980601661 ], [ -92.199600000686644, 20.925599980601884 ], [ -92.199600001550721, 20.926199980985761 ] ] ], [ [ [ -92.29800000122313, 20.987499978349291 ], [ -92.313700001106383, 20.97269997751836 ], [ -92.3242000009988, 20.974199977463922 ], [ -92.312300001215789, 20.980399977698717 ], [ -92.323900001411687, 20.984599977047186 ], [ -92.29800000122313, 20.987499978349291 ] ] ], [ [ [ -92.08080000140319, 21.837799983837431 ], [ -92.079900001642969, 21.840099983952435 ], [ -92.078900001712185, 21.838199983730192 ], [ -92.08080000140319, 21.837799983837431 ] ] ], [ [ [ -91.387500000708471, 22.111599994666932 ], [ -91.385900000798813, 22.111499994223969 ], [ -91.387200000733415, 22.11059999406034 ], [ -91.387500000708471, 22.111599994666932 ] ] ], [ [ [ -91.380300001124297, 22.116499994454042 ], [ -91.38360000029671, 22.116999994622898 ], [ -91.380500000278829, 22.117099994760995 ], [ -91.380300001124297, 22.116499994454042 ] ] ], [ [ [ -91.409200000201935, 22.119099993913732 ], [ -91.407300001032965, 22.117799993867706 ], [ -91.408700000682344, 22.117499994454356 ], [ -91.409200000201935, 22.119099993913732 ] ] ], [ [ [ -91.405000001146533, 22.118899993942161 ], [ -91.405600000579355, 22.117799994374234 ], [ -91.405900001071018, 22.119199994412114 ], [ -91.405000001146533, 22.118899993942161 ] ] ], [ [ [ -91.389400001014153, 22.122199994360951 ], [ -91.3887000006427, 22.123399994494179 ], [ -91.388100001103979, 22.122299993979613 ], [ -91.389400001014153, 22.122199994360951 ] ] ], [ [ [ -89.755546288382959, 22.484164103496543 ], [ -89.738666590119536, 22.440218239186159 ], [ -89.759253668155992, 22.470188225362637 ], [ -89.755546288382959, 22.484164103496543 ] ] ], [ [ [ -89.744766551714733, 22.472062050554342 ], [ -89.742336974097256, 22.475906665014744 ], [ -89.740151712622747, 22.4721767497084 ], [ -89.744766551714733, 22.472062050554342 ] ] ], [ [ [ -89.751621420116635, 22.486348981577716 ], [ -89.748111459850222, 22.484321888131532 ], [ -89.751148461924586, 22.484443006828094 ], [ -89.751621420116635, 22.486348981577716 ] ] ], [ [ [ -89.753919472679698, 22.490268480014102 ], [ -89.749771656208196, 22.494458712122327 ], [ -89.749537729795264, 22.491366359652311 ], [ -89.753919472679698, 22.490268480014102 ] ] ], [ [ [ -89.774051732143846, 22.512090854417625 ], [ -89.758610326902144, 22.479962325259265 ], [ -89.784489964528589, 22.505457952548923 ], [ -89.774051732143846, 22.512090854417625 ] ] ], [ [ [ -89.757801770482018, 22.508955658880407 ], [ -89.760927895928617, 22.50601748344749 ], [ -89.76117742368541, 22.508645413579078 ], [ -89.757801770482018, 22.508955658880407 ] ] ], [ [ [ -89.743505680400474, 22.522985799206591 ], [ -89.747362898427355, 22.50647748508376 ], [ -89.750508903087862, 22.506125093940057 ], [ -89.743505680400474, 22.522985799206591 ] ] ], [ [ [ -89.753288585100165, 22.518667293241723 ], [ -89.750702563999766, 22.520824183240297 ], [ -89.75027699961386, 22.519247427885393 ], [ -89.753288585100165, 22.518667293241723 ] ] ], [ [ [ -89.751985334496695, 22.528436617826891 ], [ -89.749086424843313, 22.52413180196562 ], [ -89.750500970515901, 22.523424655569301 ], [ -89.751985334496695, 22.528436617826891 ] ] ], [ [ [ -89.762320025483518, 22.561685036338435 ], [ -89.76298106367841, 22.561024007288896 ], [ -89.763443620165958, 22.562676724153775 ], [ -89.762320025483518, 22.561685036338435 ] ] ], [ [ [ -89.764178593095664, 22.562754565769676 ], [ -89.776275242760164, 22.560706397088769 ], [ -89.778059697057159, 22.562623724371338 ], [ -89.774952821887311, 22.563813294563619 ], [ -89.764178593095664, 22.562754565769676 ] ] ], [ [ [ -89.778232633129534, 22.560906269698624 ], [ -89.780743599067947, 22.565864632055082 ], [ -89.780280808474231, 22.566657860925588 ], [ -89.778232633129534, 22.560906269698624 ] ] ], [ [ [ -89.775440686727421, 22.565048254707754 ], [ -89.777555401145861, 22.567560583949167 ], [ -89.776629901248128, 22.568750402949139 ], [ -89.775440686727421, 22.565048254707754 ] ] ], [ [ [ -89.773481232871447, 22.566844456116439 ], [ -89.775265260003692, 22.570744992561764 ], [ -89.774868435644521, 22.572662056347994 ], [ -89.773481232871447, 22.566844456116439 ] ] ], [ [ [ -89.751042957634638, 22.578360164360802 ], [ -89.755695183470081, 22.577369132707965 ], [ -89.752567653683883, 22.582403064498695 ], [ -89.751042957634638, 22.578360164360802 ] ] ], [ [ [ -89.75582672687338, 22.581576318111427 ], [ -89.75964740929065, 22.575303099748552 ], [ -89.760260186873751, 22.581639302024971 ], [ -89.75582672687338, 22.581576318111427 ] ] ], [ [ [ -89.764237617439235, 22.576928735090092 ], [ -89.764257219149371, 22.580944260877676 ], [ -89.762169698465115, 22.580778457004694 ], [ -89.764237617439235, 22.576928735090092 ] ] ], [ [ [ -89.664317131845522, 22.370673925349561 ], [ -89.662810316921806, 22.368585836352313 ], [ -89.663596752590223, 22.368378896944765 ], [ -89.664317131845522, 22.370673925349561 ] ] ], [ [ [ -89.668499782729967, 22.368251303607899 ], [ -89.666984424989806, 22.372855044237948 ], [ -89.665057335458883, 22.371832625293401 ], [ -89.668499782729967, 22.368251303607899 ] ] ], [ [ [ -89.67495869314385, 22.381465123203114 ], [ -89.679285099961362, 22.378135186353212 ], [ -89.680152637515519, 22.380314132127392 ], [ -89.67495869314385, 22.381465123203114 ] ] ], [ [ [ -89.667395548629116, 22.379270599651672 ], [ -89.667996256981212, 22.380620608490005 ], [ -89.666928834981931, 22.380390385420725 ], [ -89.667395548629116, 22.379270599651672 ] ] ], [ [ [ -89.680026018223145, 22.383711284056719 ], [ -89.679120142802503, 22.382156080437504 ], [ -89.68198547860456, 22.380214643740103 ], [ -89.680026018223145, 22.383711284056719 ] ] ], [ [ [ -89.680095542632671, 22.389375737827589 ], [ -89.677722890237263, 22.388402198226167 ], [ -89.678284039532286, 22.387241729752851 ], [ -89.680095542632671, 22.389375737827589 ] ] ], [ [ [ -89.674523889954187, 22.390472388725541 ], [ -89.675588808743072, 22.388351792549948 ], [ -89.67616366574714, 22.38942244556711 ], [ -89.674523889954187, 22.390472388725541 ] ] ], [ [ [ -89.726227401795526, 22.428474996562802 ], [ -89.729286509226114, 22.424548312132782 ], [ -89.729452967759883, 22.427334977638218 ], [ -89.726227401795526, 22.428474996562802 ] ] ], [ [ [ -89.720025451777829, 22.428623231392528 ], [ -89.719742068507202, 22.427479602043832 ], [ -89.720919167174372, 22.42779049928809 ], [ -89.720025451777829, 22.428623231392528 ] ] ], [ [ [ -89.731862122697351, 22.435786156246028 ], [ -89.732199377720761, 22.424819927843796 ], [ -89.737844888546064, 22.435587942825642 ], [ -89.731862122697351, 22.435786156246028 ] ] ], [ [ [ -89.720231734499905, 22.430518760027716 ], [ -89.717041285537704, 22.432072241502627 ], [ -89.7161552564489, 22.430434505288261 ], [ -89.720231734499905, 22.430518760027716 ] ] ], [ [ [ -89.72747885807253, 22.433576213927648 ], [ -89.72826385385099, 22.43271307301438 ], [ -89.728503875882296, 22.433484375069398 ], [ -89.72747885807253, 22.433576213927648 ] ] ], [ [ [ -89.739590294317011, 22.433011322974476 ], [ -89.741366755548057, 22.439059198418871 ], [ -89.735497111222145, 22.439435330285939 ], [ -89.739590294317011, 22.433011322974476 ] ] ], [ [ [ -89.732154571404109, 22.438528603764045 ], [ -89.731521619269685, 22.440835887522457 ], [ -89.730676977693236, 22.43936548254656 ], [ -89.732154571404109, 22.438528603764045 ] ] ], [ [ [ -89.725969702267065, 22.443201854274339 ], [ -89.729370403937367, 22.440073820576298 ], [ -89.729397814054877, 22.443149750340019 ], [ -89.725969702267065, 22.443201854274339 ] ] ], [ [ [ -89.725489918002012, 22.443763877042436 ], [ -89.723168300584078, 22.445314474490171 ], [ -89.723080210977514, 22.443571678446148 ], [ -89.725489918002012, 22.443763877042436 ] ] ], [ [ [ -89.681596182195577, 22.563765186245234 ], [ -89.619136654302807, 22.495457282657426 ], [ -89.608586331110075, 22.440795693604027 ], [ -89.630787899869105, 22.385108886825783 ], [ -89.660210007108773, 22.365446693783124 ], [ -89.661276029792162, 22.37121112858615 ], [ -89.65115638974811, 22.376339777655911 ], [ -89.647138636861115, 22.388204128424235 ], [ -89.662913210843556, 22.372571077877939 ], [ -89.658687279061567, 22.39009358690981 ], [ -89.687158695949989, 22.397618969251699 ], [ -89.679789933254952, 22.386642030262681 ], [ -89.692914599376778, 22.381440795286878 ], [ -89.702152126585105, 22.408445059948694 ], [ -89.729861774637129, 22.42097308508464 ], [ -89.689671059893556, 22.416032117216897 ], [ -89.701601966679732, 22.432464732511338 ], [ -89.729116767455238, 22.436743512627537 ], [ -89.712609011704544, 22.454082651489546 ], [ -89.729579814673315, 22.458287245304366 ], [ -89.714334761785949, 22.464953677810108 ], [ -89.731633877984663, 22.468867124198322 ], [ -89.73255367308856, 22.486089234194797 ], [ -89.705260589403565, 22.495034000416041 ], [ -89.715910300120498, 22.531414184962969 ], [ -89.727637420267115, 22.521608913584082 ], [ -89.732059473061796, 22.537378435765412 ], [ -89.753293048061863, 22.547139507300599 ], [ -89.743644011325898, 22.523999743805103 ], [ -89.756432262859164, 22.539392241303993 ], [ -89.760587653304384, 22.520193126808785 ], [ -89.789689368325298, 22.503988601400042 ], [ -89.795642420205994, 22.528690708811965 ], [ -89.777330932543904, 22.558458709821139 ], [ -89.761638999528742, 22.559744117819548 ], [ -89.748721989863981, 22.567675140282226 ], [ -89.74856584357336, 22.585951488465284 ], [ -89.681596182195577, 22.563765186245234 ] ] ], [ [ [ -89.732922738205872, 22.502449654395164 ], [ -89.730206427276116, 22.490275627585369 ], [ -89.735952805783825, 22.501382885562212 ], [ -89.732922738205872, 22.502449654395164 ] ] ], [ [ [ -89.720226068437768, 22.510695151866567 ], [ -89.715807032475084, 22.506708067525889 ], [ -89.720159027807597, 22.506994931455576 ], [ -89.720226068437768, 22.510695151866567 ] ] ], [ [ [ -89.737785645651087, 22.511656209494198 ], [ -89.73690067154854, 22.507186020469018 ], [ -89.739286739572748, 22.508955103411957 ], [ -89.737785645651087, 22.511656209494198 ] ] ], [ [ [ -89.734541499962177, 22.514150474268607 ], [ -89.731300139997373, 22.518906750195008 ], [ -89.73117088333683, 22.512435473100872 ], [ -89.734541499962177, 22.514150474268607 ] ] ], [ [ [ -89.742580077022183, 22.532280860289546 ], [ -89.737008102254364, 22.52165161976631 ], [ -89.740272282627018, 22.522484082018551 ], [ -89.742580077022183, 22.532280860289546 ] ] ], [ [ [ -89.739357708121503, 22.531804621048206 ], [ -89.73855905493636, 22.529209688999146 ], [ -89.740494866662686, 22.53002677155439 ], [ -89.739357708121503, 22.531804621048206 ] ] ], [ [ [ -89.738935284447095, 22.536453989845388 ], [ -89.742476695219068, 22.534988048041907 ], [ -89.743019731819274, 22.538948824322148 ], [ -89.738935284447095, 22.536453989845388 ] ] ], [ [ [ -89.735706353849565, 22.538834170831162 ], [ -89.740288525033236, 22.538114116791284 ], [ -89.741112302325547, 22.541000334373472 ], [ -89.735706353849565, 22.538834170831162 ] ] ], [ [ [ -88.284871915430003, 21.564356595330846 ], [ -88.283772295001938, 21.56307400344064 ], [ -88.285272713003877, 21.562800296330259 ], [ -88.284871915430003, 21.564356595330846 ] ] ] ] } },
{ "type": "Feature", "properties": { "name": "Zacatecas" }, "geometry": { "type": "Polygon", "coordinates": [ [ [ -103.051320309949745, 21.262565109239528 ], [ -103.084306349988722, 21.194059489747008 ], [ -103.071375859936424, 21.152933749075867 ], [ -103.09861505990591, 21.131171519277242 ], [ -103.075790400431501, 21.096888889180498 ], [ -103.056475369741761, 21.09931974970532 ], [ -103.074638649721393, 21.074308249020721 ], [ -103.123323150007195, 21.066803909115762 ], [ -103.129305480010814, 21.053277849223171 ], [ -103.18836733971267, 21.070659719230175 ], [ -103.209601650304961, 21.094220599585761 ], [ -103.258234620269207, 21.083066429596762 ], [ -103.27573077040249, 21.051446649646348 ], [ -103.296558309623734, 21.064838419370542 ], [ -103.338862199647636, 21.041869399120635 ], [ -103.385507449586655, 21.067390429654161 ], [ -103.428582400335657, 21.146723819295705 ], [ -103.504051540066058, 21.127738680444736 ], [ -103.510964050232715, 21.146222150455436 ], [ -103.531464799775392, 21.141977510365216 ], [ -103.554447260402995, 21.116579799402498 ], [ -103.590441030129341, 21.127522060639048 ], [ -103.618634259758778, 21.188778620365937 ], [ -103.667324049571349, 21.216048549718749 ], [ -103.640195879553048, 21.222072419190638 ], [ -103.633993349852986, 21.282291849436614 ], [ -103.666680509673512, 21.290465109815568 ], [ -103.713647740209012, 21.266687429812563 ], [ -103.722141149978469, 21.283942339092512 ], [ -103.705084549778491, 21.325497718957951 ], [ -103.677403820183912, 21.319910948966481 ], [ -103.616945090011171, 21.353409649492839 ], [ -103.578452379946782, 21.330234289363162 ], [ -103.567630019940765, 21.352215859499662 ], [ -103.509964020301027, 21.3548928792267 ], [ -103.503920249999766, 21.376837019274589 ], [ -103.538700260464637, 21.444770919550891 ], [ -103.575883649635131, 21.436153978962249 ], [ -103.595311649825504, 21.390906229098249 ], [ -103.626525369887972, 21.434482059725639 ], [ -103.660789769643529, 21.441583569806884 ], [ -103.658743250005642, 21.463697659558353 ], [ -103.701464720017, 21.466265909679322 ], [ -103.672578249832796, 21.505454739747353 ], [ -103.694487000012217, 21.528886879575797 ], [ -103.687053679774039, 21.55603550926682 ], [ -103.658316450370492, 21.555906539707038 ], [ -103.64487827987918, 21.576454179548943 ], [ -103.619004689728939, 21.556863679144826 ], [ -103.592918320158432, 21.55922591979866 ], [ -103.590496570352371, 21.589794679629073 ], [ -103.558891830111293, 21.576404089725056 ], [ -103.545222179585707, 21.587638909009979 ], [ -103.555491740115997, 21.63408350914623 ], [ -103.50847354956386, 21.739735049053436 ], [ -103.57262725974158, 21.803489829540837 ], [ -103.526057650157895, 21.805065249734387 ], [ -103.531425290428189, 21.817838569534064 ], [ -103.502817449779755, 21.833074709258867 ], [ -103.470529970477642, 21.813540259320867 ], [ -103.472356539689542, 21.836003878911768 ], [ -103.455357309519115, 21.832795909198694 ], [ -103.413870089812008, 21.905455399211061 ], [ -103.394338879759459, 21.896694569469656 ], [ -103.344079999577474, 21.913471949549411 ], [ -103.34135087961306, 21.940403139333579 ], [ -103.278561019924439, 21.989650148933137 ], [ -103.264715349666943, 21.971844978899462 ], [ -103.205567920411141, 21.965194378947679 ], [ -103.191812259932206, 21.974449799677945 ], [ -103.201661770339854, 21.998568119318556 ], [ -103.111192510405274, 22.014619259043943 ], [ -103.107908620278863, 22.063395779598014 ], [ -103.154285319954639, 22.072236819695597 ], [ -103.152783750115361, 22.087622049183274 ], [ -103.101700340363635, 22.101797999590538 ], [ -103.077024739960265, 22.125504419526081 ], [ -103.108798379786251, 22.1443409092597 ], [ -103.106058769585289, 22.19135602897126 ], [ -103.054770170396708, 22.213826859240644 ], [ -103.055455180023586, 22.247256319324503 ], [ -103.100987720003985, 22.2939748596804 ], [ -103.190573820053913, 22.298527019748906 ], [ -103.20191645044217, 22.280304418972968 ], [ -103.222435540002323, 22.282579429157675 ], [ -103.208232599700992, 22.333081198999512 ], [ -103.168589920403932, 22.354615659234302 ], [ -103.16857768957415, 22.385012799079 ], [ -103.198770880171068, 22.380601229710809 ], [ -103.213412739986722, 22.410073249764693 ], [ -103.232120570024776, 22.393393859761993 ], [ -103.284489619977279, 22.414362909565398 ], [ -103.300501580074197, 22.392990119228319 ], [ -103.314584630071195, 22.404908219528647 ], [ -103.364716680152981, 22.369535629091342 ], [ -103.362553199645163, 22.336353999531831 ], [ -103.342955280455826, 22.335122369370296 ], [ -103.363756479708755, 22.314483169193714 ], [ -103.350092739979942, 22.307456549311258 ], [ -103.355688110192119, 22.27979924939056 ], [ -103.327705819877522, 22.307360369112569 ], [ -103.306882740282489, 22.306283058980416 ], [ -103.297790339901368, 22.298337258885169 ], [ -103.313938219650268, 22.258710749606802 ], [ -103.295104429623777, 22.253285279516572 ], [ -103.311934170403575, 22.233256979728441 ], [ -103.337696779694625, 22.245163678914786 ], [ -103.383026310350573, 22.227013419508541 ], [ -103.38565692033049, 22.212528599376764 ], [ -103.408959630270616, 22.215364909036197 ], [ -103.41723121954071, 22.190476089792075 ], [ -103.434124680268454, 22.190760539740307 ], [ -103.41968574036747, 22.177482849260151 ], [ -103.425933800012174, 22.139424649611499 ], [ -103.459182860083587, 22.105879979044957 ], [ -103.511790859959603, 22.107514479719757 ], [ -103.514550969865368, 22.12910856895984 ], [ -103.542736569744221, 22.120612118916018 ], [ -103.559232979870174, 22.136609379333919 ], [ -103.6047045699937, 22.097941578925216 ], [ -103.683847319803476, 22.109205228913989 ], [ -103.690292980422626, 22.1300932794164 ], [ -103.654473650352529, 22.171936219225774 ], [ -103.630896399923472, 22.238917969214228 ], [ -103.59490324962006, 22.273078348980022 ], [ -103.637788090209511, 22.295233109596968 ], [ -103.642111480441415, 22.340873349737517 ], [ -103.604802350402608, 22.340142308926215 ], [ -103.594019739889916, 22.407214939755043 ], [ -103.559193709707145, 22.4284275490647 ], [ -103.60275867987103, 22.556791539512865 ], [ -103.661010509527259, 22.547144379413265 ], [ -103.738451660231604, 22.57196399971075 ], [ -103.773854879703308, 22.546405739480086 ], [ -103.811151720433102, 22.376745229173725 ], [ -103.845434229930248, 22.342757489296552 ], [ -103.828619820455359, 22.286612889110284 ], [ -103.862935999592722, 22.166882429038079 ], [ -103.917875570243382, 22.261970449340538 ], [ -103.91014941959051, 22.283327849461681 ], [ -103.926124250449234, 22.332072819550252 ], [ -103.866929379652589, 22.409380628969064 ], [ -103.894699999970342, 22.438163859559509 ], [ -103.876098350264527, 22.441183909109036 ], [ -103.885368570435588, 22.473525089545838 ], [ -103.863985319807611, 22.491443419066623 ], [ -103.875186379805712, 22.521575879175739 ], [ -103.851797980192401, 22.553620079759419 ], [ -103.860720569767409, 22.567618859784385 ], [ -103.760961829915473, 22.625614029720683 ], [ -103.751986219887002, 22.711645308895257 ], [ -103.774673620297449, 22.733868909039156 ], [ -103.898327629796057, 22.728277309541472 ], [ -103.910018219853072, 22.750143739516762 ], [ -104.012999309627901, 22.747625979746019 ], [ -104.055911509838651, 22.723978199539808 ], [ -104.059164220117466, 22.692063659574469 ], [ -104.073622739865655, 22.696953109429373 ], [ -104.015508879910954, 22.668910659673163 ], [ -104.033294319552368, 22.634109229458939 ], [ -104.027005630144885, 22.613178149219838 ], [ -103.986221979860986, 22.590901739214207 ], [ -104.000838980165724, 22.566775119722266 ], [ -103.972332120448655, 22.545113629753509 ], [ -104.00557083032956, 22.536600278988171 ], [ -103.934411109790815, 22.499922139015723 ], [ -103.929392680392098, 22.4760985695352 ], [ -103.960570110223301, 22.433179149190579 ], [ -104.005906289985418, 22.408683689313182 ], [ -104.01513379959033, 22.364812889057145 ], [ -104.048752820193002, 22.376444619595755 ], [ -104.097345459707697, 22.357824399022515 ], [ -104.094894889801523, 22.376306419762678 ], [ -104.075390949537123, 22.383130739402567 ], [ -104.051574709892563, 22.466747769053399 ], [ -104.081879979859195, 22.533556399579748 ], [ -104.120796249856241, 22.517048629711113 ], [ -104.113508919544728, 22.496609859216139 ], [ -104.150407140325683, 22.516275909311979 ], [ -104.190229980067826, 22.507611518896507 ], [ -104.214828000429435, 22.484161489533204 ], [ -104.185729540428767, 22.471412709069917 ], [ -104.195100280314421, 22.44763147891803 ], [ -104.167486779636945, 22.445150488885712 ], [ -104.178855779548471, 22.427432489773185 ], [ -104.16738577981944, 22.387356229114676 ], [ -104.207868650139275, 22.422207798908378 ], [ -104.225723599640915, 22.419337779700182 ], [ -104.258339370364055, 22.38465830940153 ], [ -104.254742519827417, 22.34878941918118 ], [ -104.273760019820273, 22.342769399652099 ], [ -104.3516612798349, 22.389192829551693 ], [ -104.351771020178433, 22.407758339245873 ], [ -104.296125820423228, 22.472989079452752 ], [ -104.325824169868099, 22.537396659106541 ], [ -104.261407479705454, 22.586202849682543 ], [ -104.283287890323805, 22.621703249176964 ], [ -104.269274940016075, 22.635821109091832 ], [ -104.289965880337945, 22.645609568978301 ], [ -104.266344399863655, 22.736539369625891 ], [ -104.232074649971267, 22.753103938996052 ], [ -104.221038709512442, 22.779420148923023 ], [ -104.182180850474538, 22.758268109334907 ], [ -104.080475230042083, 22.766616819329467 ], [ -104.095227179526049, 22.805838849510931 ], [ -104.111484799679587, 22.810310859657708 ], [ -104.112644350393367, 22.905118029597187 ], [ -104.132994020170557, 22.904958549737202 ], [ -104.166592889840615, 22.945220719676051 ], [ -104.172132399621958, 23.128407679098338 ], [ -104.12902261954801, 23.182214219400848 ], [ -104.111214600162057, 23.351205489754513 ], [ -104.065977089685219, 23.46349327891626 ], [ -103.925313419795472, 23.556982679529558 ], [ -103.921468600069076, 23.589175339687813 ], [ -103.890086919801007, 23.579827579019739 ], [ -103.906867310206309, 23.601870949037043 ], [ -103.882522379716221, 23.592270579240459 ], [ -103.877429018990085, 23.628969940836861 ], [ -103.849178509130368, 23.64008171111017 ], [ -103.811301939480543, 23.613648800814236 ], [ -103.793541779509439, 23.630855061097439 ], [ -103.785103509403044, 23.67656489078653 ], [ -103.85108053877849, 23.679599230694109 ], [ -103.84101461871748, 23.701242891041339 ], [ -103.862362338983246, 23.752638380971145 ], [ -103.816066979147166, 23.807650321239237 ], [ -103.853112348670237, 23.874615551019254 ], [ -103.818359829415797, 23.964908601008318 ], [ -103.838799288948948, 23.964824350845813 ], [ -103.872386579143196, 24.007021721003831 ], [ -103.84782597860476, 24.003236151150041 ], [ -103.843128848865348, 24.026967121150165 ], [ -103.813274118650412, 24.021973581443238 ], [ -103.799770339483047, 24.050564460918078 ], [ -103.660361549840516, 24.149326289373626 ], [ -103.635969539767871, 24.11029337950135 ], [ -103.622006679961089, 24.117464689694685 ], [ -103.559536350448454, 24.193788859131704 ], [ -103.568349939650105, 24.286371259448455 ], [ -103.506755420411238, 24.287964049060179 ], [ -103.484062630467122, 24.31834093893081 ], [ -103.448340049688653, 24.332600459006564 ], [ -103.419332399669656, 24.430488089079962 ], [ -103.282645480178417, 24.428837029095913 ], [ -103.253531780487165, 24.447253799036798 ], [ -103.222833539806459, 24.41710276899142 ], [ -103.165258919661682, 24.435198429476976 ], [ -103.098527279826968, 24.401626599174826 ], [ -103.087514649863522, 24.436027049655412 ], [ -103.075080970442414, 24.422624579540269 ], [ -103.04315022000084, 24.466500859248221 ], [ -102.983572799667371, 24.433257149452491 ], [ -102.967440169525347, 24.457703629068085 ], [ -102.900106510263967, 24.428500478859007 ], [ -102.891890950210922, 24.461118119455438 ], [ -102.831735619779849, 24.384691909561276 ], [ -102.788852400037683, 24.406248479200165 ], [ -102.756654320219567, 24.376982999557768 ], [ -102.699904399587098, 24.373971849325951 ], [ -102.60659277038738, 24.411168819498684 ], [ -102.533931419860252, 24.407722109197973 ], [ -102.520146309526751, 24.423932139718342 ], [ -102.480267279722824, 24.428013879500206 ], [ -102.512182309976794, 24.709721109153584 ], [ -102.566235780072958, 24.90222074956424 ], [ -102.673061569738223, 24.942752079564332 ], [ -102.672984450057101, 24.978818249414736 ], [ -102.64295554976988, 24.978648169335351 ], [ -102.628884830408396, 25.00832165907995 ], [ -102.669693980027802, 25.066636489497782 ], [ -102.446763450357338, 24.999515419439245 ], [ -102.463325199592958, 25.115916149284811 ], [ -102.237622199940503, 25.118462379065093 ], [ -101.848809999625985, 25.017623619046329 ], [ -101.773462949681317, 24.875535119500046 ], [ -101.685149490195784, 24.840012659013123 ], [ -101.656331769545844, 24.860793169711606 ], [ -101.601260629551305, 24.835563199194301 ], [ -101.60901163038919, 24.789664139329233 ], [ -101.640767230487327, 24.80070353924441 ], [ -101.622269710484915, 24.758983079305164 ], [ -101.461639348887658, 24.73675681953403 ], [ -101.402157060380532, 24.788222429813917 ], [ -101.342141569600699, 24.813352510316381 ], [ -101.201725599703039, 24.765488320447588 ], [ -101.127619600213009, 24.623361770051318 ], [ -101.080495140167059, 24.591185309082309 ], [ -100.95879259879618, 24.542684060003925 ], [ -100.90223377972255, 24.583917740220691 ], [ -100.847805648862689, 24.555618600170408 ], [ -100.799934119799474, 24.556186079189978 ], [ -100.742324290458399, 24.460435459389331 ], [ -100.850383079932215, 24.343538539460905 ], [ -100.945285980234047, 24.28119588938138 ], [ -101.006674630106488, 24.335834779566731 ], [ -101.009868279774523, 24.385117368948801 ], [ -100.987327049792739, 24.432519318921472 ], [ -101.012688679637478, 24.390819139352413 ], [ -101.065401519825215, 24.207021109055294 ], [ -101.216746380118281, 24.159731909168475 ], [ -101.192504950261196, 23.918559139660672 ], [ -101.775122450188888, 23.447629348966416 ], [ -102.011943830367187, 23.372748549438949 ], [ -102.122532459867315, 23.353860089102298 ], [ -102.168799120069764, 23.361025649259304 ], [ -102.168614970090374, 23.39890751893676 ], [ -102.191342260418551, 23.401387919372144 ], [ -102.193615220040328, 23.447599109537659 ], [ -102.238150310263535, 23.44690142949419 ], [ -102.253611480088225, 23.364955889168563 ], [ -102.296038419876382, 23.320501288989675 ], [ -102.26953366007119, 23.279912878985648 ], [ -102.231596849920081, 23.315116349329276 ], [ -102.244672119552092, 23.276768749365466 ], [ -102.285825480287599, 23.273320139441946 ], [ -102.289368980486259, 23.231690939739764 ], [ -102.239457709622812, 23.209493289096347 ], [ -102.240974029651213, 23.169380429412413 ], [ -102.214154630253205, 23.131319859109805 ], [ -102.260050970474495, 23.045915509707434 ], [ -102.238081650070029, 23.047643879180377 ], [ -102.192131770466432, 22.864902059503297 ], [ -102.12489687957013, 22.782952198895941 ], [ -101.939756029915827, 22.645725488924555 ], [ -101.853284229865494, 22.656025109635632 ], [ -101.872957709512534, 22.563073348925474 ], [ -101.819891520370476, 22.551294708977821 ], [ -101.837141050090736, 22.499692139031293 ], [ -101.799275710446778, 22.47055945971498 ], [ -101.783360739683729, 22.465033828960905 ], [ -101.77153528968617, 22.48816331924267 ], [ -101.73536074995009, 22.480214949682303 ], [ -101.746175079593783, 22.50869325935091 ], [ -101.696018490362562, 22.520422109478648 ], [ -101.659906459790193, 22.505320399778348 ], [ -101.590083150484261, 22.589035749267303 ], [ -101.595287320135853, 22.624072489440206 ], [ -101.573821020310817, 22.612816109085198 ], [ -101.567397999915585, 22.656776319446525 ], [ -101.497003599679019, 22.701541019556423 ], [ -101.490964539368235, 22.742877349674373 ], [ -101.411077078756804, 22.747680689751316 ], [ -101.349233919744464, 22.711779289084014 ], [ -101.380018250224509, 22.675834919404014 ], [ -101.359376089694393, 22.653532939556953 ], [ -101.336936969629491, 22.658756049346017 ], [ -101.305709080287372, 22.6099303096616 ], [ -101.285726380031832, 22.507855649114596 ], [ -101.31372633975343, 22.453490169766855 ], [ -101.374785749985506, 22.456458369552706 ], [ -101.381910550194362, 22.357485079107409 ], [ -101.432972350437765, 22.363276739083052 ], [ -101.435125419763551, 22.341533979497285 ], [ -101.391434950373196, 22.299901879512902 ], [ -101.416258920262109, 22.267345539274487 ], [ -101.376803820359115, 22.261655829395764 ], [ -101.324253149525958, 22.209893459584588 ], [ -101.351305939553455, 22.176759659408948 ], [ -101.327744979795909, 22.14411205942282 ], [ -101.354239739745324, 22.071735289275356 ], [ -101.346587279738017, 22.049690079733399 ], [ -101.377078369619042, 22.044962139267962 ], [ -101.369738319924366, 22.027517249240059 ], [ -101.382755370211967, 22.020737909777271 ], [ -101.365692290339609, 22.018548428991284 ], [ -101.351675000256435, 22.043789149680759 ], [ -101.330900750338316, 22.035315179296099 ], [ -101.327942490224487, 22.016468459743539 ], [ -101.34857244993384, 22.028071119272521 ], [ -101.352439290259809, 22.01308157896861 ], [ -101.327484630317869, 21.997026449132708 ], [ -101.373365719581017, 21.990249349423369 ], [ -101.429172859964609, 21.934361139316273 ], [ -101.410227619589577, 21.908693539167224 ], [ -101.434595920337557, 21.897065058908012 ], [ -101.441802859565257, 21.909337829335751 ], [ -101.440674830464403, 21.892716229209768 ], [ -101.483196229728591, 21.86768077951357 ], [ -101.503515280341119, 21.830123979199218 ], [ -101.496331250039233, 21.809939659133558 ], [ -101.510541749843185, 21.799058488955747 ], [ -101.522044090428537, 21.818023049413835 ], [ -101.537011980090995, 21.81046204952759 ], [ -101.565963549749171, 21.842033338921851 ], [ -101.569806279526901, 21.917080739329368 ], [ -101.595848860052882, 21.909962619599977 ], [ -101.61671189019782, 21.929447969684073 ], [ -101.650695690091368, 21.907675399198368 ], [ -101.659141090343653, 21.941594889778866 ], [ -101.746629819613688, 22.012064628917472 ], [ -101.777633080434654, 22.007301749504631 ], [ -101.80143614954828, 22.030996199688975 ], [ -101.815673050106767, 22.019983089708987 ], [ -101.861669819706904, 22.028883830040659 ], [ -101.855191540299444, 22.046511170204685 ], [ -102.025915180378547, 22.129770999302412 ], [ -102.017075489952447, 22.153961278973419 ], [ -102.045221309642997, 22.153733229768847 ], [ -102.000993079911936, 22.168110549299485 ], [ -101.999716080136054, 22.233656028900366 ], [ -102.022494578578431, 22.241585489964063 ], [ -102.037269649895038, 22.298975679399863 ], [ -102.051213579582608, 22.291213029780689 ], [ -102.075627049820142, 22.30607277923173 ], [ -102.105249860302067, 22.280792829116162 ], [ -102.153230479828451, 22.290410218960709 ], [ -102.149847479719782, 22.347175059429688 ], [ -102.253200709573463, 22.3744945090491 ], [ -102.2502993702157, 22.387221709705241 ], [ -102.290076399527777, 22.419917949080414 ], [ -102.29830685001501, 22.459589679648889 ], [ -102.311804800071172, 22.456915819048341 ], [ -102.321364720163743, 22.388532649485963 ], [ -102.362877079474544, 22.388747280372115 ], [ -102.378442819159616, 22.360878579892475 ], [ -102.468641949622352, 22.351881479056743 ], [ -102.470201630007665, 22.309210198947977 ], [ -102.527039339592946, 22.290899029687367 ], [ -102.668742849645383, 22.291871049050282 ], [ -102.670017049684589, 22.245702429174539 ], [ -102.639298939736989, 22.226039179499818 ], [ -102.651595980395754, 22.19314022917284 ], [ -102.669310080160045, 22.194023579303309 ], [ -102.6908652300325, 22.106555029374448 ], [ -102.755805709546905, 22.073662078942167 ], [ -102.874176579655327, 21.852770998948309 ], [ -102.847314750283047, 21.83340921896863 ], [ -102.853345060011563, 21.799053148969385 ], [ -102.831262150098183, 21.797248579608084 ], [ -102.816916259560315, 21.766475368994037 ], [ -102.745299939556304, 21.720052309548482 ], [ -102.766492139897593, 21.686928279457572 ], [ -102.805278970427125, 21.671282399459759 ], [ -102.773405110362603, 21.658306079746215 ], [ -102.783614689548628, 21.646693369295878 ], [ -102.764741339976879, 21.596064579510418 ], [ -102.695100739606318, 21.57291282974149 ], [ -102.696410170159382, 21.54303033972058 ], [ -102.630734319569314, 21.533983339642131 ], [ -102.642166850294032, 21.518721348955662 ], [ -102.6248415099152, 21.501411489389266 ], [ -102.649067249525615, 21.474196579638718 ], [ -102.636129859899299, 21.462907819212312 ], [ -102.655006860068909, 21.44664951951124 ], [ -102.659669459541064, 21.410877018938177 ], [ -102.63814061969893, 21.393236519099617 ], [ -102.642594889726837, 21.36720059949803 ], [ -102.69505531982648, 21.340744458985942 ], [ -102.729128060294954, 21.387355539049956 ], [ -102.727959770366624, 21.357087799549245 ], [ -102.75776542978457, 21.339186179170188 ], [ -102.755280879656453, 21.323158599382207 ], [ -102.771817719864615, 21.316005879045786 ], [ -102.788916019781809, 21.329507399607717 ], [ -102.798499369595092, 21.306913779111813 ], [ -102.811963779626581, 21.323716819016884 ], [ -102.8151590301471, 21.294668998990435 ], [ -102.848777540007305, 21.293176288923231 ], [ -102.844829450055258, 21.277326849299477 ], [ -102.876573659571733, 21.236634019456062 ], [ -102.903028659962189, 21.235185999552517 ], [ -102.910652170459528, 21.205234659414664 ], [ -102.947811200081503, 21.214601119359145 ], [ -102.946293920053847, 21.234443449294339 ], [ -102.979048860250188, 21.239731079032783 ], [ -102.995261969666331, 21.259094219025961 ], [ -103.017013539832135, 21.241048539750572 ], [ -103.051320309949745, 21.262565109239528 ] ] ] } }
]
}
